version,episode,step,dist,prev_dist,prev_pot,speed,tau1,tau2,collided,settled,success,shaping_weight,collision_penalty,vel_weight,time_cost,goal_focus,max_torque,reward
v1_sparse,0,1,1.8023797450807917,1.8017785072621708,-1.8017785072621708,0.21294897189318918,-7.698416665902247,0.3076795872180677,0,0,0,10.0,20.0,0.1,0.03,0.0,8.0,0.0
v1_sparse,0,2,1.8038540193058465,1.8023797450807917,-1.8017785072621708,0.18501695769417506,3.556278220208284,0.7325721291151347,0,0,0,10.0,20.0,0.1,0.03,0.0,8.0,0.0
v1_sparse,0,3,1.8105242046491414,1.8038540193058465,-1.8017785072621708,0.781137800986163,4.1459706783519925,8.0,0,0,0,10.0,20.0,0.1,0.03,0.0,8.0,0.0
v1_sparse,0,4,1.825378909442806,1.8105242046491414,-1.8017785072621708,1.3444775461885854,-7.0983521311891264,4.538270278300128,0,0,0,10.0,20.0,0.1,0.03,0.0,8.0,0.0
v1_sparse,0,5,1.8449716057707382,1.825378909442806,-1.8017785072621708,1.690656984656432,-7.997450195126229,1.6499739909728623,0,0,0,10.0,20.0,0.1,0.03,0.0,8.0,0.0
v1_sparse,0,6,1.8702574358304374,1.8449716057707382,-1.8017785072621708,2.3515383427009198,-2.459729804567317,6.354042992105146,0,0,0,10.0,20.0,0.1,0.03,0.0,8.0,0.0
v1_sparse,0,7,1.9015396814849734,1.8702574358304374,-1.8017785072621708,2.728287667423928,-4.129344929208112,2.4935673552881283,0,0,0,10.0,20.0,0.1,0.03,0.0,8.0,0.0
v1_sparse,0,8,1.9294767596072504,1.9015396814849734,-1.8017785072621708,2.131655264642733,-6.072689844237705,-8.0,0,0,0,10.0,20.0,0.1,0.03,0.0,8.0,0.0
v1_sparse,0,9,1.9574391292416926,1.9294767596072504,-1.8017785072621708,2.9265560817285996,2.0867229599602752,8.0,0,0,0,10.0,20.0,0.1,0.03,0.0,8.0,0.0
v1_sparse,0,10,1.9866598815382561,1.9574391292416926,-1.8017785072621708,2.36000598344596,2.4966439499304967,-4.810395810021313,0,0,0,10.0,20.0,0.1,0.03,0.0,8.0,0.0
v1_sparse,0,11,2.0142582410347942,1.9866598815382561,-1.8017785072621708,2.7670238457763303,1.2880585938822515,3.682438562304461,0,0,0,10.0,20.0,0.1,0.03,0.0,8.0,0.0
v1_sparse,0,12,2.039165523605461,2.0142582410347942,-1.8017785072621708,1.926958359026208,5.718105728575955,-5.555571875025351,0,0,0,10.0,20.0,0.1,0.03,0.0,8.0,0.0
v1_sparse,0,13,2.0597879887029498,2.039165523605461,-1.8017785072621708,2.025578072025615,3.3421410972266035,1.686641691802222,0,0,0,10.0,20.0,0.1,0.03,0.0,8.0,0.0
v1_sparse,0,14,2.0808726660172447,2.0597879887029498,-1.8017785072621708,2.0538244533534953,-0.15559239845403655,0.06327157976995067,0,0,0,10.0,20.0,0.1,0.03,0.0,8.0,0.0
v1_sparse,0,15,2.099779832935239,2.0808726660172447,-1.8017785072621708,1.7962742639142557,-3.260399854536541,-2.9785537321283004,0,0,0,10.0,20.0,0.1,0.03,0.0,8.0,0.0
v1_sparse,0,16,2.116551259440595,2.099779832935239,-1.8017785072621708,1.7050547241320704,6.3898282395260635,1.2424248612848379,0,0,0,10.0,20.0,0.1,0.03,0.0,8.0,0.0
v1_sparse,0,17,2.1272703847794263,2.116551259440595,-1.8017785072621708,0.6548818595807239,-2.311122802174115,-8.0,0,0,0,10.0,20.0,0.1,0.03,0.0,8.0,0.0
v1_sparse,0,18,2.130812174542236,2.1272703847794263,-1.8017785072621708,0.49076911968706144,-4.207506115535933,-2.426443811936932,0,0,0,10.0,20.0,0.1,0.03,0.0,8.0,0.0
v1_sparse,0,19,2.1290377758448384,2.130812174542236,-1.8017785072621708,0.26202712731610234,-6.159020015762976,-6.3855764399010315,0,0,0,10.0,20.0,0.1,0.03,0.0,8.0,0.0
v1_sparse,0,20,2.1217986163113665,2.1290377758448384,-1.8017785072621708,0.5542295836313358,3.9647644050197535,-1.1866320708480547,0,0,0,10.0,20.0,0.1,0.03,0.0,8.0,0.0
v1_sparse,0,21,2.1093837161846842,2.1217986163113665,-1.8017785072621708,1.1125394417175547,-8.0,-6.408733757302516,0,0,0,10.0,20.0,0.1,0.03,0.0,8.0,0.0
v1_sparse,0,22,2.097567161826659,2.1093837161846842,-1.8017785072621708,0.3358817529952039,-1.438266669953434,5.351073112856299,0,0,0,10.0,20.0,0.1,0.03,0.0,8.0,0.0
v1_sparse,0,23,2.096863144084487,2.097567161826659,-1.8017785072621708,1.1748994631638805,-7.23076246355598,7.6325379623118454,0,0,0,10.0,20.0,0.1,0.03,0.0,8.0,0.0
v1_sparse,0,24,2.097123886633326,2.096863144084487,-1.8017785072621708,0.31528945082682147,-2.339160848106734,-8.0,0,0,0,10.0,20.0,0.1,0.03,0.0,8.0,0.0
v1_sparse,0,25,2.0965152088989196,2.097123886633326,-1.8017785072621708,1.0208434421058568,2.462833029837876,6.898041207305775,0,0,0,10.0,20.0,0.1,0.03,0.0,8.0,0.0
v1_sparse,0,26,2.103270066903507,2.0965152088989196,-1.8017785072621708,1.514549423838284,-1.0646597241910178,3.1143192077965507,0,0,0,10.0,20.0,0.1,0.03,0.0,8.0,0.0
v1_sparse,0,27,2.1125303237151485,2.103270066903507,-1.8017785072621708,1.5799338883442404,-1.5258777341059588,-0.052695624874220706,0,0,0,10.0,20.0,0.1,0.03,0.0,8.0,0.0
v1_sparse,0,28,2.1238365587083163,2.1125303237151485,-1.8017785072621708,1.8613777659396347,7.993999218489088,4.299774884435536,0,0,0,10.0,20.0,0.1,0.03,0.0,8.0,0.0
v1_sparse,0,29,2.1439684828363808,2.1238365587083163,-1.8017785072621708,3.481520837572195,-5.772485704001382,8.0,0,0,0,10.0,20.0,0.1,0.03,0.0,8.0,0.0
v1_sparse,0,30,2.174170098035544,2.1439684828363808,-1.8017785072621708,4.553046296210327,-4.901741985287238,4.070913584632323,0,0,0,10.0,20.0,0.1,0.03,0.0,8.0,0.0
v1_sparse,0,31,2.205777625146855,2.174170098035544,-1.8017785072621708,4.450443952518005,2.3907965043281534,-0.40531986604472686,0,0,0,10.0,20.0,0.1,0.03,0.0,8.0,0.0
v1_sparse,0,32,2.2336402600007164,2.205777625146855,-1.8017785072621708,4.315245903798431,0.9719679641191825,-0.7862677338780862,0,0,0,10.0,20.0,0.1,0.03,0.0,8.0,0.0
v1_sparse,0,33,2.2551102553171614,2.2336402600007164,-1.8017785072621708,3.2997321318496646,4.017886606192838,-3.419710391606852,0,0,0,10.0,20.0,0.1,0.03,0.0,8.0,0.0
v1_sparse,0,34,2.2740195433611157,2.2551102553171614,-1.8017785072621708,4.302714378446778,-5.63591937124729,2.2812861602862435,0,0,0,10.0,20.0,0.1,0.03,0.0,8.0,0.0
v1_sparse,0,35,2.2914233261725334,2.2740195433611157,-1.8017785072621708,3.485166116820386,8.0,-0.6558895805487569,0,0,0,10.0,20.0,0.1,0.03,0.0,8.0,0.0
v1_sparse,0,36,2.3036069778402366,2.2914233261725334,-1.8017785072621708,2.6559285487643005,8.0,-0.4234480601226903,0,0,0,10.0,20.0,0.1,0.03,0.0,8.0,0.0
v1_sparse,0,37,2.3148103643933378,2.3036069778402366,-1.8017785072621708,3.2229443890802565,7.474762334748682,4.624367447014334,0,0,0,10.0,20.0,0.1,0.03,0.0,8.0,0.0
v1_sparse,0,38,2.328266308223711,2.3148103643933378,-1.8017785072621708,4.195597310218891,2.509085552482668,4.498321868409636,0,0,0,10.0,20.0,0.1,0.03,0.0,8.0,0.0
v1_sparse,0,39,2.341443461147104,2.328266308223711,-1.8017785072621708,4.583035910886984,-4.01716465992668,0.47072682706376473,0,0,0,10.0,20.0,0.1,0.03,0.0,8.0,0.0
v1_sparse,0,40,2.349069472872292,2.341443461147104,-1.8017785072621708,2.85852174827297,-7.538656253940834,-8.0,0,0,0,10.0,20.0,0.1,0.03,0.0,8.0,0.0
v1_sparse,0,41,2.3519789501425614,2.349069472872292,-1.8017785072621708,2.164449158232398,4.410414260681922,-0.7155253364249501,0,0,0,10.0,20.0,0.1,0.03,0.0,8.0,0.0
v1_sparse,0,42,2.3536897057727435,2.3519789501425614,-1.8017785072621708,1.834409617963977,4.827055010350675,0.6288858600879208,0,0,0,10.0,20.0,0.1,0.03,0.0,8.0,0.0
v1_sparse,0,43,2.356151892722217,2.3536897057727435,-1.8017785072621708,4.198672477054113,-3.710626109306889,8.0,0,0,0,10.0,20.0,0.1,0.03,0.0,8.0,0.0
v1_sparse,0,44,2.357875367776049,2.356151892722217,-1.8017785072621708,3.6542134744190156,6.609976552748867,0.8229879591033583,0,0,0,10.0,20.0,0.1,0.03,0.0,8.0,0.0
v1_sparse,0,45,2.357493697705359,2.357875367776049,-1.8017785072621708,5.3128637920558175,0.10676270571990062,7.932891918088657,0,0,0,10.0,20.0,0.1,0.03,0.0,8.0,0.0
v1_sparse,0,46,2.352284323487548,2.357493697705359,-1.8017785072621708,6.585732774689382,-1.5450009623956507,7.317910138400408,0,0,0,10.0,20.0,0.1,0.03,0.0,8.0,0.0
v1_sparse,0,47,2.342385418202594,2.352284323487548,-1.8017785072621708,4.684707676511022,3.1421056699018397,-6.344764883533619,0,0,0,10.0,20.0,0.1,0.03,0.0,8.0,0.0
v1_sparse,0,48,2.330091704037759,2.342385418202594,-1.8017785072621708,5.100292871528234,3.5675778229746933,5.36342762765124,0,0,0,10.0,20.0,0.1,0.03,0.0,8.0,0.0
v1_sparse,0,49,2.3134715594147974,2.330091704037759,-1.8017785072621708,5.335679578249811,2.623005324816105,4.627454680575212,0,0,0,10.0,20.0,0.1,0.03,0.0,8.0,0.0
v1_sparse,0,50,2.295072013000241,2.3134715594147974,-1.8017785072621708,4.384360385424437,6.598937592326516,-2.3581577460725516,0,0,0,10.0,20.0,0.1,0.03,0.0,8.0,0.0
v1_sparse,0,51,2.2775953585570705,2.295072013000241,-1.8017785072621708,3.9374531945430284,8.0,0.7757481374727973,0,0,0,10.0,20.0,0.1,0.03,0.0,8.0,0.0
v1_sparse,0,52,2.2629583194486886,2.2775953585570705,-1.8017785072621708,2.713650700099344,4.002138305763635,-7.584525467979427,0,0,0,10.0,20.0,0.1,0.03,0.0,8.0,0.0
v1_sparse,0,53,2.2503894644563953,2.2629583194486886,-1.8017785072621708,2.8425079363616437,4.8508093721722085,3.464965737406913,0,0,0,10.0,20.0,0.1,0.03,0.0,8.0,0.0
v1_sparse,0,54,2.235491172449099,2.2503894644563953,-1.8017785072621708,3.1617906760054564,-2.8014337868090933,3.2776578410660426,0,0,0,10.0,20.0,0.1,0.03,0.0,8.0,0.0
v1_sparse,0,55,2.21734810050603,2.235491172449099,-1.8017785072621708,3.449909720407811,2.4257557480869925,4.806997338889704,0,0,0,10.0,20.0,0.1,0.03,0.0,8.0,0.0
v1_sparse,0,56,2.1988258753725836,2.21734810050603,-1.8017785072621708,2.9765008996638787,3.4358212591910817,-2.660950117296011,0,0,0,10.0,20.0,0.1,0.03,0.0,8.0,0.0
v1_sparse,0,57,2.184006443302784,2.1988258753725836,-1.8017785072621708,2.1488173124591152,0.2634262638224102,-8.0,0,0,0,10.0,20.0,0.1,0.03,0.0,8.0,0.0
v1_sparse,0,58,2.172542118945359,2.184006443302784,-1.8017785072621708,1.872795164655287,0.10302230302511407,-2.4754386810723945,0,0,0,10.0,20.0,0.1,0.03,0.0,8.0,0.0
v1_sparse,0,59,2.1603903100980033,2.172542118945359,-1.8017785072621708,2.2649701094508226,5.130428339544292,6.444355692517118,0,0,0,10.0,20.0,0.1,0.03,0.0,8.0,0.0
v1_sparse,0,60,2.14984350101787,2.1603903100980033,-1.8017785072621708,1.5015272852825177,3.078285801692774,-8.0,0,0,0,10.0,20.0,0.1,0.03,0.0,8.0,0.0
v1_sparse,0,61,2.144569484997008,2.14984350101787,-1.8017785072621708,1.0251874440181752,2.500615955255586,-5.3035976883826175,0,0,0,10.0,20.0,0.1,0.03,0.0,8.0,0.0
v1_sparse,0,62,2.1415071432012494,2.144569484997008,-1.8017785072621708,1.0345158392935823,2.1017389577437164,0.7596765551473202,0,0,0,10.0,20.0,0.1,0.03,0.0,8.0,0.0
v1_sparse,0,63,2.1399167090660542,2.1415071432012494,-1.8017785072621708,0.6436332532198235,-5.234696758136948,-6.334636505482656,0,0,0,10.0,20.0,0.1,0.03,0.0,8.0,0.0
v1_sparse,0,64,2.137581863343704,2.1399167090660542,-1.8017785072621708,1.1373461430762357,4.025527046646766,8.0,0,0,0,10.0,20.0,0.1,0.03,0.0,8.0,0.0
v1_sparse,0,65,2.1324744872766317,2.137581863343704,-1.8017785072621708,1.2317444749212374,-0.23794769941969476,1.5633496794541146,0,0,0,10.0,20.0,0.1,0.03,0.0,8.0,0.0
v1_sparse,0,66,2.126854801388938,2.1324744872766317,-1.8017785072621708,1.1501622451115392,-2.631952175851693,-1.2975315138138488,0,0,0,10.0,20.0,0.1,0.03,0.0,8.0,0.0
v1_sparse,0,67,2.120044379669163,2.126854801388938,-1.8017785072621708,1.259324839102804,-8.0,0.39759266106757823,0,0,0,10.0,20.0,0.1,0.03,0.0,8.0,0.0
v1_sparse,0,68,2.1126060439638263,2.120044379669163,-1.8017785072621708,1.1227439787959739,0.9129251344644748,-1.4793943039126551,0,0,0,10.0,20.0,0.1,0.03,0.0,8.0,0.0
v1_sparse,0,69,2.1064808358284886,2.1126060439638263,-1.8017785072621708,0.9824579764932613,0.5140240555645684,-1.7135045565305,0,0,0,10.0,20.0,0.1,0.03,0.0,8.0,0.0
v1_sparse,0,70,2.1020318027162905,2.1064808358284886,-1.8017785072621708,0.8888139136259654,6.420128672643081,-0.3658464122953558,0,0,0,10.0,20.0,0.1,0.03,0.0,8.0,0.0
v1_sparse,0,71,2.0970980676345348,2.1020318027162905,-1.8017785072621708,1.1608358266414083,1.264191348425364,4.612502899088039,0,0,0,10.0,20.0,0.1,0.03,0.0,8.0,0.0
v1_sparse,0,72,2.0900806534901224,2.0970980676345348,-1.8017785072621708,1.2612886899297597,0.912871138571862,1.9395558072502999,0,0,0,10.0,20.0,0.1,0.03,0.0,8.0,0.0
v1_sparse,0,73,2.0818380552361075,2.0900806534901224,-1.8017785072621708,1.234485218364341,-8.0,-1.1947343594901445,0,0,0,10.0,20.0,0.1,0.03,0.0,8.0,0.0
v1_sparse,0,74,2.073297560337861,2.0818380552361075,-1.8017785072621708,1.2727736985804659,8.0,1.8749204651847118,0,0,0,10.0,20.0,0.1,0.03,0.0,8.0,0.0
v1_sparse,0,75,2.0649793446420324,2.073297560337861,-1.8017785072621708,1.3398445473916776,4.914916990595655,1.8868794716641761,0,0,0,10.0,20.0,0.1,0.03,0.0,8.0,0.0
v1_sparse,0,76,2.058866997404508,2.0649793446420324,-1.8017785072621708,1.090089041554611,8.0,-3.591643013693985,0,0,0,10.0,20.0,0.1,0.03,0.0,8.0,0.0
v1_sparse,0,77,2.0534086376284826,2.058866997404508,-1.8017785072621708,1.255561847535338,-3.873744445187382,3.155402654492477,0,0,0,10.0,20.0,0.1,0.03,0.0,8.0,0.0
v1_sparse,0,78,2.04613591499275,2.0534086376284826,-1.8017785072621708,1.3153957999247903,3.774053988299954,1.522940469595705,0,0,0,10.0,20.0,0.1,0.03,0.0,8.0,0.0
v1_sparse,0,79,2.040080683320941,2.04613591499275,-1.8017785072621708,1.1318443097813975,1.421220873330052,-3.1951205669465295,0,0,0,10.0,20.0,0.1,0.03,0.0,8.0,0.0
v1_sparse,0,80,2.0359052878844297,2.040080683320941,-1.8017785072621708,1.1393864435428478,4.96983742799765,0.17473221308068837,0,0,0,10.0,20.0,0.1,0.03,0.0,8.0,0.0
v1_sparse,0,81,2.033403009919365,2.0359052878844297,-1.8017785072621708,1.0479653950194452,2.393007845854921,-2.2943542192739086,0,0,0,10.0,20.0,0.1,0.03,0.0,8.0,0.0
v1_sparse,0,82,2.0338455474020827,2.033403009919365,-1.8017785072621708,1.0507857741788462,8.0,-2.159742844418398,0,0,0,10.0,20.0,0.1,0.03,0.0,8.0,0.0
v1_sparse,0,83,2.038320709464251,2.0338455474020827,-1.8017785072621708,1.0121000590272764,0.8003547301077883,-5.292827112776167,0,0,0,10.0,20.0,0.1,0.03,0.0,8.0,0.0
v1_sparse,0,84,2.044821846060271,2.038320709464251,-1.8017785072621708,0.9536759022940756,-3.8975182932035883,-0.21937575780639704,0,0,0,10.0,20.0,0.1,0.03,0.0,8.0,0.0
v1_sparse,0,85,2.0504763811362445,2.044821846060271,-1.8017785072621708,0.8929415094429262,-3.9482580635327245,0.6046893168349148,0,0,0,10.0,20.0,0.1,0.03,0.0,8.0,0.0
v1_sparse,0,86,2.0549318235555134,2.0504763811362445,-1.8017785072621708,0.8346328205164253,-4.030600933224846,0.5847039972579755,0,0,0,10.0,20.0,0.1,0.03,0.0,8.0,0.0
v1_sparse,0,87,2.0563913961335896,2.0549318235555134,-1.8017785072621708,0.9327907207025599,0.1341594180223405,5.912625838563922,0,0,0,10.0,20.0,0.1,0.03,0.0,8.0,0.0
v1_sparse,0,88,2.0574547656820386,2.0563913961335896,-1.8017785072621708,0.8074338187302876,-2.4231843640393507,-5.280678559082436,0,0,0,10.0,20.0,0.1,0.03,0.0,8.0,0.0
v1_sparse,0,89,2.063583968812534,2.0574547656820386,-1.8017785072621708,0.8534776813229348,-3.8501445760198036,-8.0,0,0,0,10.0,20.0,0.1,0.03,0.0,8.0,0.0
v1_sparse,0,90,2.0699622237837483,2.063583968812534,-1.8017785072621708,0.6217317830673005,-8.0,4.829234525610023,0,0,0,10.0,20.0,0.1,0.03,0.0,8.0,0.0
v1_sparse,0,91,2.075139362151638,2.0699622237837483,-1.8017785072621708,0.7814619250487279,8.0,-1.8380180507316057,0,0,0,10.0,20.0,0.1,0.03,0.0,8.0,0.0
v1_sparse,0,92,2.0829563475075554,2.075139362151638,-1.8017785072621708,0.8489020919039552,0.4436086341603469,-2.1696672183617576,0,0,0,10.0,20.0,0.1,0.03,0.0,8.0,0.0
v1_sparse,0,93,2.0926566352077196,2.0829563475075554,-1.8017785072621708,0.9620536759110907,4.568712541810793,-0.8313064208776727,0,0,0,10.0,20.0,0.1,0.03,0.0,8.0,0.0
v1_sparse,0,94,2.103536182084251,2.0926566352077196,-1.8017785072621708,0.9833474742375369,-0.5957591450145073,-0.7360956171903457,0,0,0,10.0,20.0,0.1,0.03,0.0,8.0,0.0
v1_sparse,0,95,2.112281953718586,2.103536182084251,-1.8017785072621708,0.7205359160875386,-7.769956447018533,3.9719576505842102,0,0,0,10.0,20.0,0.1,0.03,0.0,8.0,0.0
v1_sparse,0,96,2.114514041637418,2.112281953718586,-1.8017785072621708,0.6546036331504105,-5.867172760318278,8.0,0,0,0,10.0,20.0,0.1,0.03,0.0,8.0,0.0
v1_sparse,0,97,2.112931661135963,2.114514041637418,-1.8017785072621708,0.7359650108557976,6.466047393770291,0.9096744779292314,0,0,0,10.0,20.0,0.1,0.03,0.0,8.0,0.0
v1_sparse,0,98,2.1107897136631975,2.112931661135963,-1.8017785072621708,0.666757336404195,-8.0,0.17589956079105812,0,0,0,10.0,20.0,0.1,0.03,0.0,8.0,0.0
v1_sparse,0,99,2.107386490441474,2.1107897136631975,-1.8017785072621708,0.7514700484923837,3.545957570647739,1.7986416070728835,0,0,0,10.0,20.0,0.1,0.03,0.0,8.0,0.0
v1_sparse,0,100,2.0996508683098356,2.107386490441474,-1.8017785072621708,1.1114094690068963,-3.1021197053085343,8.0,0,0,0,10.0,20.0,0.1,0.03,0.0,8.0,0.0
v1_sparse,0,101,2.088818564127043,2.0996508683098356,-1.8017785072621708,1.0482123585859406,3.5097056293080744,-1.10230586969971,0,0,0,10.0,20.0,0.1,0.03,0.0,8.0,0.0
v1_sparse,0,102,2.0785912835410367,2.088818564127043,-1.8017785072621708,1.1582451163424148,8.0,1.9063001068678256,0,0,0,10.0,20.0,0.1,0.03,0.0,8.0,0.0
v1_sparse,0,103,2.067358381947797,2.0785912835410367,-1.8017785072621708,1.2389851003944126,0.7654395926001369,1.860788580141703,0,0,0,10.0,20.0,0.1,0.03,0.0,8.0,0.0
v1_sparse,0,104,2.0550619555759417,2.067358381947797,-1.8017785072621708,1.3266189637973864,5.830420903352646,1.502551685949174,0,0,0,10.0,20.0,0.1,0.03,0.0,8.0,0.0
v1_sparse,0,105,2.042002413184177,2.0550619555759417,-1.8017785072621708,1.376146299399846,1.0549355911703118,1.206452426326879,0,0,0,10.0,20.0,0.1,0.03,0.0,8.0,0.0
v1_sparse,0,106,2.028808253953998,2.042002413184177,-1.8017785072621708,1.4389397949373381,8.0,0.37785776355054485,0,0,0,10.0,20.0,0.1,0.03,0.0,8.0,0.0
v1_sparse,0,107,2.01737845816156,2.028808253953998,-1.8017785072621708,1.226161499506902,-6.4892182614072915,-3.6995556875506908,0,0,0,10.0,20.0,0.1,0.03,0.0,8.0,0.0
v1_sparse,0,108,2.0047255817956895,2.01737845816156,-1.8017785072621708,1.4087459375845766,-2.355011522187112,5.181980199909306,0,0,0,10.0,20.0,0.1,0.03,0.0,8.0,0.0
v1_sparse,0,109,1.9905053595165056,2.0047255817956895,-1.8017785072621708,1.3828868769059364,5.6378439615329095,-1.605689788421044,0,0,0,10.0,20.0,0.1,0.03,0.0,8.0,0.0
v1_sparse,0,110,1.9781389828911438,1.9905053595165056,-1.8017785072621708,1.3222641031434037,0.0036048217784907456,-1.414347639577463,0,0,0,10.0,20.0,0.1,0.03,0.0,8.0,0.0
v1_sparse,0,111,1.9689608517070318,1.9781389828911438,-1.8017785072621708,1.064047814102832,-6.886422710427522,-5.285195284073686,0,0,0,10.0,20.0,0.1,0.03,0.0,8.0,0.0
v1_sparse,0,112,1.9613842743968988,1.9689608517070318,-1.8017785072621708,1.008101164905682,-6.2942750553193125,1.309669858525558,0,0,0,10.0,20.0,0.1,0.03,0.0,8.0,0.0
v1_sparse,0,113,1.9535044238539063,1.9613842743968988,-1.8017785072621708,1.0373054589708885,3.8347048432977533,-0.701450261342628,0,0,0,10.0,20.0,0.1,0.03,0.0,8.0,0.0
v1_sparse,0,114,1.944452805170471,1.9535044238539063,-1.8017785072621708,1.1004461330466362,-2.3291994022945883,3.301324031718902,0,0,0,10.0,20.0,0.1,0.03,0.0,8.0,0.0
v1_sparse,0,115,1.9377822340408954,1.944452805170471,-1.8017785072621708,0.8347629783924014,-4.472157272963682,-8.0,0,0,0,10.0,20.0,0.1,0.03,0.0,8.0,0.0
v1_sparse,0,116,1.9344983913882177,1.9377822340408954,-1.8017785072621708,0.846770313614551,-0.35320895576809797,1.552345350407382,0,0,0,10.0,20.0,0.1,0.03,0.0,8.0,0.0
v1_sparse,0,117,1.934048452863864,1.9344983913882177,-1.8017785072621708,0.7441490395855411,-5.2060797304044595,-6.883178697207376,0,0,0,10.0,20.0,0.1,0.03,0.0,8.0,0.0
v1_sparse,0,118,1.940753705356548,1.934048452863864,-1.8017785072621708,0.8841154882107097,-3.3657513188220496,-6.726952861075125,0,0,0,10.0,20.0,0.1,0.03,0.0,8.0,0.0
v1_sparse,0,119,1.9517307200477125,1.940753705356548,-1.8017785072621708,0.9216094617493211,-1.4813682308163372,-1.3702108549084098,0,0,0,10.0,20.0,0.1,0.03,0.0,8.0,0.0
v1_sparse,0,120,1.961189494298272,1.9517307200477125,-1.8017785072621708,0.7609035839141272,0.6721217520946375,4.285099290771225,0,0,0,10.0,20.0,0.1,0.03,0.0,8.0,0.0
v1_sparse,0,121,1.9670291800219044,1.961189494298272,-1.8017785072621708,0.6785019028721676,-0.1412107346723652,2.670875589555165,0,0,0,10.0,20.0,0.1,0.03,0.0,8.0,0.0
v1_sparse,0,122,1.9757284652715843,1.9670291800219044,-1.8017785072621708,1.007935903302289,2.0991282915481215,-7.782238293484992,0,0,0,10.0,20.0,0.1,0.03,0.0,8.0,0.0
v1_sparse,0,123,1.9914423640045433,1.9757284652715843,-1.8017785072621708,1.2561867540762943,-1.1740623217535262,-5.238751775040221,0,0,0,10.0,20.0,0.1,0.03,0.0,8.0,0.0
v1_sparse,0,124,2.0095681061712187,1.9914423640045433,-1.8017785072621708,1.1724296665165377,-5.670163010993725,0.2749707357242887,0,0,0,10.0,20.0,0.1,0.03,0.0,8.0,0.0
v1_sparse,0,125,2.0259031479596703,2.0095681061712187,-1.8017785072621708,1.0805288889110418,5.025539613786299,2.9800003879019767,0,0,0,10.0,20.0,0.1,0.03,0.0,8.0,0.0
v1_sparse,0,126,2.0373116732844547,2.0259031479596703,-1.8017785072621708,0.7993402148578374,2.0616502377358508,6.786211280819521,0,0,0,10.0,20.0,0.1,0.03,0.0,8.0,0.0
v1_sparse,0,127,2.0469982784986422,2.0373116732844547,-1.8017785072621708,0.9407353727136545,-0.28069431214698515,-3.308649437959885,0,0,0,10.0,20.0,0.1,0.03,0.0,8.0,0.0
v1_sparse,0,128,2.0597898545114877,2.0469982784986422,-1.8017785072621708,1.041188385597846,-2.223256288352315,-2.64796993559852,0,0,0,10.0,20.0,0.1,0.03,0.0,8.0,0.0
v1_sparse,0,129,2.0704857755515564,2.0597898545114877,-1.8017785072621708,0.6314958542937369,-8.0,5.7994803288837184,0,0,0,10.0,20.0,0.1,0.03,0.0,8.0,0.0
v1_sparse,0,130,2.0780347307073015,2.0704857755515564,-1.8017785072621708,0.6456300072381954,-0.8366190667887616,-0.5782217139767146,0,0,0,10.0,20.0,0.1,0.03,0.0,8.0,0.0
v1_sparse,0,131,2.0856908783590304,2.0780347307073015,-1.8017785072621708,0.6040311768518187,-2.280766437020558,0.11637370301054342,0,0,0,10.0,20.0,0.1,0.03,0.0,8.0,0.0
v1_sparse,0,132,2.0906971265851695,2.0856908783590304,-1.8017785072621708,0.36771114111066433,-2.7734970848192035,4.4304437443319715,0,0,0,10.0,20.0,0.1,0.03,0.0,8.0,0.0
v1_sparse,0,133,2.091164122940428,2.0906971265851695,-1.8017785072621708,0.20140226110244133,-7.817033865570619,3.204710098321727,0,0,0,10.0,20.0,0.1,0.03,0.0,8.0,0.0
v1_sparse,0,134,2.086680340965885,2.091164122940428,-1.8017785072621708,0.4496390732685598,0.36927914349035174,5.476935499013267,0,0,0,10.0,20.0,0.1,0.03,0.0,8.0,0.0
v1_sparse,0,135,2.07611598137029,2.086680340965885,-1.8017785072621708,0.8169855863983443,6.649045750141276,6.537433276313399,0,0,0,10.0,20.0,0.1,0.03,0.0,8.0,0.0
v1_sparse,0,136,2.0646178912601556,2.07611598137029,-1.8017785072621708,0.578375973186844,-0.016680906096180913,-4.220068047573979,0,0,0,10.0,20.0,0.1,0.03,0.0,8.0,0.0
v1_sparse,0,137,2.0583908707176994,2.0646178912601556,-1.8017785072621708,0.4427153348907761,6.954532566203735,-5.047180448041893,0,0,0,10.0,20.0,0.1,0.03,0.0,8.0,0.0
v1_sparse,0,138,2.0565249384252944,2.0583908707176994,-1.8017785072621708,0.44794150951668654,1.3379084063524693,-2.3866998573952833,0,0,0,10.0,20.0,0.1,0.03,0.0,8.0,0.0
v1_sparse,0,139,2.0517561447983006,2.0565249384252944,-1.8017785072621708,0.641960322088228,0.8570745475090562,8.0,0,0,0,10.0,20.0,0.1,0.03,0.0,8.0,0.0
v1_sparse,0,140,2.041896898750496,2.0517561447983006,-1.8017785072621708,0.7363135948508361,3.0409176689312805,1.7457111204010594,0,0,0,10.0,20.0,0.1,0.03,0.0,8.0,0.0
v1_sparse,0,141,2.030195815881488,2.041896898750496,-1.8017785072621708,0.8169624198539537,-0.2517275759513254,1.8983222853974016,0,0,0,10.0,20.0,0.1,0.03,0.0,8.0,0.0
v1_sparse,0,142,2.0160369687435225,2.030195815881488,-1.8017785072621708,0.9734234507007589,4.015957844219115,2.860446178193957,0,0,0,10.0,20.0,0.1,0.03,0.0,8.0,0.0
v1_sparse,0,143,2.002030514278843,2.0160369687435225,-1.8017785072621708,0.7945585977716155,-4.255229223634285,-3.0507913001368343,0,0,0,10.0,20.0,0.1,0.03,0.0,8.0,0.0
v1_sparse,0,144,1.9876145546896915,2.002030514278843,-1.8017785072621708,0.9708095226535693,0.20879424770102387,3.6931328020582876,0,0,0,10.0,20.0,0.1,0.03,0.0,8.0,0.0
v1_sparse,0,145,1.971640768917399,1.9876145546896915,-1.8017785072621708,0.9408721727139162,2.0979102560083973,-0.7624113389925036,0,0,0,10.0,20.0,0.1,0.03,0.0,8.0,0.0
v1_sparse,0,146,1.9593241217533082,1.971640768917399,-1.8017785072621708,0.6024516090941695,-8.0,-5.823411851836573,0,0,0,10.0,20.0,0.1,0.03,0.0,8.0,0.0
v1_sparse,0,147,1.951583742341716,1.9593241217533082,-1.8017785072621708,0.6106012757294376,6.888713762325178,-2.299638464405455,0,0,0,10.0,20.0,0.1,0.03,0.0,8.0,0.0
v1_sparse,0,148,1.944534589201816,1.951583742341716,-1.8017785072621708,0.7325027965556039,6.093560541882806,1.3525947681243473,0,0,0,10.0,20.0,0.1,0.03,0.0,8.0,0.0
v1_sparse,0,149,1.9413662908615434,1.944534589201816,-1.8017785072621708,0.6487837657638886,-2.8360634338507054,-8.0,0,0,0,10.0,20.0,0.1,0.03,0.0,8.0,0.0
v1_sparse,0,150,1.944575603039367,1.9413662908615434,-1.8017785072621708,0.7034467237692095,-1.477615623953499,-3.1254397627874635,0,0,0,10.0,20.0,0.1,0.03,0.0,8.0,0.0
v1_sparse,0,151,1.9505696570166635,1.944575603039367,-1.8017785072621708,0.674463116893942,-5.686065922640621,-1.7016769542716406,0,0,0,10.0,20.0,0.1,0.03,0.0,8.0,0.0
v1_sparse,0,152,1.953056860520534,1.9505696570166635,-1.8017785072621708,0.5980879464954785,6.56309889633469,8.0,0,0,0,10.0,20.0,0.1,0.03,0.0,8.0,0.0
v1_sparse,0,153,1.9518725942597257,1.953056860520534,-1.8017785072621708,0.4599943670692753,-8.0,-1.3699727854338757,0,0,0,10.0,20.0,0.1,0.03,0.0,8.0,0.0
v1_sparse,0,154,1.9506144095310158,1.9518725942597257,-1.8017785072621708,0.422527277356995,-1.7253187602947686,1.5580589209770896,0,0,0,10.0,20.0,0.1,0.03,0.0,8.0,0.0
v1_sparse,0,155,1.947541533409181,1.9506144095310158,-1.8017785072621708,0.49806478147168853,3.6256048349355976,1.737993302495291,0,0,0,10.0,20.0,0.1,0.03,0.0,8.0,0.0
v1_sparse,0,156,1.9477256750960008,1.947541533409181,-1.8017785072621708,0.5992529428226405,0.2565162582543124,-7.336461272182603,0,0,0,10.0,20.0,0.1,0.03,0.0,8.0,0.0
v1_sparse,0,157,1.95328266305671,1.9477256750960008,-1.8017785072621708,0.6088686035494226,-4.475713117797443,-2.0251167431545563,0,0,0,10.0,20.0,0.1,0.03,0.0,8.0,0.0
v1_sparse,0,158,1.9643028076804891,1.95328266305671,-1.8017785072621708,0.9677591067620414,-3.019824280914021,-7.591418798766064,0,0,0,10.0,20.0,0.1,0.03,0.0,8.0,0.0
v1_sparse,0,159,1.9775855218898204,1.9643028076804891,-1.8017785072621708,0.7062180641619977,-6.01745773876883,3.429227616378897,0,0,0,10.0,20.0,0.1,0.03,0.0,8.0,0.0
v1_sparse,0,160,1.9900028915709747,1.9775855218898204,-1.8017785072621708,0.7812883263543628,-5.444184856040953,-2.191486580945505,0,0,0,10.0,20.0,0.1,0.03,0.0,8.0,0.0
v1_sparse,0,161,2.002568083207029,1.9900028915709747,-1.8017785072621708,0.6562384048644525,-3.081773125569358,1.6032646201476337,0,0,0,10.0,20.0,0.1,0.03,0.0,8.0,0.0
v1_sparse,0,162,2.017108859370726,2.002568083207029,-1.8017785072621708,0.9661675496886567,-2.662214906924209,-5.435820299621038,0,0,0,10.0,20.0,0.1,0.03,0.0,8.0,0.0
v1_sparse,0,163,2.031864437174265,2.017108859370726,-1.8017785072621708,0.659381731559969,-2.6952356743309656,4.630245352330917,0,0,0,10.0,20.0,0.1,0.03,0.0,8.0,0.0
v1_sparse,0,164,2.0421878100896755,2.031864437174265,-1.8017785072621708,0.5199606101414905,7.226598446603698,3.206464021741299,0,0,0,10.0,20.0,0.1,0.03,0.0,8.0,0.0
v1_sparse,0,165,2.052201194398329,2.0421878100896755,-1.8017785072621708,0.6823397544928778,1.4571414953085173,-2.469275445207821,0,0,0,10.0,20.0,0.1,0.03,0.0,8.0,0.0
v1_sparse,0,166,2.0594588784655237,2.052201194398329,-1.8017785072621708,0.2899353082820961,2.831006684625833,7.436775962336641,0,0,0,10.0,20.0,0.1,0.03,0.0,8.0,0.0
v1_sparse,0,167,2.0664497397047974,2.0594588784655237,-1.8017785072621708,0.7568805848216171,8.0,-6.52443457255803,0,0,0,10.0,20.0,0.1,0.03,0.0,8.0,0.0
v1_sparse,0,168,2.072665891528898,2.0664497397047974,-1.8017785072621708,0.28288642081677673,-4.514895432264713,8.0,0,0,0,10.0,20.0,0.1,0.03,0.0,8.0,0.0
v1_sparse,0,169,2.0711654868371165,2.072665891528898,-1.8017785072621708,0.2879204758622978,-1.4746166742849969,5.47175328100003,0,0,0,10.0,20.0,0.1,0.03,0.0,8.0,0.0
v1_sparse,0,170,2.063602761627189,2.0711654868371165,-1.8017785072621708,0.5614117250148164,-2.8690465503780027,5.166499261397708,0,0,0,10.0,20.0,0.1,0.03,0.0,8.0,0.0
v1_sparse,0,171,2.05733592784784,2.063602761627189,-1.8017785072621708,0.27327746032991795,6.453902008421215,-7.26490275937494,0,0,0,10.0,20.0,0.1,0.03,0.0,8.0,0.0
v1_sparse,0,172,2.054885514170028,2.05733592784784,-1.8017785072621708,0.1846564554738195,-8.0,0.463108051746842,0,0,0,10.0,20.0,0.1,0.03,0.0,8.0,0.0
v1_sparse,0,173,2.0525081091007493,2.054885514170028,-1.8017785072621708,0.10241077622069895,-5.430095934788888,-1.1205349470989754,0,0,0,10.0,20.0,0.1,0.03,0.0,8.0,0.0
v1_sparse,0,174,2.0480738834574317,2.0525081091007493,-1.8017785072621708,0.37224850494223066,5.310019969863718,4.784950276934713,0,0,0,10.0,20.0,0.1,0.03,0.0,8.0,0.0
v1_sparse,0,175,2.0457045147809594,2.0480738834574317,-1.8017785072621708,0.29819485561237236,5.417629984014765,-7.993809000077703,0,0,0,10.0,20.0,0.1,0.03,0.0,8.0,0.0
v1_sparse,0,176,2.051529957213605,2.0457045147809594,-1.8017785072621708,0.6594086730346608,2.966075387654416,-6.216684089153457,0,0,0,10.0,20.0,0.1,0.03,0.0,8.0,0.0
v1_sparse,0,177,2.0588831531807,2.051529957213605,-1.8017785072621708,0.4214716661685066,-3.3742173229944448,3.4288240008051596,0,0,0,10.0,20.0,0.1,0.03,0.0,8.0,0.0
v1_sparse,0,178,2.0635806858128216,2.0588831531807,-1.8017785072621708,0.4231002066263558,4.232269078959076,1.2781850676528996,0,0,0,10.0,20.0,0.1,0.03,0.0,8.0,0.0
v1_sparse,0,179,2.068120356150993,2.0635806858128216,-1.8017785072621708,0.4963868173582407,2.440137905026735,-0.7204804796596844,0,0,0,10.0,20.0,0.1,0.03,0.0,8.0,0.0
v1_sparse,0,180,2.0746814292046345,2.068120356150993,-1.8017785072621708,0.5708506080268346,-5.7253899759542595,-3.029569998992212,0,0,0,10.0,20.0,0.1,0.03,0.0,8.0,0.0
v1_sparse,0,181,2.0856072110019612,2.0746814292046345,-1.8017785072621708,0.8912457003390947,2.2951773920513148,-4.9426797240959095,0,0,0,10.0,20.0,0.1,0.03,0.0,8.0,0.0
v1_sparse,0,182,2.103243371192793,2.0856072110019612,-1.8017785072621708,1.286003277494716,-4.5731761921375655,-7.282497108389749,0,0,0,10.0,20.0,0.1,0.03,0.0,8.0,0.0
v1_sparse,0,183,2.125024145791912,2.103243371192793,-1.8017785072621708,1.2937654801991947,-5.068766927726213,-1.0067240503262376,0,0,0,10.0,20.0,0.1,0.03,0.0,8.0,0.0
v1_sparse,0,184,2.1424374184050996,2.125024145791912,-1.8017785072621708,0.7708340580130381,-0.8960828696279693,8.0,0,0,0,10.0,20.0,0.1,0.03,0.0,8.0,0.0
v1_sparse,0,185,2.1590401175720384,2.1424374184050996,-1.8017785072621708,1.257753181330917,6.615472096615721,-6.407422516474569,0,0,0,10.0,20.0,0.1,0.03,0.0,8.0,0.0
v1_sparse,0,186,2.180547934651473,2.1590401175720384,-1.8017785072621708,1.4505735025993656,6.8237110333850985,-1.6350891952750752,0,0,0,10.0,20.0,0.1,0.03,0.0,8.0,0.0
v1_sparse,0,187,2.2051554758464014,2.180547934651473,-1.8017785072621708,1.7591366161438686,8.0,-3.0200524568965457,0,0,0,10.0,20.0,0.1,0.03,0.0,8.0,0.0
v1_sparse,0,188,2.2301794618360997,2.2051554758464014,-1.8017785072621708,1.6043216166911582,0.9779119459678346,2.6780462451242104,0,0,0,10.0,20.0,0.1,0.03,0.0,8.0,0.0
v1_sparse,0,189,2.2510105352850487,2.2301794618360997,-1.8017785072621708,1.3580497718040225,5.071747805407852,5.102893781632153,0,0,0,10.0,20.0,0.1,0.03,0.0,8.0,0.0
v1_sparse,0,190,2.2722711072873567,2.2510105352850487,-1.8017785072621708,1.7430034578225466,1.914209138787267,-5.3296372825854865,0,0,0,10.0,20.0,0.1,0.03,0.0,8.0,0.0
v1_sparse,0,191,2.2980734124217364,2.2722711072873567,-1.8017785072621708,1.9230734435056882,-2.6262705180429036,-3.193388482362965,0,0,0,10.0,20.0,0.1,0.03,0.0,8.0,0.0
v1_sparse,0,192,2.327666985367423,2.2980734124217364,-1.8017785072621708,2.2232670914739945,-1.8958387764471358,-4.6131128136278425,0,0,0,10.0,20.0,0.1,0.03,0.0,8.0,0.0
v1_sparse,0,193,2.3638116862472267,2.327666985367423,-1.8017785072621708,2.818018434778661,0.027138767561057136,-8.0,0,0,0,10.0,20.0,0.1,0.03,0.0,8.0,0.0
v1_sparse,0,194,2.404374267733619,2.3638116862472267,-1.8017785072621708,2.908013795275933,-1.1476494760721416,-1.0792783091805016,0,0,0,10.0,20.0,0.1,0.03,0.0,8.0,0.0
v1_sparse,0,195,2.443823689140214,2.404374267733619,-1.8017785072621708,2.813765272486182,0.07395849512474031,1.6689276407121534,0,0,0,10.0,20.0,0.1,0.03,0.0,8.0,0.0
v1_sparse,0,196,2.482048843724987,2.443823689140214,-1.8017785072621708,2.9202869688534485,2.577761641983073,-0.23611232170351532,0,0,0,10.0,20.0,0.1,0.03,0.0,8.0,0.0
v1_sparse,0,197,2.5150293650849918,2.482048843724987,-1.8017785072621708,2.2026934187996496,-3.8271164692121697,8.0,0,0,0,10.0,20.0,0.1,0.03,0.0,8.0,0.0
v1_sparse,0,198,2.538514881396819,2.5150293650849918,-1.8017785072621708,1.632992712337668,1.6446327049089309,7.317260284996019,0,0,0,10.0,20.0,0.1,0.03,0.0,8.0,0.0
v1_sparse,0,199,2.5622991325642555,2.538514881396819,-1.8017785072621708,2.3684015228917845,3.240983407271176,-7.389826145058471,0,0,0,10.0,20.0,0.1,0.03,0.0,8.0,0.0
v1_sparse,0,200,2.5910620456277513,2.5622991325642555,-1.8017785072621708,2.5066745414747866,-0.9318231635131822,-1.5095833923123518,0,0,0,10.0,20.0,0.1,0.03,0.0,8.0,0.0
v1_sparse,1,1,1.2261898951319892,1.2252173810774687,-1.2252173810774687,0.27584495356967487,-4.366393842962006,1.2732902476602819,0,0,0,10.0,20.0,0.1,0.03,0.0,8.0,0.0
v1_sparse,1,2,1.2302688636535206,1.2261898951319892,-1.2252173810774687,1.053838267397638,-4.907337993735488,5.711671416600774,0,0,0,10.0,20.0,0.1,0.03,0.0,8.0,0.0
v1_sparse,1,3,1.236815093243022,1.2302688636535206,-1.2252173810774687,1.336325792081968,2.942853834024079,3.392777183244613,0,0,0,10.0,20.0,0.1,0.03,0.0,8.0,0.0
v1_sparse,1,4,1.2448081137841378,1.236815093243022,-1.2252173810774687,1.9379418637643637,1.3179666056311545,5.577873252650528,0,0,0,10.0,20.0,0.1,0.03,0.0,8.0,0.0
v1_sparse,1,5,1.2536755492010196,1.2448081137841378,-1.2252173810774687,1.825656812508558,-2.18019913619486,-1.67769869571026,0,0,0,10.0,20.0,0.1,0.03,0.0,8.0,0.0
v1_sparse,1,6,1.2611361133004664,1.2536755492010196,-1.2252173810774687,1.384817707972493,2.1703259505941133,-2.9930161006219898,0,0,0,10.0,20.0,0.1,0.03,0.0,8.0,0.0
v1_sparse,1,7,1.2674827868189193,1.2611361133004664,-1.2252173810774687,1.3052524413341664,-4.082039764038836,-1.8467211457152328,0,0,0,10.0,20.0,0.1,0.03,0.0,8.0,0.0
v1_sparse,1,8,1.272302651742512,1.2674827868189193,-1.2252173810774687,0.530675244489697,0.4018146071686854,-5.8684106643652685,0,0,0,10.0,20.0,0.1,0.03,0.0,8.0,0.0
v1_sparse,1,9,1.2770028900340225,1.272302651742512,-1.2252173810774687,0.9999659534503614,-8.0,1.2013616344067697,0,0,0,10.0,20.0,0.1,0.03,0.0,8.0,0.0
v1_sparse,1,10,1.2837160988723801,1.2770028900340225,-1.2252173810774687,1.2636461435477062,-2.238884995634224,1.3255669637274594,0,0,0,10.0,20.0,0.1,0.03,0.0,8.0,0.0
v1_sparse,1,11,1.2935849866886449,1.2837160988723801,-1.2252173810774687,2.525907310621932,-6.894284411566232,7.054280014719855,0,0,0,10.0,20.0,0.1,0.03,0.0,8.0,0.0
v1_sparse,1,12,1.3044773946344046,1.2935849866886449,-1.2252173810774687,2.078501476933229,5.815428844234894,-1.4870415267406356,0,0,0,10.0,20.0,0.1,0.03,0.0,8.0,0.0
v1_sparse,1,13,1.3149377794120658,1.3044773946344046,-1.2252173810774687,3.1308193584628197,3.932300387790419,8.0,0,0,0,10.0,20.0,0.1,0.03,0.0,8.0,0.0
v1_sparse,1,14,1.3253687118181243,1.3149377794120658,-1.2252173810774687,3.2777783567180276,8.0,3.0335813298703456,0,0,0,10.0,20.0,0.1,0.03,0.0,8.0,0.0
v1_sparse,1,15,1.3328433808954867,1.3253687118181243,-1.2252173810774687,2.316210457672388,4.436592448532435,-4.45218527068634,0,0,0,10.0,20.0,0.1,0.03,0.0,8.0,0.0
v1_sparse,1,16,1.338227119037657,1.3328433808954867,-1.2252173810774687,2.706162607700366,3.8158252191364883,3.233995846311803,0,0,0,10.0,20.0,0.1,0.03,0.0,8.0,0.0
v1_sparse,1,17,1.3418630405955296,1.338227119037657,-1.2252173810774687,1.6571667055202666,2.635047865661129,-4.7412963977759155,0,0,0,10.0,20.0,0.1,0.03,0.0,8.0,0.0
v1_sparse,1,18,1.3428251657243482,1.3418630405955296,-1.2252173810774687,0.29348933787736703,1.7493688928676732,-6.362039499194839,0,0,0,10.0,20.0,0.1,0.03,0.0,8.0,0.0
v1_sparse,1,19,1.3431972650703494,1.3428251657243482,-1.2252173810774687,1.233992617928213,0.7095646101293144,4.993454754354708,0,0,0,10.0,20.0,0.1,0.03,0.0,8.0,0.0
v1_sparse,1,20,1.3444454662050258,1.3431972650703494,-1.2252173810774687,2.016925259773831,1.7144166800325769,4.400537346115306,0,0,0,10.0,20.0,0.1,0.03,0.0,8.0,0.0
v1_sparse,1,21,1.3454138276758496,1.3444454662050258,-1.2252173810774687,0.9299510195305046,-5.070656825573335,-6.684618590982859,0,0,0,10.0,20.0,0.1,0.03,0.0,8.0,0.0
v1_sparse,1,22,1.3472085493985377,1.3454138276758496,-1.2252173810774687,3.063219458395896,-6.105939163433681,7.8927460905438,0,0,0,10.0,20.0,0.1,0.03,0.0,8.0,0.0
v1_sparse,1,23,1.3498958139036117,1.3472085493985377,-1.2252173810774687,3.8217320686156944,-8.0,0.6650515435789885,0,0,0,10.0,20.0,0.1,0.03,0.0,8.0,0.0
v1_sparse,1,24,1.3511819618433125,1.3498958139036117,-1.2252173810774687,4.650070092331248,-0.23876370148054138,3.162213068544107,0,0,0,10.0,20.0,0.1,0.03,0.0,8.0,0.0
v1_sparse,1,25,1.3494879544098597,1.3511819618433125,-1.2252173810774687,4.287265408850578,1.6937475991937905,-0.8809251182122698,0,0,0,10.0,20.0,0.1,0.03,0.0,8.0,0.0
v1_sparse,1,26,1.3465937895604638,1.3494879544098597,-1.2252173810774687,2.841794581559264,-8.0,-7.69583674291427,0,0,0,10.0,20.0,0.1,0.03,0.0,8.0,0.0
v1_sparse,1,27,1.3431642781614983,1.3465937895604638,-1.2252173810774687,3.345761410086009,0.49837508671600894,2.167651995488436,0,0,0,10.0,20.0,0.1,0.03,0.0,8.0,0.0
v1_sparse,1,28,1.336424987205984,1.3431642781614983,-1.2252173810774687,4.59571475372278,-8.0,2.144222537869501,0,0,0,10.0,20.0,0.1,0.03,0.0,8.0,0.0
v1_sparse,1,29,1.3283205736651784,1.336424987205984,-1.2252173810774687,2.851859435099781,2.794840315924875,-4.771085946481635,0,0,0,10.0,20.0,0.1,0.03,0.0,8.0,0.0
v1_sparse,1,30,1.3199873047995097,1.3283205736651784,-1.2252173810774687,3.2835522741170733,4.702574295000977,3.4292035768073257,0,0,0,10.0,20.0,0.1,0.03,0.0,8.0,0.0
v1_sparse,1,31,1.3104476771199456,1.3199873047995097,-1.2252173810774687,2.6140033604493653,-1.3734609157306024,-2.415654532281457,0,0,0,10.0,20.0,0.1,0.03,0.0,8.0,0.0
v1_sparse,1,32,1.2979086846723558,1.3104476771199456,-1.2252173810774687,3.891967251079215,2.6357308802841413,6.10005163055535,0,0,0,10.0,20.0,0.1,0.03,0.0,8.0,0.0
v1_sparse,1,33,1.275639979150702,1.2979086846723558,-1.2252173810774687,5.570141804986078,-4.0833275818510275,6.2797079612352,0,0,0,10.0,20.0,0.1,0.03,0.0,8.0,0.0
v1_sparse,1,34,1.2404447268787007,1.275639979150702,-1.2252173810774687,6.799534183876356,0.5996354655223544,7.404201396056381,0,0,0,10.0,20.0,0.1,0.03,0.0,8.0,0.0
v1_sparse,1,35,1.1898466364110734,1.2404447268787007,-1.2252173810774687,7.973663584189325,-6.065005303879213,7.073743223240689,0,0,0,10.0,20.0,0.1,0.03,0.0,8.0,0.0
v1_sparse,1,36,1.126705280186911,1.1898466364110734,-1.2252173810774687,7.656371608249276,3.782925618153056,3.8156366937283837,0,0,0,10.0,20.0,0.1,0.03,0.0,8.0,0.0
v1_sparse,1,37,1.0567648425597482,1.126705280186911,-1.2252173810774687,7.208944655932911,6.333310666076691,3.591350225394637,0,0,0,10.0,20.0,0.1,0.03,0.0,8.0,0.0
v1_sparse,1,38,0.9824076440191176,1.0567648425597482,-1.2252173810774687,6.8449064628474465,-6.244841757201203,-0.08781784670068385,0,0,0,10.0,20.0,0.1,0.03,0.0,8.0,0.0
v1_sparse,1,39,0.907361926109476,0.9824076440191176,-1.2252173810774687,6.152526624788873,-0.974668062924078,-2.121277356912636,0,0,0,10.0,20.0,0.1,0.03,0.0,8.0,0.0
v1_sparse,1,40,0.8341157492276964,0.907361926109476,-1.2252173810774687,5.564882940896211,2.8347242688266516,-1.3293631386225377,0,0,0,10.0,20.0,0.1,0.03,0.0,8.0,0.0
v1_sparse,1,41,0.7558867116890853,0.8341157492276964,-1.2252173810774687,6.084622900438038,-4.265504758480587,8.0,0,0,0,10.0,20.0,0.1,0.03,0.0,8.0,0.0
v1_sparse,1,42,0.6729700128393848,0.7558867116890853,-1.2252173810774687,5.665143870244414,-6.3791468991582985,-2.911065411613524,0,0,0,10.0,20.0,0.1,0.03,0.0,8.0,0.0
v1_sparse,1,43,0.590972179176723,0.6729700128393848,-1.2252173810774687,5.44158243923948,-0.6643455600178095,0.2535594872049072,0,0,0,10.0,20.0,0.1,0.03,0.0,8.0,0.0
v1_sparse,1,44,0.5058804862278236,0.590972179176723,-1.2252173810774687,5.618629538290875,-5.550475487472963,4.237347383224147,0,0,0,10.0,20.0,0.1,0.03,0.0,8.0,0.0
v1_sparse,1,45,0.4168515362112099,0.5058804862278236,-1.2252173810774687,5.577610004874029,-0.6288877695421508,2.3109568820917588,0,0,0,10.0,20.0,0.1,0.03,0.0,8.0,0.0
v1_sparse,1,46,0.33206301126785165,0.4168515362112099,-1.2252173810774687,4.874525876057234,0.7600901050100678,-8.0,0,0,0,10.0,20.0,0.1,0.03,0.0,8.0,0.0
v1_sparse,1,47,0.2516609447255874,0.33206301126785165,-1.2252173810774687,5.000994603553254,1.788658005732279,4.3432331286487,0,0,0,10.0,20.0,0.1,0.03,0.0,8.0,0.0
v1_sparse,1,48,0.17553960743489883,0.2516609447255874,-1.2252173810774687,4.883610763794426,-2.6111939419585863,-0.4595543544448359,0,0,0,10.0,20.0,0.1,0.03,0.0,8.0,0.0
v1_sparse,1,49,0.12055661875283685,0.17553960743489883,-1.2252173810774687,4.842451683965981,1.0802922910977277,0.9364238091898938,0,0,0,10.0,20.0,0.1,0.03,0.0,8.0,0.0
v1_sparse,1,50,0.12335754058991658,0.12055661875283685,-1.2252173810774687,4.925663206496669,-4.695948928804604,2.247980262838117,0,0,0,10.0,20.0,0.1,0.03,0.0,8.0,0.0
v1_sparse,1,51,0.18633663423304053,0.12335754058991658,-1.2252173810774687,5.069944389447691,1.0435258568464876,3.398068249447264,0,0,0,10.0,20.0,0.1,0.03,0.0,8.0,0.0
v1_sparse,1,52,0.26913018199284133,0.18633663423304053,-1.2252173810774687,4.558074036837121,-2.171723901405929,-8.0,0,0,0,10.0,20.0,0.1,0.03,0.0,8.0,0.0
v1_sparse,1,53,0.35694760073566867,0.26913018199284133,-1.2252173810774687,4.80096913536013,3.362776889395833,4.1673998686583715,0,0,0,10.0,20.0,0.1,0.03,0.0,8.0,0.0
v1_sparse,1,54,0.44698860357587056,0.35694760073566867,-1.2252173810774687,4.451264175147657,-7.201285073793584,-4.966051360812457,0,0,0,10.0,20.0,0.1,0.03,0.0,8.0,0.0
v1_sparse,1,55,0.5371535482758549,0.44698860357587056,-1.2252173810774687,4.670828185283978,8.0,2.440520190619124,0,0,0,10.0,20.0,0.1,0.03,0.0,8.0,0.0
v1_sparse,1,56,0.6335331938330255,0.5371535482758549,-1.2252173810774687,4.979075674969722,-1.1311507223473916,4.729233167910927,0,0,0,10.0,20.0,0.1,0.03,0.0,8.0,0.0
v1_sparse,1,57,0.7304265408480692,0.6335331938330255,-1.2252173810774687,4.747269059584376,2.052266687332303,-4.109106735770588,0,0,0,10.0,20.0,0.1,0.03,0.0,8.0,0.0
v1_sparse,1,58,0.8269148888380727,0.7304265408480692,-1.2252173810774687,5.049437247138234,1.5704927017845933,4.023927849593783,0,0,0,10.0,20.0,0.1,0.03,0.0,8.0,0.0
v1_sparse,1,59,0.9260597150212254,0.8269148888380727,-1.2252173810774687,5.223187486369967,5.199433878887727,1.3449668636379124,0,0,0,10.0,20.0,0.1,0.03,0.0,8.0,0.0
v1_sparse,1,60,1.0251343184338488,0.9260597150212254,-1.2252173810774687,5.368315338299956,6.290086726216585,1.0060729858655113,0,0,0,10.0,20.0,0.1,0.03,0.0,8.0,0.0
v1_sparse,1,61,1.119257419032287,1.0251343184338488,-1.2252173810774687,5.049654455337224,-4.528144955328998,-2.1276682367701056,0,0,0,10.0,20.0,0.1,0.03,0.0,8.0,0.0
v1_sparse,1,62,1.2114584290825359,1.119257419032287,-1.2252173810774687,5.514679382553798,2.4761588234365894,7.838620919323817,0,0,0,10.0,20.0,0.1,0.03,0.0,8.0,0.0
v1_sparse,1,63,1.3006137846504628,1.2114584290825359,-1.2252173810774687,5.133368893849618,1.1106275683526934,-4.346545018010596,0,0,0,10.0,20.0,0.1,0.03,0.0,8.0,0.0
v1_sparse,1,64,1.383614455779243,1.3006137846504628,-1.2252173810774687,5.143462202476525,-3.063935367910177,2.1392752299199373,0,0,0,10.0,20.0,0.1,0.03,0.0,8.0,0.0
v1_sparse,1,65,1.4650861929017995,1.383614455779243,-1.2252173810774687,5.303876561425353,-0.5099608466283212,3.9023767712955877,0,0,0,10.0,20.0,0.1,0.03,0.0,8.0,0.0
v1_sparse,1,66,1.5457460611203488,1.4650861929017995,-1.2252173810774687,5.455811861524397,2.050818462472447,3.3390112026966663,0,0,0,10.0,20.0,0.1,0.03,0.0,8.0,0.0
v1_sparse,1,67,1.621035158370542,1.5457460611203488,-1.2252173810774687,4.954276085421065,-4.160547099211841,-8.0,0,0,0,10.0,20.0,0.1,0.03,0.0,8.0,0.0
v1_sparse,1,68,1.6915243924865615,1.621035158370542,-1.2252173810774687,5.11638888638256,1.822966587534468,2.7732840000220036,0,0,0,10.0,20.0,0.1,0.03,0.0,8.0,0.0
v1_sparse,1,69,1.7609915241678533,1.6915243924865615,-1.2252173810774687,5.269433945657817,8.0,2.8461285069812923,0,0,0,10.0,20.0,0.1,0.03,0.0,8.0,0.0
v1_sparse,1,70,1.8258630161478304,1.7609915241678533,-1.2252173810774687,4.850244863446693,-4.096078285682789,-8.0,0,0,0,10.0,20.0,0.1,0.03,0.0,8.0,0.0
v1_sparse,1,71,1.8828071522899512,1.8258630161478304,-1.2252173810774687,4.355358017590999,3.802409752637291,-8.0,0,0,0,10.0,20.0,0.1,0.03,0.0,8.0,0.0
v1_sparse,1,72,1.9351261806975188,1.8828071522899512,-1.2252173810774687,4.461799345088317,-0.34967913490021957,0.6952837625730014,0,0,0,10.0,20.0,0.1,0.03,0.0,8.0,0.0
v1_sparse,1,73,1.9862478542471003,1.9351261806975188,-1.2252173810774687,4.524634181632194,0.5607533810594646,-0.013438804400446216,0,0,0,10.0,20.0,0.1,0.03,0.0,8.0,0.0
v1_sparse,1,74,2.0354205054062917,1.9862478542471003,-1.2252173810774687,4.50885609901859,-1.6822657909839887,-1.7597107981198188,0,0,0,10.0,20.0,0.1,0.03,0.0,8.0,0.0
v1_sparse,1,75,2.0842472032128363,2.0354205054062917,-1.2252173810774687,4.844079846808277,-8.0,1.2388434216066635,0,0,0,10.0,20.0,0.1,0.03,0.0,8.0,0.0
v1_sparse,1,76,2.1314235576514267,2.0842472032128363,-1.2252173810774687,4.680448790990738,6.454814832153779,-1.941404610875345,0,0,0,10.0,20.0,0.1,0.03,0.0,8.0,0.0
v1_sparse,1,77,2.177784431503166,2.1314235576514267,-1.2252173810774687,5.370136721186078,-2.51058946285187,5.754679772817153,0,0,0,10.0,20.0,0.1,0.03,0.0,8.0,0.0
v1_sparse,1,78,2.2275420997988173,2.177784431503166,-1.2252173810774687,6.288691186495963,-4.954662140361144,6.225648205019806,0,0,0,10.0,20.0,0.1,0.03,0.0,8.0,0.0
v1_sparse,1,79,2.276650970945362,2.2275420997988173,-1.2252173810774687,6.347640039829032,-2.227104445245127,-2.84424527065339,0,0,0,10.0,20.0,0.1,0.03,0.0,8.0,0.0
v1_sparse,1,80,2.3222771898449013,2.276650970945362,-1.2252173810774687,6.902190174621081,-2.6645350934124163,1.1310261118107916,0,0,0,10.0,20.0,0.1,0.03,0.0,8.0,0.0
v1_sparse,1,81,2.3651839227010814,2.3222771898449013,-1.2252173810774687,7.590420773195461,-7.253316959708307,-0.18036780439381842,0,0,0,10.0,20.0,0.1,0.03,0.0,8.0,0.0
v1_sparse,1,82,2.402013321689152,2.3651839227010814,-1.2252173810774687,7.359304138376221,-7.706665853709304,-6.937721498590898,0,0,0,10.0,20.0,0.1,0.03,0.0,8.0,0.0
v1_sparse,1,83,2.429985657737271,2.402013321689152,-1.2252173810774687,7.215877936046667,3.2811178849005507,-2.158811377877983,0,0,0,10.0,20.0,0.1,0.03,0.0,8.0,0.0
v1_sparse,1,84,2.4496295417268534,2.429985657737271,-1.2252173810774687,7.321626844713741,-5.135806490896136,-2.8903259716789464,0,0,0,10.0,20.0,0.1,0.03,0.0,8.0,0.0
v1_sparse,1,85,2.460605353492252,2.4496295417268534,-1.2252173810774687,7.309935317537388,8.0,1.3138498536338856,0,0,0,10.0,20.0,0.1,0.03,0.0,8.0,0.0
v1_sparse,1,86,2.462635513412783,2.460605353492252,-1.2252173810774687,7.086911618224867,-4.1095375485319385,-2.6463272219115255,0,0,0,10.0,20.0,0.1,0.03,0.0,8.0,0.0
v1_sparse,1,87,2.4586457427165787,2.462635513412783,-1.2252173810774687,4.871023232014628,1.116638040271576,-7.359169736474001,0,0,0,10.0,20.0,0.1,0.03,0.0,8.0,0.0
v1_sparse,1,88,2.4529296364323265,2.4586457427165787,-1.2252173810774687,3.9122032868849357,3.62083200333754,-1.776946224499105,0,0,0,10.0,20.0,0.1,0.03,0.0,8.0,0.0
v1_sparse,1,89,2.4424444944218053,2.4529296364323265,-1.2252173810774687,5.727606619599135,-3.0041862153921004,6.045868427412626,0,0,0,10.0,20.0,0.1,0.03,0.0,8.0,0.0
v1_sparse,1,90,2.420134598405811,2.4424444944218053,-1.2252173810774687,7.430883734466273,1.294464675181748,8.0,0,0,0,10.0,20.0,0.1,0.03,0.0,8.0,0.0
v1_sparse,1,91,2.3872324539060967,2.420134598405811,-1.2252173810774687,6.880104753250177,-1.7043017340062148,-0.5176624714371703,0,0,0,10.0,20.0,0.1,0.03,0.0,8.0,0.0
v1_sparse,1,92,2.352633228855721,2.3872324539060967,-1.2252173810774687,5.4261725715509534,5.690914084364964,-2.44850491928422,0,0,0,10.0,20.0,0.1,0.03,0.0,8.0,0.0
v1_sparse,1,93,2.321144587734982,2.352633228855721,-1.2252173810774687,4.300558336818834,5.211572037291953,-2.1955873715781484,0,0,0,10.0,20.0,0.1,0.03,0.0,8.0,0.0
v1_sparse,1,94,2.2962624380606376,2.321144587734982,-1.2252173810774687,2.9141762270274634,-1.9975518403655388,-6.908559201602075,0,0,0,10.0,20.0,0.1,0.03,0.0,8.0,0.0
v1_sparse,1,95,2.278133085185903,2.2962624380606376,-1.2252173810774687,2.3063981747423172,1.7548983098632374,-2.2208027164522077,0,0,0,10.0,20.0,0.1,0.03,0.0,8.0,0.0
v1_sparse,1,96,2.2598237636766028,2.278133085185903,-1.2252173810774687,2.706238201646003,-1.8907348404292714,2.451392913874675,0,0,0,10.0,20.0,0.1,0.03,0.0,8.0,0.0
v1_sparse,1,97,2.2424132672916692,2.2598237636766028,-1.2252173810774687,1.942071039800977,2.0293676075287586,-3.5751200685088,0,0,0,10.0,20.0,0.1,0.03,0.0,8.0,0.0
v1_sparse,1,98,2.2263728182617113,2.2424132672916692,-1.2252173810774687,2.284607770574484,-4.110851309338014,1.5042804859514922,0,0,0,10.0,20.0,0.1,0.03,0.0,8.0,0.0
v1_sparse,1,99,2.207326919599355,2.2263728182617113,-1.2252173810774687,2.540083415765629,-5.4066231134536915,0.7555615121824967,0,0,0,10.0,20.0,0.1,0.03,0.0,8.0,0.0
v1_sparse,1,100,2.187643242538116,2.207326919599355,-1.2252173810774687,2.3235903942993534,0.9234966029826549,-0.5908112355025144,0,0,0,10.0,20.0,0.1,0.03,0.0,8.0,0.0
v1_sparse,1,101,2.1659092309473666,2.187643242538116,-1.2252173810774687,2.8158467655064543,-5.884182887004185,2.7145853042054577,0,0,0,10.0,20.0,0.1,0.03,0.0,8.0,0.0
v1_sparse,1,102,2.140138325485168,2.1659092309473666,-1.2252173810774687,2.928460822801559,1.3781495354240938,2.2707463450669985,0,0,0,10.0,20.0,0.1,0.03,0.0,8.0,0.0
v1_sparse,1,103,2.1125936892198376,2.140138325485168,-1.2252173810774687,2.8535668279722826,3.2989862310933424,1.3386119087588861,0,0,0,10.0,20.0,0.1,0.03,0.0,8.0,0.0
v1_sparse,1,104,2.0899995171358534,2.1125936892198376,-1.2252173810774687,1.8887886755630794,2.7414844631213717,-7.032191041430637,0,0,0,10.0,20.0,0.1,0.03,0.0,8.0,0.0
v1_sparse,1,105,2.075749123115385,2.0899995171358534,-1.2252173810774687,1.3724334213391087,1.8679347482746744,-3.8251183209165327,0,0,0,10.0,20.0,0.1,0.03,0.0,8.0,0.0
v1_sparse,1,106,2.065788135225762,2.075749123115385,-1.2252173810774687,1.1390668373019328,1.382043108426123,-1.5444071716485637,0,0,0,10.0,20.0,0.1,0.03,0.0,8.0,0.0
v1_sparse,1,107,2.058851494660139,2.065788135225762,-1.2252173810774687,0.888006459746789,-0.4852640434185037,-2.4403839076116247,0,0,0,10.0,20.0,0.1,0.03,0.0,8.0,0.0
v1_sparse,1,108,2.051344167962069,2.058851494660139,-1.2252173810774687,1.2217634838417821,-0.7463410287806107,3.361267283441879,0,0,0,10.0,20.0,0.1,0.03,0.0,8.0,0.0
v1_sparse,1,109,2.045514321381285,2.051344167962069,-1.2252173810774687,0.6657843471492317,-0.2725297199293603,-5.716744448781563,0,0,0,10.0,20.0,0.1,0.03,0.0,8.0,0.0
v1_sparse,1,110,2.0455327700020582,2.045514321381285,-1.2252173810774687,0.5311253937151245,-5.996654245040055,-3.6175309807503475,0,0,0,10.0,20.0,0.1,0.03,0.0,8.0,0.0
v1_sparse,1,111,2.046344352226643,2.0455327700020582,-1.2252173810774687,0.7156826984721268,-3.5292060513552954,1.2687037898110283,0,0,0,10.0,20.0,0.1,0.03,0.0,8.0,0.0
v1_sparse,1,112,2.049230292891436,2.046344352226643,-1.2252173810774687,0.5172306102977873,-6.7577495718635125,-5.59260743371548,0,0,0,10.0,20.0,0.1,0.03,0.0,8.0,0.0
v1_sparse,1,113,2.0555031783823003,2.049230292891436,-1.2252173810774687,0.5423881100998174,-2.737687339722456,-0.5900376130546034,0,0,0,10.0,20.0,0.1,0.03,0.0,8.0,0.0
v1_sparse,1,114,2.061757742218925,2.0555031783823003,-1.2252173810774687,0.4447795199003141,8.0,1.5851164139924792,0,0,0,10.0,20.0,0.1,0.03,0.0,8.0,0.0
v1_sparse,1,115,2.0639839806290774,2.061757742218925,-1.2252173810774687,0.8375460234620057,-1.93686939884499,5.489257874987128,0,0,0,10.0,20.0,0.1,0.03,0.0,8.0,0.0
v1_sparse,1,116,2.064703650839583,2.0639839806290774,-1.2252173810774687,0.5773233503760529,0.2911380596623177,-3.204835125951617,0,0,0,10.0,20.0,0.1,0.03,0.0,8.0,0.0
v1_sparse,1,117,2.0685857792224485,2.064703650839583,-1.2252173810774687,0.5199689765114568,-1.2148411514981519,-1.4167238637129491,0,0,0,10.0,20.0,0.1,0.03,0.0,8.0,0.0
v1_sparse,1,118,2.0774717401637446,2.0685857792224485,-1.2252173810774687,0.5794309473310204,-2.1536171584873,-6.383884756947986,0,0,0,10.0,20.0,0.1,0.03,0.0,8.0,0.0
v1_sparse,1,119,2.0893453706114418,2.0774717401637446,-1.2252173810774687,0.557386907684765,-8.0,0.5218139509214479,0,0,0,10.0,20.0,0.1,0.03,0.0,8.0,0.0
v1_sparse,1,120,2.0983610601020515,2.0893453706114418,-1.2252173810774687,0.6009582624018979,-1.5435193854554767,2.534197978158858,0,0,0,10.0,20.0,0.1,0.03,0.0,8.0,0.0
v1_sparse,1,121,2.104273311115497,2.0983610601020515,-1.2252173810774687,0.6022131317301521,5.8585743428199155,2.9982358323495886,0,0,0,10.0,20.0,0.1,0.03,0.0,8.0,0.0
v1_sparse,1,122,2.1134962367333108,2.104273311115497,-1.2252173810774687,0.6306911650696987,4.380983215854108,-6.245456298513468,0,0,0,10.0,20.0,0.1,0.03,0.0,8.0,0.0
v1_sparse,1,123,2.129495249976669,2.1134962367333108,-1.2252173810774687,0.8873660564406335,-0.20252641217650427,-3.291499616446812,0,0,0,10.0,20.0,0.1,0.03,0.0,8.0,0.0
v1_sparse,1,124,2.152267847914516,2.129495249976669,-1.2252173810774687,1.6001263904674405,5.2460667090508535,-6.2533467935625415,0,0,0,10.0,20.0,0.1,0.03,0.0,8.0,0.0
v1_sparse,1,125,2.179489022861929,2.152267847914516,-1.2252173810774687,1.5446352630812812,-8.0,-1.3086262451319446,0,0,0,10.0,20.0,0.1,0.03,0.0,8.0,0.0
v1_sparse,1,126,2.2108307041191866,2.179489022861929,-1.2252173810774687,2.2638846560499855,0.9053947585627828,-6.474768570501602,0,0,0,10.0,20.0,0.1,0.03,0.0,8.0,0.0
v1_sparse,1,127,2.2470447436520975,2.2108307041191866,-1.2252173810774687,2.4720955341939304,1.2912807118887342,-1.2021058460799168,0,0,0,10.0,20.0,0.1,0.03,0.0,8.0,0.0
v1_sparse,1,128,2.2811181377564225,2.2470447436520975,-1.2252173810774687,2.0626214468287083,-4.746339372828394,2.600883814633186,0,0,0,10.0,20.0,0.1,0.03,0.0,8.0,0.0
v1_sparse,1,129,2.314816036811754,2.2811181377564225,-1.2252173810774687,2.5493807357876337,-1.252221472081885,-4.102835249137457,0,0,0,10.0,20.0,0.1,0.03,0.0,8.0,0.0
v1_sparse,1,130,2.34988222657971,2.314816036811754,-1.2252173810774687,2.565453764480179,5.6669166658121375,1.8513410672299226,0,0,0,10.0,20.0,0.1,0.03,0.0,8.0,0.0
v1_sparse,1,131,2.386108587034293,2.34988222657971,-1.2252173810774687,3.0545735058631007,-5.244472164544434,-4.736040447615801,0,0,0,10.0,20.0,0.1,0.03,0.0,8.0,0.0
v1_sparse,1,132,2.4244131199011214,2.386108587034293,-1.2252173810774687,3.2714884528267243,0.7893480784833348,-0.7582264842743839,0,0,0,10.0,20.0,0.1,0.03,0.0,8.0,0.0
v1_sparse,1,133,2.4628737664793183,2.4244131199011214,-1.2252173810774687,3.5811791708321667,1.7101358839608032,-0.9339437567944803,0,0,0,10.0,20.0,0.1,0.03,0.0,8.0,0.0
v1_sparse,1,134,2.5049755217075407,2.4628737664793183,-1.2252173810774687,4.660026909250903,-7.69220374052578,-8.0,0,0,0,10.0,20.0,0.1,0.03,0.0,8.0,0.0
v1_sparse,1,135,2.552738622498874,2.5049755217075407,-1.2252173810774687,5.860955365696166,-4.8748433632887735,-6.809269870545093,0,0,0,10.0,20.0,0.1,0.03,0.0,8.0,0.0
v1_sparse,1,136,2.60149782275907,2.552738622498874,-1.2252173810774687,6.732272431259041,4.00672667867914,-1.5516617347894905,0,0,0,10.0,20.0,0.1,0.03,0.0,8.0,0.0
v1_sparse,1,137,2.644427987165519,2.60149782275907,-1.2252173810774687,6.577379169922347,-7.678235039127126,-0.7318989395955684,0,0,0,10.0,20.0,0.1,0.03,0.0,8.0,0.0
v1_sparse,1,138,2.680185896706337,2.644427987165519,-1.2252173810774687,7.620198994374202,4.933719156023165,-1.87170529093474,0,0,0,10.0,20.0,0.1,0.03,0.0,8.0,0.0
v1_sparse,1,139,2.706738177189715,2.680185896706337,-1.2252173810774687,7.730837311901441,7.456213192259027,1.7886695031892492,0,0,0,10.0,20.0,0.1,0.03,0.0,8.0,0.0
v1_sparse,1,140,2.7211983548780427,2.706738177189715,-1.2252173810774687,7.137887082888586,3.4006020209245773,2.1190385971985037,0,0,0,10.0,20.0,0.1,0.03,0.0,8.0,0.0
v1_sparse,1,141,2.7253056093536463,2.7211983548780427,-1.2252173810774687,6.9931251816907585,-5.98890736750661,-3.0834966556545917,0,0,0,10.0,20.0,0.1,0.03,0.0,8.0,0.0
v1_sparse,1,142,2.7204506070344325,2.7253056093536463,-1.2252173810774687,6.927921191255607,-8.0,-4.616220092570017,0,0,0,10.0,20.0,0.1,0.03,0.0,8.0,0.0
v1_sparse,1,143,2.708950654734782,2.7204506070344325,-1.2252173810774687,5.515553498362656,0.8072160663753551,4.22031356246246,0,0,0,10.0,20.0,0.1,0.03,0.0,8.0,0.0
v1_sparse,1,144,2.691825209170962,2.708950654734782,-1.2252173810774687,5.978295573437305,1.3475237836863532,-4.468080300751089,0,0,0,10.0,20.0,0.1,0.03,0.0,8.0,0.0
v1_sparse,1,145,2.669792788367067,2.691825209170962,-1.2252173810774687,4.960666380326211,4.5577504294091495,4.694004269815881,0,0,0,10.0,20.0,0.1,0.03,0.0,8.0,0.0
v1_sparse,1,146,2.643674471092589,2.669792788367067,-1.2252173810774687,5.350144735693037,2.7264600878758505,-4.253923121465588,0,0,0,10.0,20.0,0.1,0.03,0.0,8.0,0.0
v1_sparse,1,147,2.6150405567412944,2.643674471092589,-1.2252173810774687,4.237289567179429,6.926030655339906,7.682748356744594,0,0,0,10.0,20.0,0.1,0.03,0.0,8.0,0.0
v1_sparse,1,148,2.590964835968807,2.6150405567412944,-1.2252173810774687,3.0355834856646955,0.2500773092339715,8.0,0,0,0,10.0,20.0,0.1,0.03,0.0,8.0,0.0
v1_sparse,1,149,2.5664580406561734,2.590964835968807,-1.2252173810774687,3.7037513578366803,-2.3246470742755494,-7.745928940433592,0,0,0,10.0,20.0,0.1,0.03,0.0,8.0,0.0
v1_sparse,1,150,2.536716511224294,2.5664580406561734,-1.2252173810774687,3.756668710832931,-2.805257341850733,-2.9918261601796163,0,0,0,10.0,20.0,0.1,0.03,0.0,8.0,0.0
v1_sparse,1,151,2.503769054764802,2.536716511224294,-1.2252173810774687,3.836743257308315,-0.7316359800720241,-2.814382736050452,0,0,0,10.0,20.0,0.1,0.03,0.0,8.0,0.0
v1_sparse,1,152,2.4672509993927756,2.503769054764802,-1.2252173810774687,3.8938558696246792,7.432005765248985,-0.5809610370738635,0,0,0,10.0,20.0,0.1,0.03,0.0,8.0,0.0
v1_sparse,1,153,2.429600624838893,2.4672509993927756,-1.2252173810774687,3.5369811222540544,-3.7467637793015283,1.252856205245303,0,0,0,10.0,20.0,0.1,0.03,0.0,8.0,0.0
v1_sparse,1,154,2.3942243258513116,2.429600624838893,-1.2252173810774687,3.0960420832814304,-3.9242973457025383,2.7966602864453987,0,0,0,10.0,20.0,0.1,0.03,0.0,8.0,0.0
v1_sparse,1,155,2.363033106579626,2.3942243258513116,-1.2252173810774687,2.539813906111971,-1.3124707953363177,5.5027233009745125,0,0,0,10.0,20.0,0.1,0.03,0.0,8.0,0.0
v1_sparse,1,156,2.335409246180494,2.363033106579626,-1.2252173810774687,2.3270622476807543,-5.500078873376211,0.7847962517911289,0,0,0,10.0,20.0,0.1,0.03,0.0,8.0,0.0
v1_sparse,1,157,2.309975614696374,2.335409246180494,-1.2252173810774687,2.060231788679316,1.16408925926794,3.087767698406901,0,0,0,10.0,20.0,0.1,0.03,0.0,8.0,0.0
v1_sparse,1,158,2.2841099066146757,2.309975614696374,-1.2252173810774687,2.2555840999035537,-3.650768628608738,-4.172331104489676,0,0,0,10.0,20.0,0.1,0.03,0.0,8.0,0.0
v1_sparse,1,159,2.2590227933829423,2.2841099066146757,-1.2252173810774687,1.8522284307327772,0.5565278563268964,5.389247193704678,0,0,0,10.0,20.0,0.1,0.03,0.0,8.0,0.0
v1_sparse,1,160,2.235652722833287,2.2590227933829423,-1.2252173810774687,1.8804147497135342,6.085462698145774,-0.28059777814909365,0,0,0,10.0,20.0,0.1,0.03,0.0,8.0,0.0
v1_sparse,1,161,2.213489937637542,2.235652722833287,-1.2252173810774687,1.557474082704692,5.109359123770956,5.1735527881401335,0,0,0,10.0,20.0,0.1,0.03,0.0,8.0,0.0
v1_sparse,1,162,2.1941170744715675,2.213489937637542,-1.2252173810774687,1.4398228492357403,0.31767575578262947,1.5618529544685074,0,0,0,10.0,20.0,0.1,0.03,0.0,8.0,0.0
v1_sparse,1,163,2.1746006493689634,2.1941170744715675,-1.2252173810774687,1.5362530181512224,-2.7038597182891206,-2.2422540416188164,0,0,0,10.0,20.0,0.1,0.03,0.0,8.0,0.0
v1_sparse,1,164,2.1540471762935667,2.1746006493689634,-1.2252173810774687,1.5245735793710153,0.43517005448422597,-0.18185641021089094,0,0,0,10.0,20.0,0.1,0.03,0.0,8.0,0.0
v1_sparse,1,165,2.1360645362441892,2.1540471762935667,-1.2252173810774687,1.286124745014554,-7.467201940991542,4.090387178973741,0,0,0,10.0,20.0,0.1,0.03,0.0,8.0,0.0
v1_sparse,1,166,2.1225332756701016,2.1360645362441892,-1.2252173810774687,1.123789749201549,0.9545820879351388,3.395908882791724,0,0,0,10.0,20.0,0.1,0.03,0.0,8.0,0.0
v1_sparse,1,167,2.106798046725089,2.1225332756701016,-1.2252173810774687,1.472572987498726,-1.4342525612048211,-7.961700256286258,0,0,0,10.0,20.0,0.1,0.03,0.0,8.0,0.0
v1_sparse,1,168,2.0838191395530066,2.106798046725089,-1.2252173810774687,1.734477511394325,8.0,-5.240248781939536,0,0,0,10.0,20.0,0.1,0.03,0.0,8.0,0.0
v1_sparse,1,169,2.056071121597278,2.0838191395530066,-1.2252173810774687,1.8524181527559285,2.5543326158655755,-2.4266990810486595,0,0,0,10.0,20.0,0.1,0.03,0.0,8.0,0.0
v1_sparse,1,170,2.027638950595062,2.056071121597278,-1.2252173810774687,1.736836532869042,0.3409265841999483,1.6710545474588268,0,0,0,10.0,20.0,0.1,0.03,0.0,8.0,0.0
v1_sparse,1,171,2.0025207184681477,2.027638950595062,-1.2252173810774687,1.4805189249446025,-1.7461877634435488,4.576614855424832,0,0,0,10.0,20.0,0.1,0.03,0.0,8.0,0.0
v1_sparse,1,172,1.9793096088140818,2.0025207184681477,-1.2252173810774687,1.5106840438269427,1.8410720467043769,-1.0052337805164204,0,0,0,10.0,20.0,0.1,0.03,0.0,8.0,0.0
v1_sparse,1,173,1.9537611976115574,1.9793096088140818,-1.2252173810774687,1.6725760009795285,-1.9178897663442533,-3.3120294159954264,0,0,0,10.0,20.0,0.1,0.03,0.0,8.0,0.0
v1_sparse,1,174,1.9241517763504379,1.9537611976115574,-1.2252173810774687,1.8584456592904786,3.2003249337812063,-4.016542306018718,0,0,0,10.0,20.0,0.1,0.03,0.0,8.0,0.0
v1_sparse,1,175,1.8897738670177218,1.9241517763504379,-1.2252173810774687,2.0606333719069765,3.028737792123483,-4.149720864366174,0,0,0,10.0,20.0,0.1,0.03,0.0,8.0,0.0
v1_sparse,1,176,1.8519466948605543,1.8897738670177218,-1.2252173810774687,2.1365057713662856,-0.582599988941753,-1.605296155784153,0,0,0,10.0,20.0,0.1,0.03,0.0,8.0,0.0
v1_sparse,1,177,1.813701645346505,1.8519466948605543,-1.2252173810774687,2.0503888633742564,1.1178969742480167,1.254999071996734,0,0,0,10.0,20.0,0.1,0.03,0.0,8.0,0.0
v1_sparse,1,178,1.7752738920455022,1.813701645346505,-1.2252173810774687,2.1472413374527473,-6.805976659294595,-1.139660947629277,0,0,0,10.0,20.0,0.1,0.03,0.0,8.0,0.0
v1_sparse,1,179,1.7377049472969193,1.7752738920455022,-1.2252173810774687,1.9615471308623305,3.2094640740452465,2.893394344376995,0,0,0,10.0,20.0,0.1,0.03,0.0,8.0,0.0
v1_sparse,1,180,1.700603696592211,1.7377049472969193,-1.2252173810774687,2.057882301329085,0.6018257930709668,-2.0893217755968974,0,0,0,10.0,20.0,0.1,0.03,0.0,8.0,0.0
v1_sparse,1,181,1.6582063381434375,1.700603696592211,-1.2252173810774687,2.4349625579152545,-3.1999820217201687,-6.573531732191081,0,0,0,10.0,20.0,0.1,0.03,0.0,8.0,0.0
v1_sparse,1,182,1.61288221133136,1.6582063381434375,-1.2252173810774687,2.3709237316170295,-5.519259685165877,2.5294133273057655,0,0,0,10.0,20.0,0.1,0.03,0.0,8.0,0.0
v1_sparse,1,183,1.5677440441445287,1.61288221133136,-1.2252173810774687,2.4908620478919787,-3.5078841918540165,-1.3285956906680825,0,0,0,10.0,20.0,0.1,0.03,0.0,8.0,0.0
v1_sparse,1,184,1.5214495505675967,1.5677440441445287,-1.2252173810774687,2.476642762372043,4.029652568678313,-0.9370354586374859,0,0,0,10.0,20.0,0.1,0.03,0.0,8.0,0.0
v1_sparse,1,185,1.478201929104524,1.5214495505675967,-1.2252173810774687,2.2586196690755136,-2.1278082791962034,5.214486508307602,0,0,0,10.0,20.0,0.1,0.03,0.0,8.0,0.0
v1_sparse,1,186,1.438668608475553,1.478201929104524,-1.2252173810774687,2.242470428572517,-0.3068233489367126,0.4873255045277234,0,0,0,10.0,20.0,0.1,0.03,0.0,8.0,0.0
v1_sparse,1,187,1.3975500356199682,1.438668608475553,-1.2252173810774687,2.459424171263984,-2.257649938974772,-3.450400861202531,0,0,0,10.0,20.0,0.1,0.03,0.0,8.0,0.0
v1_sparse,1,188,1.3539462099421113,1.3975500356199682,-1.2252173810774687,2.5525471073000765,-2.0757525664454173,-0.8562029478093208,0,0,0,10.0,20.0,0.1,0.03,0.0,8.0,0.0
v1_sparse,1,189,1.3112889506069274,1.3539462099421113,-1.2252173810774687,2.4674932063387884,1.9814269060504373,0.8168579723456515,0,0,0,10.0,20.0,0.1,0.03,0.0,8.0,0.0
v1_sparse,1,190,1.2738152032064995,1.3112889506069274,-1.2252173810774687,2.1607713551736083,3.7104066163053915,4.4179504837133265,0,0,0,10.0,20.0,0.1,0.03,0.0,8.0,0.0
v1_sparse,1,191,1.2412070775972448,1.2738152032064995,-1.2252173810774687,2.0662866319575772,3.406248008115625,-0.04818493452611928,0,0,0,10.0,20.0,0.1,0.03,0.0,8.0,0.0
v1_sparse,1,192,1.2107970045127254,1.2412070775972448,-1.2252173810774687,2.027604319570979,-0.7365643218781612,1.2231120621398688,0,0,0,10.0,20.0,0.1,0.03,0.0,8.0,0.0
v1_sparse,1,193,1.1827890052948034,1.2107970045127254,-1.2252173810774687,2.0179918035059674,-2.6947979608183843,1.931317837540722,0,0,0,10.0,20.0,0.1,0.03,0.0,8.0,0.0
v1_sparse,1,194,1.1546089036252873,1.1827890052948034,-1.2252173810774687,2.273217415884189,-6.208150369016416,-1.6919433968890076,0,0,0,10.0,20.0,0.1,0.03,0.0,8.0,0.0
v1_sparse,1,195,1.1226098068767596,1.1546089036252873,-1.2252173810774687,2.6326706500440333,-5.5619047559587695,-4.297346594649913,0,0,0,10.0,20.0,0.1,0.03,0.0,8.0,0.0
v1_sparse,1,196,1.092917004828792,1.1226098068767596,-1.2252173810774687,2.288811344673295,2.509478430584579,5.854213868332816,0,0,0,10.0,20.0,0.1,0.03,0.0,8.0,0.0
v1_sparse,1,197,1.06636838539883,1.092917004828792,-1.2252173810774687,2.6040408573410074,-7.519714410650019,-1.889344007267157,0,0,0,10.0,20.0,0.1,0.03,0.0,8.0,0.0
v1_sparse,1,198,1.0363922718873737,1.06636838539883,-1.2252173810774687,2.9277826874748745,0.8871691769908505,-8.0,0,0,0,10.0,20.0,0.1,0.03,0.0,8.0,0.0
v1_sparse,1,199,1.0037020908127912,1.0363922718873737,-1.2252173810774687,3.3425113582186206,-3.714826813939064,-5.788732936126304,0,0,0,10.0,20.0,0.1,0.03,0.0,8.0,0.0
v1_sparse,1,200,0.9752058617486301,1.0037020908127912,-1.2252173810774687,2.9814528778771026,8.0,1.4765499913578652,0,0,0,10.0,20.0,0.1,0.03,0.0,8.0,0.0
v1_sparse,2,1,1.9770978476012058,1.9782916122103613,-1.9782916122103613,0.645706848561453,-6.520934457245149,-5.549614019645337,0,0,0,10.0,20.0,0.1,0.03,0.0,8.0,0.0
v1_sparse,2,2,1.9738278965641007,1.9770978476012058,-1.9782916122103613,1.0071037988845075,1.5541746385039579,-1.6328888291160228,0,0,0,10.0,20.0,0.1,0.03,0.0,8.0,0.0
v1_sparse,2,3,1.9664528384485156,1.9738278965641007,-1.9782916122103613,2.344599553598215,-0.41224931978949747,-8.0,0,0,0,10.0,20.0,0.1,0.03,0.0,8.0,0.0
v1_sparse,2,4,1.954865353989312,1.9664528384485156,-1.9782916122103613,2.4498418831154942,6.592762709993524,0.7939323077721223,0,0,0,10.0,20.0,0.1,0.03,0.0,8.0,0.0
v1_sparse,2,5,1.9419339754836837,1.954865353989312,-1.9782916122103613,2.3937152513449393,4.09121955527473,0.9613579544341745,0,0,0,10.0,20.0,0.1,0.03,0.0,8.0,0.0
v1_sparse,2,6,1.9271326571284533,1.9419339754836837,-1.9782916122103613,2.6916578270132545,3.7048692110842225,-1.5229282994429765,0,0,0,10.0,20.0,0.1,0.03,0.0,8.0,0.0
v1_sparse,2,7,1.90943634010914,1.9271326571284533,-1.9782916122103613,3.0227753286427292,-8.0,-5.593575210473743,0,0,0,10.0,20.0,0.1,0.03,0.0,8.0,0.0
v1_sparse,2,8,1.892715630843049,1.90943634010914,-1.9782916122103613,2.1229566170986707,-1.8005977841571585,5.259888184387626,0,0,0,10.0,20.0,0.1,0.03,0.0,8.0,0.0
v1_sparse,2,9,1.875574098152111,1.892715630843049,-1.9782916122103613,2.7794337463608305,8.0,-3.386735567074245,0,0,0,10.0,20.0,0.1,0.03,0.0,8.0,0.0
v1_sparse,2,10,1.8513609079045985,1.875574098152111,-1.9782916122103613,3.6816178573015446,1.6920642029257893,-8.0,0,0,0,10.0,20.0,0.1,0.03,0.0,8.0,0.0
v1_sparse,2,11,1.8182656978178198,1.8513609079045985,-1.9782916122103613,4.5363296235943205,4.406215891935098,-8.0,0,0,0,10.0,20.0,0.1,0.03,0.0,8.0,0.0
v1_sparse,2,12,1.7823357951703782,1.8182656978178198,-1.9782916122103613,3.7977783767509625,-2.129852206896448,4.420790781638537,0,0,0,10.0,20.0,0.1,0.03,0.0,8.0,0.0
v1_sparse,2,13,1.7477904505670694,1.7823357951703782,-1.9782916122103613,3.671435050132769,8.0,1.8962262072663734,0,0,0,10.0,20.0,0.1,0.03,0.0,8.0,0.0
v1_sparse,2,14,1.7108633775161877,1.7477904505670694,-1.9782916122103613,3.8604680700242042,-2.085804672924676,-4.234385600562472,0,0,0,10.0,20.0,0.1,0.03,0.0,8.0,0.0
v1_sparse,2,15,1.6724358655438807,1.7108633775161877,-1.9782916122103613,3.6275607038952837,-2.076342304920441,0.46711067206568074,0,0,0,10.0,20.0,0.1,0.03,0.0,8.0,0.0
v1_sparse,2,16,1.635211735756277,1.6724358655438807,-1.9782916122103613,3.2910198771996955,5.1359228764531615,3.938731002835268,0,0,0,10.0,20.0,0.1,0.03,0.0,8.0,0.0
v1_sparse,2,17,1.597185237733053,1.635211735756277,-1.9782916122103613,3.462845752606733,3.084304633409648,-2.726062234962539,0,0,0,10.0,20.0,0.1,0.03,0.0,8.0,0.0
v1_sparse,2,18,1.55689823194346,1.597185237733053,-1.9782916122103613,3.425578276399364,3.1590581679450933,-0.11619704125278747,0,0,0,10.0,20.0,0.1,0.03,0.0,8.0,0.0
v1_sparse,2,19,1.5126088573673957,1.55689823194346,-1.9782916122103613,3.8894537593527545,-0.7031053389216813,-8.0,0,0,0,10.0,20.0,0.1,0.03,0.0,8.0,0.0
v1_sparse,2,20,1.4645238175404234,1.5126088573673957,-1.9782916122103613,3.8151009775179743,-0.3009680406168653,-0.588104569178005,0,0,0,10.0,20.0,0.1,0.03,0.0,8.0,0.0
v1_sparse,2,21,1.4163646285529752,1.4645238175404234,-1.9782916122103613,3.659180119833367,0.6447799739264369,0.996638987083015,0,0,0,10.0,20.0,0.1,0.03,0.0,8.0,0.0
v1_sparse,2,22,1.3683392181420841,1.4163646285529752,-1.9782916122103613,3.608515177281976,-6.1097851043275355,-1.6643472005000208,0,0,0,10.0,20.0,0.1,0.03,0.0,8.0,0.0
v1_sparse,2,23,1.3221354090203377,1.3683392181420841,-1.9782916122103613,3.228269479356399,0.5381858723471713,4.949326288965566,0,0,0,10.0,20.0,0.1,0.03,0.0,8.0,0.0
v1_sparse,2,24,1.2806408489253793,1.3221354090203377,-1.9782916122103613,2.774234859269027,-1.9461509297330797,6.134545233467949,0,0,0,10.0,20.0,0.1,0.03,0.0,8.0,0.0
v1_sparse,2,25,1.2445890836085078,1.2806408489253793,-1.9782916122103613,2.3126611055271256,7.50028893867524,8.0,0,0,0,10.0,20.0,0.1,0.03,0.0,8.0,0.0
v1_sparse,2,26,1.21160354121545,1.2445890836085078,-1.9782916122103613,2.2269168092638654,3.545241558811434,1.4272031041877555,0,0,0,10.0,20.0,0.1,0.03,0.0,8.0,0.0
v1_sparse,2,27,1.1758666967237479,1.21160354121545,-1.9782916122103613,2.619476556503947,4.880382682709196,-6.498371090021573,0,0,0,10.0,20.0,0.1,0.03,0.0,8.0,0.0
v1_sparse,2,28,1.135686778289475,1.1758666967237479,-1.9782916122103613,2.778793740146972,-1.068588537207979,-3.4535125011303793,0,0,0,10.0,20.0,0.1,0.03,0.0,8.0,0.0
v1_sparse,2,29,1.0928339302956231,1.135686778289475,-1.9782916122103613,2.9131217547825226,4.284375951602649,-2.478539389166668,0,0,0,10.0,20.0,0.1,0.03,0.0,8.0,0.0
v1_sparse,2,30,1.0470812259470457,1.0928339302956231,-1.9782916122103613,3.0971870671739143,0.7021986596765136,-3.7242708598125103,0,0,0,10.0,20.0,0.1,0.03,0.0,8.0,0.0
v1_sparse,2,31,0.999918571000466,1.0470812259470457,-1.9782916122103613,3.051895273922753,-2.9575694790280935,0.05283003918753931,0,0,0,10.0,20.0,0.1,0.03,0.0,8.0,0.0
v1_sparse,2,32,0.9531321919968122,0.999918571000466,-1.9782916122103613,3.00481055782165,-0.8795252698855732,0.3191397433309759,0,0,0,10.0,20.0,0.1,0.03,0.0,8.0,0.0
v1_sparse,2,33,0.9056431815065258,0.9531321919968122,-1.9782916122103613,3.110231698017463,-1.3563341756288114,-2.1511427629257676,0,0,0,10.0,20.0,0.1,0.03,0.0,8.0,0.0
v1_sparse,2,34,0.8573805784054492,0.9056431815065258,-1.9782916122103613,3.1072275342158386,-6.324623410906837,0.08324155967941371,0,0,0,10.0,20.0,0.1,0.03,0.0,8.0,0.0
v1_sparse,2,35,0.808940836787347,0.8573805784054492,-1.9782916122103613,3.1800894911583546,-7.698257505020549,-0.5113835073337081,0,0,0,10.0,20.0,0.1,0.03,0.0,8.0,0.0
v1_sparse,2,36,0.7620665613315889,0.808940836787347,-1.9782916122103613,2.888126853756509,2.722749358329948,4.259457240022525,0,0,0,10.0,20.0,0.1,0.03,0.0,8.0,0.0
v1_sparse,2,37,0.7154071713593172,0.7620665613315889,-1.9782916122103613,3.1566367755656732,-5.72252597280129,-3.198947761839162,0,0,0,10.0,20.0,0.1,0.03,0.0,8.0,0.0
v1_sparse,2,38,0.6676515641452622,0.7154071713593172,-1.9782916122103613,2.995886325790656,7.264776839309551,1.0803122873830158,0,0,0,10.0,20.0,0.1,0.03,0.0,8.0,0.0
v1_sparse,2,39,0.6197546797504575,0.6676515641452622,-1.9782916122103613,3.105398739529265,2.9184252227053364,-2.2840034166371663,0,0,0,10.0,20.0,0.1,0.03,0.0,8.0,0.0
v1_sparse,2,40,0.5721470837724485,0.6197546797504575,-1.9782916122103613,2.948606128857621,2.210032975342553,1.8133709566148117,0,0,0,10.0,20.0,0.1,0.03,0.0,8.0,0.0
v1_sparse,2,41,0.5281602378670703,0.5721470837724485,-1.9782916122103613,2.658887411732948,4.020551444279046,3.394485889721166,0,0,0,10.0,20.0,0.1,0.03,0.0,8.0,0.0
v1_sparse,2,42,0.4893261958887386,0.5281602378670703,-1.9782916122103613,2.370324458603479,5.992387796909255,3.238351235957181,0,0,0,10.0,20.0,0.1,0.03,0.0,8.0,0.0
v1_sparse,2,43,0.4500309514947527,0.4893261958887386,-1.9782916122103613,2.8429850682267954,-3.714214053023604,-6.834193928494232,0,0,0,10.0,20.0,0.1,0.03,0.0,8.0,0.0
v1_sparse,2,44,0.41266500424158814,0.4500309514947527,-1.9782916122103613,2.281028408549914,2.0147444825550607,8.0,0,0,0,10.0,20.0,0.1,0.03,0.0,8.0,0.0
v1_sparse,2,45,0.38155497428486934,0.41266500424158814,-1.9782916122103613,2.196178691336422,-6.058495559601161,2.1254961031510273,0,0,0,10.0,20.0,0.1,0.03,0.0,8.0,0.0
v1_sparse,2,46,0.34923658908356936,0.38155497428486934,-1.9782916122103613,2.6417433750841837,-5.452140916840958,-5.743587341293836,0,0,0,10.0,20.0,0.1,0.03,0.0,8.0,0.0
v1_sparse,2,47,0.3134784839174996,0.34923658908356936,-1.9782916122103613,3.09070940881865,3.330673699881448,-7.805608301651319,0,0,0,10.0,20.0,0.1,0.03,0.0,8.0,0.0
v1_sparse,2,48,0.27982961682090896,0.3134784839174996,-1.9782916122103613,3.0710602339478457,-1.339222433496688,0.10069014653148474,0,0,0,10.0,20.0,0.1,0.03,0.0,8.0,0.0
v1_sparse,2,49,0.25247325655835723,0.27982961682090896,-1.9782916122103613,3.1969042068931754,-4.5058843018507595,-1.4572562055219798,0,0,0,10.0,20.0,0.1,0.03,0.0,8.0,0.0
v1_sparse,2,50,0.23394393083672171,0.25247325655835723,-1.9782916122103613,3.382073435828835,0.42988029012722934,-3.590061179048373,0,0,0,10.0,20.0,0.1,0.03,0.0,8.0,0.0
v1_sparse,2,51,0.22908092436535468,0.23394393083672171,-1.9782916122103613,3.550524512290457,0.27368999822621515,-3.4201266028404214,0,0,0,10.0,20.0,0.1,0.03,0.0,8.0,0.0
v1_sparse,2,52,0.2412039442835942,0.22908092436535468,-1.9782916122103613,3.469301083141388,4.631360372714794,-0.1248942219821691,0,0,0,10.0,20.0,0.1,0.03,0.0,8.0,0.0
v1_sparse,2,53,0.26973257328400735,0.2412039442835942,-1.9782916122103613,3.9365681105576944,-2.108672706013401,-8.0,1,0,0,10.0,20.0,0.1,0.03,0.0,8.0,0.0
v1_sparse,3,1,1.7970501587440422,1.8017785072621708,-1.8017785072621708,0.5178605312094436,-8.0,-8.0,0,0,0,10.0,20.0,0.1,0.03,0.0,8.0,0.0
v1_sparse,3,2,1.7828987563781633,1.7970501587440422,-1.8017785072621708,1.0237757594186239,-8.0,-8.0,0,0,0,10.0,20.0,0.1,0.03,0.0,8.0,0.0
v1_sparse,3,3,1.7600971510497476,1.7828987563781633,-1.8017785072621708,1.4167166399125122,-8.0,-6.8440542786024166,0,0,0,10.0,20.0,0.1,0.03,0.0,8.0,0.0
v1_sparse,3,4,1.7311988444809079,1.7600971510497476,-1.8017785072621708,1.5656368920363475,-8.0,-3.9940821054405102,0,0,0,10.0,20.0,0.1,0.03,0.0,8.0,0.0
v1_sparse,3,5,1.698920350514105,1.7311988444809079,-1.8017785072621708,1.5966726256151953,-8.0,-2.500391420403462,0,0,0,10.0,20.0,0.1,0.03,0.0,8.0,0.0
v1_sparse,3,6,1.664639149737753,1.698920350514105,-1.8017785072621708,1.5753116386624857,-8.0,-1.7104039123010182,0,0,0,10.0,20.0,0.1,0.03,0.0,8.0,0.0
v1_sparse,3,7,1.6290473780278092,1.664639149737753,-1.8017785072621708,1.5358047341174978,-8.0,-1.2918060549939892,0,0,0,10.0,20.0,0.1,0.03,0.0,8.0,0.0
v1_sparse,3,8,1.592482428769112,1.6290473780278092,-1.8017785072621708,1.496640131339814,-8.0,-1.0767592279808902,0,0,0,10.0,20.0,0.1,0.03,0.0,8.0,0.0
v1_sparse,3,9,1.5550938812090613,1.592482428769112,-1.8017785072621708,1.4680976769770095,-8.0,-0.9795868930295377,0,0,0,10.0,20.0,0.1,0.03,0.0,8.0,0.0
v1_sparse,3,10,1.5169290796750794,1.5550938812090613,-1.8017785072621708,1.4558101292788455,-8.0,-0.9557439715621889,0,0,0,10.0,20.0,0.1,0.03,0.0,8.0,0.0
v1_sparse,3,11,1.4779780288454447,1.5169290796750794,-1.8017785072621708,1.46244082478863,-8.0,-0.9815732739529706,0,0,0,10.0,20.0,0.1,0.03,0.0,8.0,0.0
v1_sparse,3,12,1.438197604191706,1.4779780288454447,-1.8017785072621708,1.488566698541596,-8.0,-1.0442208589740893,0,0,0,10.0,20.0,0.1,0.03,0.0,8.0,0.0
v1_sparse,3,13,1.397525038946968,1.438197604191706,-1.8017785072621708,1.5332911016953548,-8.0,-1.136521215973664,0,0,0,10.0,20.0,0.1,0.03,0.0,8.0,0.0
v1_sparse,3,14,1.355885750912235,1.397525038946968,-1.8017785072621708,1.5947757761201309,-8.0,-1.2543479910778395,0,0,0,10.0,20.0,0.1,0.03,0.0,8.0,0.0
v1_sparse,3,15,1.3131981456837467,1.355885750912235,-1.8017785072621708,1.6707044096617152,-8.0,-1.3952118012646109,0,0,0,10.0,20.0,0.1,0.03,0.0,8.0,0.0
v1_sparse,3,16,1.2693768077529448,1.3131981456837467,-1.8017785072621708,1.758639355629901,-8.0,-1.5575024331991845,0,0,0,10.0,20.0,0.1,0.03,0.0,8.0,0.0
v1_sparse,3,17,1.224334861312211,1.2693768077529448,-1.8017785072621708,1.8562531823138535,-8.0,-1.7400713463511197,0,0,0,10.0,20.0,0.1,0.03,0.0,8.0,0.0
v1_sparse,3,18,1.1779859555355248,1.224334861312211,-1.8017785072621708,1.9614498481373146,-8.0,-1.9419978536150082,0,0,0,10.0,20.0,0.1,0.03,0.0,8.0,0.0
v1_sparse,3,19,1.1302733593278813,1.1779859555355248,-1.8017785072621708,2.064466743236789,-7.355070098685781,-2.1624566273066073,0,0,0,10.0,20.0,0.1,0.03,0.0,8.0,0.0
v1_sparse,3,20,1.0812316674131428,1.1302733593278813,-1.8017785072621708,2.1511996899788466,-5.8271504645388905,-2.3559824746279117,0,0,0,10.0,20.0,0.1,0.03,0.0,8.0,0.0
v1_sparse,3,21,1.0309946523854931,1.0812316674131428,-1.8017785072621708,2.22030159143795,-4.402105986879292,-2.4709167147143023,0,0,0,10.0,20.0,0.1,0.03,0.0,8.0,0.0
v1_sparse,3,22,0.9797553488879049,1.0309946523854931,-1.8017785072621708,2.2717620378289256,-3.0762950392824457,-2.5301090820511165,0,0,0,10.0,20.0,0.1,0.03,0.0,8.0,0.0
v1_sparse,3,23,0.9277398451580943,0.9797553488879049,-1.8017785072621708,2.3062045121053267,-1.8474194600605056,-2.5463723884528817,0,0,0,10.0,20.0,0.1,0.03,0.0,8.0,0.0
v1_sparse,3,24,0.8751916313119762,0.9277398451580943,-1.8017785072621708,2.3245754430182095,-0.7135975432057418,-2.527080885146454,0,0,0,10.0,20.0,0.1,0.03,0.0,8.0,0.0
v1_sparse,3,25,0.8223620251971507,0.8751916313119762,-1.8017785072621708,2.3279915578127808,0.32709854401263705,-2.47682560404122,0,0,0,10.0,20.0,0.1,0.03,0.0,8.0,0.0
v1_sparse,3,26,0.7695040864580514,0.8223620251971507,-1.8017785072621708,2.3176546869780736,1.2768418045377654,-2.3989254983567503,0,0,0,10.0,20.0,0.1,0.03,0.0,8.0,0.0
v1_sparse,3,27,0.7168685263899901,0.7695040864580514,-1.8017785072621708,2.2947979221044927,2.1381036716414688,-2.296254525028943,0,0,0,10.0,20.0,0.1,0.03,0.0,8.0,0.0
v1_sparse,3,28,0.6647007708246422,0.7168685263899901,-1.8017785072621708,2.2606485782716064,2.9136321694293894,-2.1716583410470633,0,0,0,10.0,20.0,0.1,0.03,0.0,8.0,0.0
v1_sparse,3,29,0.6132387240403088,0.6647007708246422,-1.8017785072621708,2.216401969878791,3.6063974085629855,-2.0281276203506793,0,0,0,10.0,20.0,0.1,0.03,0.0,8.0,0.0
v1_sparse,3,30,0.562711020242957,0.6132387240403088,-1.8017785072621708,2.163203326284216,4.219529206691902,-1.8688317243438366,0,0,0,10.0,20.0,0.1,0.03,0.0,8.0,0.0
v1_sparse,3,31,0.5133356990159388,0.562711020242957,-1.8017785072621708,2.1021363610795514,4.756260370936685,-1.6970775928622368,0,0,0,10.0,20.0,0.1,0.03,0.0,8.0,0.0
v1_sparse,3,32,0.4653193431463375,0.5133356990159388,-1.8017785072621708,2.0342173624013897,5.219881999384306,-1.5162341031381144,0,0,0,10.0,20.0,0.1,0.03,0.0,8.0,0.0
v1_sparse,3,33,0.41885680170470746,0.4653193431463375,-1.8017785072621708,1.9603937412948405,5.61371267119217,-1.3296462020526905,0,0,0,10.0,20.0,0.1,0.03,0.0,8.0,0.0
v1_sparse,3,34,0.37413171668382356,0.41885680170470746,-1.8017785072621708,1.881545988403114,5.941080723081113,-1.1405527035365006,0,0,0,10.0,20.0,0.1,0.03,0.0,8.0,0.0
v1_sparse,3,35,0.33131821382846083,0.37413171668382356,-1.8017785072621708,1.7984920297051816,6.205317363687017,-0.952014897938156,0,0,0,10.0,20.0,0.1,0.03,0.0,8.0,0.0
v1_sparse,3,36,0.2905843649080617,0.33131821382846083,-1.8017785072621708,1.711993058935847,6.40975774550453,-0.7668588766687008,0,0,0,10.0,20.0,0.1,0.03,0.0,8.0,0.0
v1_sparse,3,37,0.2520984840433237,0.2905843649080617,-1.8017785072621708,1.622760050426837,6.557747006825165,-0.5876319522337816,0,0,0,10.0,20.0,0.1,0.03,0.0,8.0,0.0
v1_sparse,3,38,0.21604018419693397,0.2520984840433237,-1.8017785072621708,1.5314603059066494,6.652648509256974,-0.41657219835275106,0,0,0,10.0,20.0,0.1,0.03,0.0,8.0,0.0
v1_sparse,3,39,0.182619763495072,0.21604018419693397,-1.8017785072621708,1.438723547195314,6.697851889702905,-0.2555895437599487,0,0,0,10.0,20.0,0.1,0.03,0.0,8.0,0.0
v1_sparse,3,40,0.15211250081833494,0.182619763495072,-1.8017785072621708,1.3451472225604608,6.696779025385389,-0.10625673025912707,0,0,0,10.0,20.0,0.1,0.03,0.0,8.0,0.0
v1_sparse,3,41,0.12491906788263117,0.15211250081833494,-1.8017785072621708,1.2513008414099502,6.652886516525605,0.030191422799700884,0,0,0,10.0,20.0,0.1,0.03,0.0,8.0,0.0
v1_sparse,3,42,0.10166522100171049,0.12491906788263117,-1.8017785072621708,1.1577292881713324,6.569663786559582,0.15285176685682833,0,0,0,10.0,20.0,0.1,0.03,0.0,8.0,0.0
v1_sparse,3,43,0.08332453531376284,0.10166522100171049,-1.8017785072621708,1.0649551939263573,6.450626362045812,0.2611406543327037,0,0,0,10.0,20.0,0.1,0.03,0.0,8.0,0.0
v1_sparse,3,44,0.07118964097843218,0.08332453531376284,-1.8017785072621708,0.9734805701133834,6.299304310128797,0.3547767128058199,0,0,0,10.0,20.0,0.1,0.03,0.0,8.0,0.0
v1_sparse,3,45,0.06622520538174537,0.07118964097843218,-1.8017785072621708,0.8837880445099253,6.119226171573424,0.4337592863389901,0,0,0,10.0,20.0,0.1,0.03,0.0,8.0,0.0
v1_sparse,3,46,0.0678722355576639,0.06622520538174537,-1.8017785072621708,0.7963422073973987,5.913899025184417,0.49834319924664605,0,0,0,10.0,20.0,0.1,0.03,0.0,8.0,0.0
v1_sparse,3,47,0.07400519575856142,0.0678722355576639,-1.8017785072621708,0.7115918148109467,5.686785549363112,0.5490104899583641,0,0,0,10.0,20.0,0.1,0.03,0.0,8.0,0.0
v1_sparse,3,48,0.08232937727911858,0.07400519575856142,-1.8017785072621708,0.629973980697428,5.441279104516648,0.5864397963717058,0,0,0,10.0,20.0,0.1,0.03,0.0,8.0,0.0
v1_sparse,3,49,0.09125413531159547,0.08232937727911858,-1.8017785072621708,0.5519221652778823,5.180677944017632,0.6114741272683544,0,0,0,10.0,20.0,0.1,0.03,0.0,8.0,0.0
v1_sparse,3,50,0.09986886242189658,0.09125413531159547,-1.8017785072621708,0.4778810174953603,4.908159672400057,0.6250878057653502,0,0,0,10.0,20.0,0.1,0.03,0.0,8.0,0.0
v1_sparse,3,51,0.10769169756785006,0.09986886242189658,-1.8017785072621708,0.4083335102351587,4.626757012130305,0.6283534026265609,0,0,0,10.0,20.0,0.1,0.03,0.0,8.0,0.0
v1_sparse,3,52,0.11448233140937955,0.10769169756785006,-1.8017785072621708,0.343850327391889,4.339335823180463,0.6224094770216388,0,0,0,10.0,20.0,0.1,0.03,0.0,8.0,0.0
v1_sparse,3,53,0.12013525469620977,0.11448233140937955,-1.8017785072621708,0.2851794671377081,4.048576154900941,0.6084299034636662,0,0,0,10.0,20.0,0.1,0.03,0.0,8.0,0.0
v1_sparse,3,54,0.12462206182619008,0.12013525469620977,-1.8017785072621708,0.23340431074070878,3.7569569121743744,0.5875954856103476,0,0,0,10.0,20.0,0.1,0.03,0.0,8.0,0.0
v1_sparse,3,55,0.1279598462097358,0.12462206182619008,-1.8017785072621708,0.19018920911660855,3.4667445037570754,0.5610684449782011,0,0,0,10.0,20.0,0.1,0.03,0.0,8.0,0.0
v1_sparse,3,56,0.13019323325521745,0.1279598462097358,-1.8017785072621708,0.1579904868065676,3.1799856261971327,0.529970233878382,0,0,0,10.0,20.0,0.1,0.03,0.0,8.0,0.0
v1_sparse,3,57,0.13138369736951708,0.13019323325521745,-1.8017785072621708,0.13958755232888226,2.898504136323546,0.49536296782844613,0,0,0,10.0,20.0,0.1,0.03,0.0,8.0,0.0
v1_sparse,3,58,0.13160291071210584,0.13138369736951708,-1.8017785072621708,0.13598942065934919,2.623901790844493,0.4582346148405,0,0,0,10.0,20.0,0.1,0.03,0.0,8.0,0.0
v1_sparse,3,59,0.1309284160233798,0.13160291071210584,-1.8017785072621708,0.14443436862543327,2.357562491364315,0.4194879281457624,0,0,0,10.0,20.0,0.1,0.03,0.0,8.0,0.0
v1_sparse,3,60,0.12944069685149456,0.1309284160233798,-1.8017785072621708,0.15999327782852935,2.1006595715814633,0.3799329741275286,0,0,0,10.0,20.0,0.1,0.03,0.0,8.0,0.0
v1_sparse,3,61,0.12722112450924403,0.12944069685149456,-1.8017785072621708,0.17846187620435386,1.8541656013338697,0.3402829950879014,0,0,0,10.0,20.0,0.1,0.03,0.0,8.0,0.0
v1_sparse,3,62,0.1243504789186133,0.12722112450924403,-1.8017785072621708,0.19721927524331737,1.6188641571217,0.3011532608470348,0,0,0,10.0,20.0,0.1,0.03,0.0,8.0,0.0
v1_sparse,3,63,0.12090786113037491,0.1243504789186133,-1.8017785072621708,0.21482750822938318,1.3953630159698684,0.26306250533590997,0,0,0,10.0,20.0,0.1,0.03,0.0,8.0,0.0
v1_sparse,3,64,0.11696988416613475,0.12090786113037491,-1.8017785072621708,0.23054310164481795,1.1841082626775292,0.22643651331185843,0,0,0,10.0,20.0,0.1,0.03,0.0,8.0,0.0
v1_sparse,3,65,0.11261006926798853,0.11696988416613475,-1.8017785072621708,0.24400949396406504,0.9853988526476187,0.19161341539136822,0,0,0,10.0,20.0,0.1,0.03,0.0,8.0,0.0
v1_sparse,3,66,0.10789839901958313,0.11261006926798853,-1.8017785072621708,0.2550882342941215,0.7994012366683281,0.15885026290187781,0,0,0,10.0,20.0,0.1,0.03,0.0,8.0,0.0
v1_sparse,3,67,0.10290099386299166,0.10789839901958313,-1.8017785072621708,0.2637675434860463,0.6261637239319082,0.1283304831625217,0,0,0,10.0,20.0,0.1,0.03,0.0,8.0,0.0
v1_sparse,3,68,0.09767988805860703,0.10290099386299166,-1.8017785072621708,0.2701113177442904,0.46563032992904674,0.10017185616682256,0,0,0,10.0,20.0,0.1,0.03,0.0,8.0,0.0
v1_sparse,3,69,0.09229288729722038,0.09767988805860703,-1.8017785072621708,0.2742294262942815,0.3176539225441455,0.07443470097935143,0,0,0,10.0,20.0,0.1,0.03,0.0,8.0,0.0
v1_sparse,3,70,0.08679349425998577,0.09229288729722038,-1.8017785072621708,0.2762595896740916,0.1820085398150204,0.05113001071313643,0,0,0,10.0,20.0,0.1,0.03,0.0,8.0,0.0
v1_sparse,3,71,0.08123089121026288,0.08679349425998577,-1.8017785072621708,0.2763558241099473,0.05840080466269337,0.030227325629021848,0,0,0,10.0,20.0,0.1,0.03,0.0,8.0,0.0
v1_sparse,3,72,0.07564997067217126,0.08123089121026288,-1.8017785072621708,0.27468077933306767,-0.05351959533135231,0.011662182307714958,0,0,0,10.0,20.0,0.1,0.03,0.0,8.0,0.0
v1_sparse,3,73,0.07009140670932883,0.07564997067217126,-1.8017785072621708,0.27140049145372774,-0.1541503613237467,-0.004656978703395875,0,0,0,10.0,20.0,0.1,0.03,0.0,8.0,0.0
v1_sparse,3,74,0.06459176046475316,0.07009140670932883,-1.8017785072621708,0.2666807005658985,-0.24392794281780406,-0.018842524943215377,0,0,0,10.0,20.0,0.1,0.03,0.0,8.0,0.0
v1_sparse,3,75,0.059183614601199024,0.06459176046475316,-1.8017785072621708,0.2606842242105931,-0.3233197589064436,-0.03102200811311919,0,0,0,10.0,20.0,0.1,0.03,0.0,8.0,0.0
v1_sparse,3,76,0.05389573220581136,0.059183614601199024,-1.8017785072621708,0.2535690698362855,-0.3928172254119988,-0.04133322034563098,0,0,0,10.0,20.0,0.1,0.03,0.0,8.0,0.0
v1_sparse,3,77,0.048753236713174025,0.05389573220581136,-1.8017785072621708,0.2454870810827225,-0.45292952627012983,-0.04991992419046983,0,0,0,10.0,20.0,0.1,0.03,0.0,8.0,0.0
v1_sparse,3,78,0.04377781062003563,0.048753236713174025,-1.8017785072621708,0.23658297993065758,-0.5041780656690151,-0.056928232302866505,0,0,0,10.0,20.0,0.1,0.03,0.0,8.0,0.0
v1_sparse,3,79,0.03898791249128598,0.04377781062003563,-1.8017785072621708,0.22699370863114698,-0.5470915386256923,-0.06250359984771142,0,0,0,10.0,20.0,0.1,0.03,0.0,8.0,0.0
v1_sparse,3,80,0.034399014530169525,0.03898791249128598,-1.8017785072621708,0.2168480023360295,-0.5822015609257087,-0.06678838362457007,0,0,0,10.0,20.0,0.1,0.03,0.0,8.0,0.0
v1_sparse,3,81,0.03002386794748945,0.034399014530169525,-1.8017785072621708,0.206266141387855,-0.610038803890828,-0.06991991625497096,0,0,0,10.0,20.0,0.1,0.03,0.0,8.0,0.0
v1_sparse,3,82,0.025872813100196068,0.03002386794748945,-1.8017785072621708,0.1953598446856463,-0.6311295846499818,-0.07202904085502101,0,0,0,10.0,20.0,0.1,0.03,0.0,8.0,0.0
v1_sparse,3,83,0.02195417217409615,0.025872813100196068,-1.8017785072621708,0.1842322744233628,-0.6459928679957563,-0.07323905089116348,0,0,0,10.0,20.0,0.1,0.03,0.0,8.0,0.0
v1_sparse,3,84,0.018274810697564498,0.02195417217409615,-1.8017785072621708,0.17297812901026346,-0.655137641169087,-0.07366498088942919,0,0,0,10.0,20.0,0.1,0.03,0.0,8.0,0.0
v1_sparse,3,85,0.014841078912274897,0.018274810697564498,-1.8017785072621708,0.16168380587776268,-0.6590606277956286,-0.07341319591193811,0,0,0,10.0,20.0,0.1,0.03,0.0,8.0,0.0
v1_sparse,3,86,0.011660704501951797,0.014841078912274897,-1.8017785072621708,0.15042761963759893,-0.658244311559513,-0.07258123086449977,0,0,0,10.0,20.0,0.1,0.03,0.0,8.0,0.0
v1_sparse,3,87,0.008747412780722913,0.011660704501951797,-1.8017785072621708,0.13928006400299991,-0.6531552439744431,-0.07125783445702394,0,0,0,10.0,20.0,0.1,0.03,0.0,8.0,0.0
v1_sparse,3,88,0.006134881639800559,0.008747412780722913,-1.8017785072621708,0.1283041082454635,-0.6442426137850346,-0.06952317676065108,0,0,0,10.0,20.0,0.1,0.03,0.0,8.0,0.0
v1_sparse,3,89,0.00393033582980502,0.006134881639800559,-1.8017785072621708,0.11755552090972296,-0.6319370581275945,-0.06744918359982219,0,0,0,10.0,20.0,0.1,0.03,0.0,8.0,0.0
v1_sparse,3,90,0.002541586917408497,0.00393033582980502,-1.8017785072621708,0.10708321520178263,-0.6166496976491096,-0.06509996533346259,0,0,0,10.0,20.0,0.1,0.03,0.0,8.0,0.0
v1_sparse,3,91,0.0027538165009405114,0.002541586917408497,-1.8017785072621708,0.09692961206146149,-0.5987713793928963,-0.06253231180418167,0,1,0,10.0,20.0,0.1,0.03,0.0,8.0,0.0
v1_sparse,3,92,0.004015701987666499,0.0027538165009405114,-1.8017785072621708,0.08713101864357575,-0.5786721124809177,-0.05979622928355702,0,1,0,10.0,20.0,0.1,0.03,0.0,8.0,0.0
v1_sparse,3,93,0.005456873768025095,0.004015701987666499,-1.8017785072621708,0.07771802209717298,-0.5567006825311236,-0.05693549905465569,0,1,0,10.0,20.0,0.1,0.03,0.0,8.0,0.0
v1_sparse,3,94,0.006825956614446571,0.005456873768025095,-1.8017785072621708,0.06871590176595112,-0.5331844314134508,-0.053988240810141884,0,1,0,10.0,20.0,0.1,0.03,0.0,8.0,0.0
v1_sparse,3,95,0.008060399982390937,0.006825956614446571,-1.8017785072621708,0.06014506848164289,-0.508429189435142,-0.050987467279293805,0,1,0,10.0,20.0,0.1,0.03,0.0,8.0,0.0
v1_sparse,3,96,0.009144086748157467,0.008060399982390937,-1.8017785072621708,0.052021550218262595,-0.4827193474109053,-0.04796161941689997,0,1,0,10.0,20.0,0.1,0.03,0.0,8.0,0.0
v1_sparse,3,97,0.010075527872426524,0.009144086748157467,-1.8017785072621708,0.04435756547803579,-0.45631805636440304,-0.04493507408698844,0,1,0,10.0,20.0,0.1,0.03,0.0,8.0,0.0
v1_sparse,3,98,0.010858928137129187,0.010075527872426524,-1.8017785072621708,0.03716227595300375,-0.4294675428629047,-0.04192861845876737,0,1,0,10.0,20.0,0.1,0.03,0.0,8.0,0.0
v1_sparse,3,99,0.01150105362624778,0.010858928137129187,-1.8017785072621708,0.030442934941636423,-0.4023895282370954,-0.03895988730864177,0,1,0,10.0,20.0,0.1,0.03,0.0,8.0,0.0
v1_sparse,3,100,0.012009923946953532,0.01150105362624778,-1.8017785072621708,0.024206995368745248,-0.37528574020545735,-0.036043761106291025,0,1,1,10.0,20.0,0.1,0.03,0.0,8.0,1.0
v2_distance,0,1,1.8023797450807917,1.8017785072621708,-1.8017785072621708,0.21294897189318918,-7.698416665902247,0.3076795872180677,0,0,0,10.0,20.0,0.1,0.03,0.0,8.0,-1.8023797450807917
v2_distance,0,2,1.8038540193058465,1.8023797450807917,-1.8017785072621708,0.18501695769417506,3.556278220208284,0.7325721291151347,0,0,0,10.0,20.0,0.1,0.03,0.0,8.0,-1.8038540193058465
v2_distance,0,3,1.8105242046491414,1.8038540193058465,-1.8017785072621708,0.781137800986163,4.1459706783519925,8.0,0,0,0,10.0,20.0,0.1,0.03,0.0,8.0,-1.8105242046491414
v2_distance,0,4,1.825378909442806,1.8105242046491414,-1.8017785072621708,1.3444775461885854,-7.0983521311891264,4.538270278300128,0,0,0,10.0,20.0,0.1,0.03,0.0,8.0,-1.825378909442806
v2_distance,0,5,1.8449716057707382,1.825378909442806,-1.8017785072621708,1.690656984656432,-7.997450195126229,1.6499739909728623,0,0,0,10.0,20.0,0.1,0.03,0.0,8.0,-1.8449716057707382
v2_distance,0,6,1.8702574358304374,1.8449716057707382,-1.8017785072621708,2.3515383427009198,-2.459729804567317,6.354042992105146,0,0,0,10.0,20.0,0.1,0.03,0.0,8.0,-1.8702574358304374
v2_distance,0,7,1.9015396814849734,1.8702574358304374,-1.8017785072621708,2.728287667423928,-4.129344929208112,2.4935673552881283,0,0,0,10.0,20.0,0.1,0.03,0.0,8.0,-1.9015396814849734
v2_distance,0,8,1.9294767596072504,1.9015396814849734,-1.8017785072621708,2.131655264642733,-6.072689844237705,-8.0,0,0,0,10.0,20.0,0.1,0.03,0.0,8.0,-1.9294767596072504
v2_distance,0,9,1.9574391292416926,1.9294767596072504,-1.8017785072621708,2.9265560817285996,2.0867229599602752,8.0,0,0,0,10.0,20.0,0.1,0.03,0.0,8.0,-1.9574391292416926
v2_distance,0,10,1.9866598815382561,1.9574391292416926,-1.8017785072621708,2.36000598344596,2.4966439499304967,-4.810395810021313,0,0,0,10.0,20.0,0.1,0.03,0.0,8.0,-1.9866598815382561
v2_distance,0,11,2.0142582410347942,1.9866598815382561,-1.8017785072621708,2.7670238457763303,1.2880585938822515,3.682438562304461,0,0,0,10.0,20.0,0.1,0.03,0.0,8.0,-2.0142582410347942
v2_distance,0,12,2.039165523605461,2.0142582410347942,-1.8017785072621708,1.926958359026208,5.718105728575955,-5.555571875025351,0,0,0,10.0,20.0,0.1,0.03,0.0,8.0,-2.039165523605461
v2_distance,0,13,2.0597879887029498,2.039165523605461,-1.8017785072621708,2.025578072025615,3.3421410972266035,1.686641691802222,0,0,0,10.0,20.0,0.1,0.03,0.0,8.0,-2.0597879887029498
v2_distance,0,14,2.0808726660172447,2.0597879887029498,-1.8017785072621708,2.0538244533534953,-0.15559239845403655,0.06327157976995067,0,0,0,10.0,20.0,0.1,0.03,0.0,8.0,-2.0808726660172447
v2_distance,0,15,2.099779832935239,2.0808726660172447,-1.8017785072621708,1.7962742639142557,-3.260399854536541,-2.9785537321283004,0,0,0,10.0,20.0,0.1,0.03,0.0,8.0,-2.099779832935239
v2_distance,0,16,2.116551259440595,2.099779832935239,-1.8017785072621708,1.7050547241320704,6.3898282395260635,1.2424248612848379,0,0,0,10.0,20.0,0.1,0.03,0.0,8.0,-2.116551259440595
v2_distance,0,17,2.1272703847794263,2.116551259440595,-1.8017785072621708,0.6548818595807239,-2.311122802174115,-8.0,0,0,0,10.0,20.0,0.1,0.03,0.0,8.0,-2.1272703847794263
v2_distance,0,18,2.130812174542236,2.1272703847794263,-1.8017785072621708,0.49076911968706144,-4.207506115535933,-2.426443811936932,0,0,0,10.0,20.0,0.1,0.03,0.0,8.0,-2.130812174542236
v2_distance,0,19,2.1290377758448384,2.130812174542236,-1.8017785072621708,0.26202712731610234,-6.159020015762976,-6.3855764399010315,0,0,0,10.0,20.0,0.1,0.03,0.0,8.0,-2.1290377758448384
v2_distance,0,20,2.1217986163113665,2.1290377758448384,-1.8017785072621708,0.5542295836313358,3.9647644050197535,-1.1866320708480547,0,0,0,10.0,20.0,0.1,0.03,0.0,8.0,-2.1217986163113665
v2_distance,0,21,2.1093837161846842,2.1217986163113665,-1.8017785072621708,1.1125394417175547,-8.0,-6.408733757302516,0,0,0,10.0,20.0,0.1,0.03,0.0,8.0,-2.1093837161846842
v2_distance,0,22,2.097567161826659,2.1093837161846842,-1.8017785072621708,0.3358817529952039,-1.438266669953434,5.351073112856299,0,0,0,10.0,20.0,0.1,0.03,0.0,8.0,-2.097567161826659
v2_distance,0,23,2.096863144084487,2.097567161826659,-1.8017785072621708,1.1748994631638805,-7.23076246355598,7.6325379623118454,0,0,0,10.0,20.0,0.1,0.03,0.0,8.0,-2.096863144084487
v2_distance,0,24,2.097123886633326,2.096863144084487,-1.8017785072621708,0.31528945082682147,-2.339160848106734,-8.0,0,0,0,10.0,20.0,0.1,0.03,0.0,8.0,-2.097123886633326
v2_distance,0,25,2.0965152088989196,2.097123886633326,-1.8017785072621708,1.0208434421058568,2.462833029837876,6.898041207305775,0,0,0,10.0,20.0,0.1,0.03,0.0,8.0,-2.0965152088989196
v2_distance,0,26,2.103270066903507,2.0965152088989196,-1.8017785072621708,1.514549423838284,-1.0646597241910178,3.1143192077965507,0,0,0,10.0,20.0,0.1,0.03,0.0,8.0,-2.103270066903507
v2_distance,0,27,2.1125303237151485,2.103270066903507,-1.8017785072621708,1.5799338883442404,-1.5258777341059588,-0.052695624874220706,0,0,0,10.0,20.0,0.1,0.03,0.0,8.0,-2.1125303237151485
v2_distance,0,28,2.1238365587083163,2.1125303237151485,-1.8017785072621708,1.8613777659396347,7.993999218489088,4.299774884435536,0,0,0,10.0,20.0,0.1,0.03,0.0,8.0,-2.1238365587083163
v2_distance,0,29,2.1439684828363808,2.1238365587083163,-1.8017785072621708,3.481520837572195,-5.772485704001382,8.0,0,0,0,10.0,20.0,0.1,0.03,0.0,8.0,-2.1439684828363808
v2_distance,0,30,2.174170098035544,2.1439684828363808,-1.8017785072621708,4.553046296210327,-4.901741985287238,4.070913584632323,0,0,0,10.0,20.0,0.1,0.03,0.0,8.0,-2.174170098035544
v2_distance,0,31,2.205777625146855,2.174170098035544,-1.8017785072621708,4.450443952518005,2.3907965043281534,-0.40531986604472686,0,0,0,10.0,20.0,0.1,0.03,0.0,8.0,-2.205777625146855
v2_distance,0,32,2.2336402600007164,2.205777625146855,-1.8017785072621708,4.315245903798431,0.9719679641191825,-0.7862677338780862,0,0,0,10.0,20.0,0.1,0.03,0.0,8.0,-2.2336402600007164
v2_distance,0,33,2.2551102553171614,2.2336402600007164,-1.8017785072621708,3.2997321318496646,4.017886606192838,-3.419710391606852,0,0,0,10.0,20.0,0.1,0.03,0.0,8.0,-2.2551102553171614
v2_distance,0,34,2.2740195433611157,2.2551102553171614,-1.8017785072621708,4.302714378446778,-5.63591937124729,2.2812861602862435,0,0,0,10.0,20.0,0.1,0.03,0.0,8.0,-2.2740195433611157
v2_distance,0,35,2.2914233261725334,2.2740195433611157,-1.8017785072621708,3.485166116820386,8.0,-0.6558895805487569,0,0,0,10.0,20.0,0.1,0.03,0.0,8.0,-2.2914233261725334
v2_distance,0,36,2.3036069778402366,2.2914233261725334,-1.8017785072621708,2.6559285487643005,8.0,-0.4234480601226903,0,0,0,10.0,20.0,0.1,0.03,0.0,8.0,-2.3036069778402366
v2_distance,0,37,2.3148103643933378,2.3036069778402366,-1.8017785072621708,3.2229443890802565,7.474762334748682,4.624367447014334,0,0,0,10.0,20.0,0.1,0.03,0.0,8.0,-2.3148103643933378
v2_distance,0,38,2.328266308223711,2.3148103643933378,-1.8017785072621708,4.195597310218891,2.509085552482668,4.498321868409636,0,0,0,10.0,20.0,0.1,0.03,0.0,8.0,-2.328266308223711
v2_distance,0,39,2.341443461147104,2.328266308223711,-1.8017785072621708,4.583035910886984,-4.01716465992668,0.47072682706376473,0,0,0,10.0,20.0,0.1,0.03,0.0,8.0,-2.341443461147104
v2_distance,0,40,2.349069472872292,2.341443461147104,-1.8017785072621708,2.85852174827297,-7.538656253940834,-8.0,0,0,0,10.0,20.0,0.1,0.03,0.0,8.0,-2.349069472872292
v2_distance,0,41,2.3519789501425614,2.349069472872292,-1.8017785072621708,2.164449158232398,4.410414260681922,-0.7155253364249501,0,0,0,10.0,20.0,0.1,0.03,0.0,8.0,-2.3519789501425614
v2_distance,0,42,2.3536897057727435,2.3519789501425614,-1.8017785072621708,1.834409617963977,4.827055010350675,0.6288858600879208,0,0,0,10.0,20.0,0.1,0.03,0.0,8.0,-2.3536897057727435
v2_distance,0,43,2.356151892722217,2.3536897057727435,-1.8017785072621708,4.198672477054113,-3.710626109306889,8.0,0,0,0,10.0,20.0,0.1,0.03,0.0,8.0,-2.356151892722217
v2_distance,0,44,2.357875367776049,2.356151892722217,-1.8017785072621708,3.6542134744190156,6.609976552748867,0.8229879591033583,0,0,0,10.0,20.0,0.1,0.03,0.0,8.0,-2.357875367776049
v2_distance,0,45,2.357493697705359,2.357875367776049,-1.8017785072621708,5.3128637920558175,0.10676270571990062,7.932891918088657,0,0,0,10.0,20.0,0.1,0.03,0.0,8.0,-2.357493697705359
v2_distance,0,46,2.352284323487548,2.357493697705359,-1.8017785072621708,6.585732774689382,-1.5450009623956507,7.317910138400408,0,0,0,10.0,20.0,0.1,0.03,0.0,8.0,-2.352284323487548
v2_distance,0,47,2.342385418202594,2.352284323487548,-1.8017785072621708,4.684707676511022,3.1421056699018397,-6.344764883533619,0,0,0,10.0,20.0,0.1,0.03,0.0,8.0,-2.342385418202594
v2_distance,0,48,2.330091704037759,2.342385418202594,-1.8017785072621708,5.100292871528234,3.5675778229746933,5.36342762765124,0,0,0,10.0,20.0,0.1,0.03,0.0,8.0,-2.330091704037759
v2_distance,0,49,2.3134715594147974,2.330091704037759,-1.8017785072621708,5.335679578249811,2.623005324816105,4.627454680575212,0,0,0,10.0,20.0,0.1,0.03,0.0,8.0,-2.3134715594147974
v2_distance,0,50,2.295072013000241,2.3134715594147974,-1.8017785072621708,4.384360385424437,6.598937592326516,-2.3581577460725516,0,0,0,10.0,20.0,0.1,0.03,0.0,8.0,-2.295072013000241
v2_distance,0,51,2.2775953585570705,2.295072013000241,-1.8017785072621708,3.9374531945430284,8.0,0.7757481374727973,0,0,0,10.0,20.0,0.1,0.03,0.0,8.0,-2.2775953585570705
v2_distance,0,52,2.2629583194486886,2.2775953585570705,-1.8017785072621708,2.713650700099344,4.002138305763635,-7.584525467979427,0,0,0,10.0,20.0,0.1,0.03,0.0,8.0,-2.2629583194486886
v2_distance,0,53,2.2503894644563953,2.2629583194486886,-1.8017785072621708,2.8425079363616437,4.8508093721722085,3.464965737406913,0,0,0,10.0,20.0,0.1,0.03,0.0,8.0,-2.2503894644563953
v2_distance,0,54,2.235491172449099,2.2503894644563953,-1.8017785072621708,3.1617906760054564,-2.8014337868090933,3.2776578410660426,0,0,0,10.0,20.0,0.1,0.03,0.0,8.0,-2.235491172449099
v2_distance,0,55,2.21734810050603,2.235491172449099,-1.8017785072621708,3.449909720407811,2.4257557480869925,4.806997338889704,0,0,0,10.0,20.0,0.1,0.03,0.0,8.0,-2.21734810050603
v2_distance,0,56,2.1988258753725836,2.21734810050603,-1.8017785072621708,2.9765008996638787,3.4358212591910817,-2.660950117296011,0,0,0,10.0,20.0,0.1,0.03,0.0,8.0,-2.1988258753725836
v2_distance,0,57,2.184006443302784,2.1988258753725836,-1.8017785072621708,2.1488173124591152,0.2634262638224102,-8.0,0,0,0,10.0,20.0,0.1,0.03,0.0,8.0,-2.184006443302784
v2_distance,0,58,2.172542118945359,2.184006443302784,-1.8017785072621708,1.872795164655287,0.10302230302511407,-2.4754386810723945,0,0,0,10.0,20.0,0.1,0.03,0.0,8.0,-2.172542118945359
v2_distance,0,59,2.1603903100980033,2.172542118945359,-1.8017785072621708,2.2649701094508226,5.130428339544292,6.444355692517118,0,0,0,10.0,20.0,0.1,0.03,0.0,8.0,-2.1603903100980033
v2_distance,0,60,2.14984350101787,2.1603903100980033,-1.8017785072621708,1.5015272852825177,3.078285801692774,-8.0,0,0,0,10.0,20.0,0.1,0.03,0.0,8.0,-2.14984350101787
v2_distance,0,61,2.144569484997008,2.14984350101787,-1.8017785072621708,1.0251874440181752,2.500615955255586,-5.3035976883826175,0,0,0,10.0,20.0,0.1,0.03,0.0,8.0,-2.144569484997008
v2_distance,0,62,2.1415071432012494,2.144569484997008,-1.8017785072621708,1.0345158392935823,2.1017389577437164,0.7596765551473202,0,0,0,10.0,20.0,0.1,0.03,0.0,8.0,-2.1415071432012494
v2_distance,0,63,2.1399167090660542,2.1415071432012494,-1.8017785072621708,0.6436332532198235,-5.234696758136948,-6.334636505482656,0,0,0,10.0,20.0,0.1,0.03,0.0,8.0,-2.1399167090660542
v2_distance,0,64,2.137581863343704,2.1399167090660542,-1.8017785072621708,1.1373461430762357,4.025527046646766,8.0,0,0,0,10.0,20.0,0.1,0.03,0.0,8.0,-2.137581863343704
v2_distance,0,65,2.1324744872766317,2.137581863343704,-1.8017785072621708,1.2317444749212374,-0.23794769941969476,1.5633496794541146,0,0,0,10.0,20.0,0.1,0.03,0.0,8.0,-2.1324744872766317
v2_distance,0,66,2.126854801388938,2.1324744872766317,-1.8017785072621708,1.1501622451115392,-2.631952175851693,-1.2975315138138488,0,0,0,10.0,20.0,0.1,0.03,0.0,8.0,-2.126854801388938
v2_distance,0,67,2.120044379669163,2.126854801388938,-1.8017785072621708,1.259324839102804,-8.0,0.39759266106757823,0,0,0,10.0,20.0,0.1,0.03,0.0,8.0,-2.120044379669163
v2_distance,0,68,2.1126060439638263,2.120044379669163,-1.8017785072621708,1.1227439787959739,0.9129251344644748,-1.4793943039126551,0,0,0,10.0,20.0,0.1,0.03,0.0,8.0,-2.1126060439638263
v2_distance,0,69,2.1064808358284886,2.1126060439638263,-1.8017785072621708,0.9824579764932613,0.5140240555645684,-1.7135045565305,0,0,0,10.0,20.0,0.1,0.03,0.0,8.0,-2.1064808358284886
v2_distance,0,70,2.1020318027162905,2.1064808358284886,-1.8017785072621708,0.8888139136259654,6.420128672643081,-0.3658464122953558,0,0,0,10.0,20.0,0.1,0.03,0.0,8.0,-2.1020318027162905
v2_distance,0,71,2.0970980676345348,2.1020318027162905,-1.8017785072621708,1.1608358266414083,1.264191348425364,4.612502899088039,0,0,0,10.0,20.0,0.1,0.03,0.0,8.0,-2.0970980676345348
v2_distance,0,72,2.0900806534901224,2.0970980676345348,-1.8017785072621708,1.2612886899297597,0.912871138571862,1.9395558072502999,0,0,0,10.0,20.0,0.1,0.03,0.0,8.0,-2.0900806534901224
v2_distance,0,73,2.0818380552361075,2.0900806534901224,-1.8017785072621708,1.234485218364341,-8.0,-1.1947343594901445,0,0,0,10.0,20.0,0.1,0.03,0.0,8.0,-2.0818380552361075
v2_distance,0,74,2.073297560337861,2.0818380552361075,-1.8017785072621708,1.2727736985804659,8.0,1.8749204651847118,0,0,0,10.0,20.0,0.1,0.03,0.0,8.0,-2.073297560337861
v2_distance,0,75,2.0649793446420324,2.073297560337861,-1.8017785072621708,1.3398445473916776,4.914916990595655,1.8868794716641761,0,0,0,10.0,20.0,0.1,0.03,0.0,8.0,-2.0649793446420324
v2_distance,0,76,2.058866997404508,2.0649793446420324,-1.8017785072621708,1.090089041554611,8.0,-3.591643013693985,0,0,0,10.0,20.0,0.1,0.03,0.0,8.0,-2.058866997404508
v2_distance,0,77,2.0534086376284826,2.058866997404508,-1.8017785072621708,1.255561847535338,-3.873744445187382,3.155402654492477,0,0,0,10.0,20.0,0.1,0.03,0.0,8.0,-2.0534086376284826
v2_distance,0,78,2.04613591499275,2.0534086376284826,-1.8017785072621708,1.3153957999247903,3.774053988299954,1.522940469595705,0,0,0,10.0,20.0,0.1,0.03,0.0,8.0,-2.04613591499275
v2_distance,0,79,2.040080683320941,2.04613591499275,-1.8017785072621708,1.1318443097813975,1.421220873330052,-3.1951205669465295,0,0,0,10.0,20.0,0.1,0.03,0.0,8.0,-2.040080683320941
v2_distance,0,80,2.0359052878844297,2.040080683320941,-1.8017785072621708,1.1393864435428478,4.96983742799765,0.17473221308068837,0,0,0,10.0,20.0,0.1,0.03,0.0,8.0,-2.0359052878844297
v2_distance,0,81,2.033403009919365,2.0359052878844297,-1.8017785072621708,1.0479653950194452,2.393007845854921,-2.2943542192739086,0,0,0,10.0,20.0,0.1,0.03,0.0,8.0,-2.033403009919365
v2_distance,0,82,2.0338455474020827,2.033403009919365,-1.8017785072621708,1.0507857741788462,8.0,-2.159742844418398,0,0,0,10.0,20.0,0.1,0.03,0.0,8.0,-2.0338455474020827
v2_distance,0,83,2.038320709464251,2.0338455474020827,-1.8017785072621708,1.0121000590272764,0.8003547301077883,-5.292827112776167,0,0,0,10.0,20.0,0.1,0.03,0.0,8.0,-2.038320709464251
v2_distance,0,84,2.044821846060271,2.038320709464251,-1.8017785072621708,0.9536759022940756,-3.8975182932035883,-0.21937575780639704,0,0,0,10.0,20.0,0.1,0.03,0.0,8.0,-2.044821846060271
v2_distance,0,85,2.0504763811362445,2.044821846060271,-1.8017785072621708,0.8929415094429262,-3.9482580635327245,0.6046893168349148,0,0,0,10.0,20.0,0.1,0.03,0.0,8.0,-2.0504763811362445
v2_distance,0,86,2.0549318235555134,2.0504763811362445,-1.8017785072621708,0.8346328205164253,-4.030600933224846,0.5847039972579755,0,0,0,10.0,20.0,0.1,0.03,0.0,8.0,-2.0549318235555134
v2_distance,0,87,2.0563913961335896,2.0549318235555134,-1.8017785072621708,0.9327907207025599,0.1341594180223405,5.912625838563922,0,0,0,10.0,20.0,0.1,0.03,0.0,8.0,-2.0563913961335896
v2_distance,0,88,2.0574547656820386,2.0563913961335896,-1.8017785072621708,0.8074338187302876,-2.4231843640393507,-5.280678559082436,0,0,0,10.0,20.0,0.1,0.03,0.0,8.0,-2.0574547656820386
v2_distance,0,89,2.063583968812534,2.0574547656820386,-1.8017785072621708,0.8534776813229348,-3.8501445760198036,-8.0,0,0,0,10.0,20.0,0.1,0.03,0.0,8.0,-2.063583968812534
v2_distance,0,90,2.0699622237837483,2.063583968812534,-1.8017785072621708,0.6217317830673005,-8.0,4.829234525610023,0,0,0,10.0,20.0,0.1,0.03,0.0,8.0,-2.0699622237837483
v2_distance,0,91,2.075139362151638,2.0699622237837483,-1.8017785072621708,0.7814619250487279,8.0,-1.8380180507316057,0,0,0,10.0,20.0,0.1,0.03,0.0,8.0,-2.075139362151638
v2_distance,0,92,2.0829563475075554,2.075139362151638,-1.8017785072621708,0.8489020919039552,0.4436086341603469,-2.1696672183617576,0,0,0,10.0,20.0,0.1,0.03,0.0,8.0,-2.0829563475075554
v2_distance,0,93,2.0926566352077196,2.0829563475075554,-1.8017785072621708,0.9620536759110907,4.568712541810793,-0.8313064208776727,0,0,0,10.0,20.0,0.1,0.03,0.0,8.0,-2.0926566352077196
v2_distance,0,94,2.103536182084251,2.0926566352077196,-1.8017785072621708,0.9833474742375369,-0.5957591450145073,-0.7360956171903457,0,0,0,10.0,20.0,0.1,0.03,0.0,8.0,-2.103536182084251
v2_distance,0,95,2.112281953718586,2.103536182084251,-1.8017785072621708,0.7205359160875386,-7.769956447018533,3.9719576505842102,0,0,0,10.0,20.0,0.1,0.03,0.0,8.0,-2.112281953718586
v2_distance,0,96,2.114514041637418,2.112281953718586,-1.8017785072621708,0.6546036331504105,-5.867172760318278,8.0,0,0,0,10.0,20.0,0.1,0.03,0.0,8.0,-2.114514041637418
v2_distance,0,97,2.112931661135963,2.114514041637418,-1.8017785072621708,0.7359650108557976,6.466047393770291,0.9096744779292314,0,0,0,10.0,20.0,0.1,0.03,0.0,8.0,-2.112931661135963
v2_distance,0,98,2.1107897136631975,2.112931661135963,-1.8017785072621708,0.666757336404195,-8.0,0.17589956079105812,0,0,0,10.0,20.0,0.1,0.03,0.0,8.0,-2.1107897136631975
v2_distance,0,99,2.107386490441474,2.1107897136631975,-1.8017785072621708,0.7514700484923837,3.545957570647739,1.7986416070728835,0,0,0,10.0,20.0,0.1,0.03,0.0,8.0,-2.107386490441474
v2_distance,0,100,2.0996508683098356,2.107386490441474,-1.8017785072621708,1.1114094690068963,-3.1021197053085343,8.0,0,0,0,10.0,20.0,0.1,0.03,0.0,8.0,-2.0996508683098356
v2_distance,0,101,2.088818564127043,2.0996508683098356,-1.8017785072621708,1.0482123585859406,3.5097056293080744,-1.10230586969971,0,0,0,10.0,20.0,0.1,0.03,0.0,8.0,-2.088818564127043
v2_distance,0,102,2.0785912835410367,2.088818564127043,-1.8017785072621708,1.1582451163424148,8.0,1.9063001068678256,0,0,0,10.0,20.0,0.1,0.03,0.0,8.0,-2.0785912835410367
v2_distance,0,103,2.067358381947797,2.0785912835410367,-1.8017785072621708,1.2389851003944126,0.7654395926001369,1.860788580141703,0,0,0,10.0,20.0,0.1,0.03,0.0,8.0,-2.067358381947797
v2_distance,0,104,2.0550619555759417,2.067358381947797,-1.8017785072621708,1.3266189637973864,5.830420903352646,1.502551685949174,0,0,0,10.0,20.0,0.1,0.03,0.0,8.0,-2.0550619555759417
v2_distance,0,105,2.042002413184177,2.0550619555759417,-1.8017785072621708,1.376146299399846,1.0549355911703118,1.206452426326879,0,0,0,10.0,20.0,0.1,0.03,0.0,8.0,-2.042002413184177
v2_distance,0,106,2.028808253953998,2.042002413184177,-1.8017785072621708,1.4389397949373381,8.0,0.37785776355054485,0,0,0,10.0,20.0,0.1,0.03,0.0,8.0,-2.028808253953998
v2_distance,0,107,2.01737845816156,2.028808253953998,-1.8017785072621708,1.226161499506902,-6.4892182614072915,-3.6995556875506908,0,0,0,10.0,20.0,0.1,0.03,0.0,8.0,-2.01737845816156
v2_distance,0,108,2.0047255817956895,2.01737845816156,-1.8017785072621708,1.4087459375845766,-2.355011522187112,5.181980199909306,0,0,0,10.0,20.0,0.1,0.03,0.0,8.0,-2.0047255817956895
v2_distance,0,109,1.9905053595165056,2.0047255817956895,-1.8017785072621708,1.3828868769059364,5.6378439615329095,-1.605689788421044,0,0,0,10.0,20.0,0.1,0.03,0.0,8.0,-1.9905053595165056
v2_distance,0,110,1.9781389828911438,1.9905053595165056,-1.8017785072621708,1.3222641031434037,0.0036048217784907456,-1.414347639577463,0,0,0,10.0,20.0,0.1,0.03,0.0,8.0,-1.9781389828911438
v2_distance,0,111,1.9689608517070318,1.9781389828911438,-1.8017785072621708,1.064047814102832,-6.886422710427522,-5.285195284073686,0,0,0,10.0,20.0,0.1,0.03,0.0,8.0,-1.9689608517070318
v2_distance,0,112,1.9613842743968988,1.9689608517070318,-1.8017785072621708,1.008101164905682,-6.2942750553193125,1.309669858525558,0,0,0,10.0,20.0,0.1,0.03,0.0,8.0,-1.9613842743968988
v2_distance,0,113,1.9535044238539063,1.9613842743968988,-1.8017785072621708,1.0373054589708885,3.8347048432977533,-0.701450261342628,0,0,0,10.0,20.0,0.1,0.03,0.0,8.0,-1.9535044238539063
v2_distance,0,114,1.944452805170471,1.9535044238539063,-1.8017785072621708,1.1004461330466362,-2.3291994022945883,3.301324031718902,0,0,0,10.0,20.0,0.1,0.03,0.0,8.0,-1.944452805170471
v2_distance,0,115,1.9377822340408954,1.944452805170471,-1.8017785072621708,0.8347629783924014,-4.472157272963682,-8.0,0,0,0,10.0,20.0,0.1,0.03,0.0,8.0,-1.9377822340408954
v2_distance,0,116,1.9344983913882177,1.9377822340408954,-1.8017785072621708,0.846770313614551,-0.35320895576809797,1.552345350407382,0,0,0,10.0,20.0,0.1,0.03,0.0,8.0,-1.9344983913882177
v2_distance,0,117,1.934048452863864,1.9344983913882177,-1.8017785072621708,0.7441490395855411,-5.2060797304044595,-6.883178697207376,0,0,0,10.0,20.0,0.1,0.03,0.0,8.0,-1.934048452863864
v2_distance,0,118,1.940753705356548,1.934048452863864,-1.8017785072621708,0.8841154882107097,-3.3657513188220496,-6.726952861075125,0,0,0,10.0,20.0,0.1,0.03,0.0,8.0,-1.940753705356548
v2_distance,0,119,1.9517307200477125,1.940753705356548,-1.8017785072621708,0.9216094617493211,-1.4813682308163372,-1.3702108549084098,0,0,0,10.0,20.0,0.1,0.03,0.0,8.0,-1.9517307200477125
v2_distance,0,120,1.961189494298272,1.9517307200477125,-1.8017785072621708,0.7609035839141272,0.6721217520946375,4.285099290771225,0,0,0,10.0,20.0,0.1,0.03,0.0,8.0,-1.961189494298272
v2_distance,0,121,1.9670291800219044,1.961189494298272,-1.8017785072621708,0.6785019028721676,-0.1412107346723652,2.670875589555165,0,0,0,10.0,20.0,0.1,0.03,0.0,8.0,-1.9670291800219044
v2_distance,0,122,1.9757284652715843,1.9670291800219044,-1.8017785072621708,1.007935903302289,2.0991282915481215,-7.782238293484992,0,0,0,10.0,20.0,0.1,0.03,0.0,8.0,-1.9757284652715843
v2_distance,0,123,1.9914423640045433,1.9757284652715843,-1.8017785072621708,1.2561867540762943,-1.1740623217535262,-5.238751775040221,0,0,0,10.0,20.0,0.1,0.03,0.0,8.0,-1.9914423640045433
v2_distance,0,124,2.0095681061712187,1.9914423640045433,-1.8017785072621708,1.1724296665165377,-5.670163010993725,0.2749707357242887,0,0,0,10.0,20.0,0.1,0.03,0.0,8.0,-2.0095681061712187
v2_distance,0,125,2.0259031479596703,2.0095681061712187,-1.8017785072621708,1.0805288889110418,5.025539613786299,2.9800003879019767,0,0,0,10.0,20.0,0.1,0.03,0.0,8.0,-2.0259031479596703
v2_distance,0,126,2.0373116732844547,2.0259031479596703,-1.8017785072621708,0.7993402148578374,2.0616502377358508,6.786211280819521,0,0,0,10.0,20.0,0.1,0.03,0.0,8.0,-2.0373116732844547
v2_distance,0,127,2.0469982784986422,2.0373116732844547,-1.8017785072621708,0.9407353727136545,-0.28069431214698515,-3.308649437959885,0,0,0,10.0,20.0,0.1,0.03,0.0,8.0,-2.0469982784986422
v2_distance,0,128,2.0597898545114877,2.0469982784986422,-1.8017785072621708,1.041188385597846,-2.223256288352315,-2.64796993559852,0,0,0,10.0,20.0,0.1,0.03,0.0,8.0,-2.0597898545114877
v2_distance,0,129,2.0704857755515564,2.0597898545114877,-1.8017785072621708,0.6314958542937369,-8.0,5.7994803288837184,0,0,0,10.0,20.0,0.1,0.03,0.0,8.0,-2.0704857755515564
v2_distance,0,130,2.0780347307073015,2.0704857755515564,-1.8017785072621708,0.6456300072381954,-0.8366190667887616,-0.5782217139767146,0,0,0,10.0,20.0,0.1,0.03,0.0,8.0,-2.0780347307073015
v2_distance,0,131,2.0856908783590304,2.0780347307073015,-1.8017785072621708,0.6040311768518187,-2.280766437020558,0.11637370301054342,0,0,0,10.0,20.0,0.1,0.03,0.0,8.0,-2.0856908783590304
v2_distance,0,132,2.0906971265851695,2.0856908783590304,-1.8017785072621708,0.36771114111066433,-2.7734970848192035,4.4304437443319715,0,0,0,10.0,20.0,0.1,0.03,0.0,8.0,-2.0906971265851695
v2_distance,0,133,2.091164122940428,2.0906971265851695,-1.8017785072621708,0.20140226110244133,-7.817033865570619,3.204710098321727,0,0,0,10.0,20.0,0.1,0.03,0.0,8.0,-2.091164122940428
v2_distance,0,134,2.086680340965885,2.091164122940428,-1.8017785072621708,0.4496390732685598,0.36927914349035174,5.476935499013267,0,0,0,10.0,20.0,0.1,0.03,0.0,8.0,-2.086680340965885
v2_distance,0,135,2.07611598137029,2.086680340965885,-1.8017785072621708,0.8169855863983443,6.649045750141276,6.537433276313399,0,0,0,10.0,20.0,0.1,0.03,0.0,8.0,-2.07611598137029
v2_distance,0,136,2.0646178912601556,2.07611598137029,-1.8017785072621708,0.578375973186844,-0.016680906096180913,-4.220068047573979,0,0,0,10.0,20.0,0.1,0.03,0.0,8.0,-2.0646178912601556
v2_distance,0,137,2.0583908707176994,2.0646178912601556,-1.8017785072621708,0.4427153348907761,6.954532566203735,-5.047180448041893,0,0,0,10.0,20.0,0.1,0.03,0.0,8.0,-2.0583908707176994
v2_distance,0,138,2.0565249384252944,2.0583908707176994,-1.8017785072621708,0.44794150951668654,1.3379084063524693,-2.3866998573952833,0,0,0,10.0,20.0,0.1,0.03,0.0,8.0,-2.0565249384252944
v2_distance,0,139,2.0517561447983006,2.0565249384252944,-1.8017785072621708,0.641960322088228,0.8570745475090562,8.0,0,0,0,10.0,20.0,0.1,0.03,0.0,8.0,-2.0517561447983006
v2_distance,0,140,2.041896898750496,2.0517561447983006,-1.8017785072621708,0.7363135948508361,3.0409176689312805,1.7457111204010594,0,0,0,10.0,20.0,0.1,0.03,0.0,8.0,-2.041896898750496
v2_distance,0,141,2.030195815881488,2.041896898750496,-1.8017785072621708,0.8169624198539537,-0.2517275759513254,1.8983222853974016,0,0,0,10.0,20.0,0.1,0.03,0.0,8.0,-2.030195815881488
v2_distance,0,142,2.0160369687435225,2.030195815881488,-1.8017785072621708,0.9734234507007589,4.015957844219115,2.860446178193957,0,0,0,10.0,20.0,0.1,0.03,0.0,8.0,-2.0160369687435225
v2_distance,0,143,2.002030514278843,2.0160369687435225,-1.8017785072621708,0.7945585977716155,-4.255229223634285,-3.0507913001368343,0,0,0,10.0,20.0,0.1,0.03,0.0,8.0,-2.002030514278843
v2_distance,0,144,1.9876145546896915,2.002030514278843,-1.8017785072621708,0.9708095226535693,0.20879424770102387,3.6931328020582876,0,0,0,10.0,20.0,0.1,0.03,0.0,8.0,-1.9876145546896915
v2_distance,0,145,1.971640768917399,1.9876145546896915,-1.8017785072621708,0.9408721727139162,2.0979102560083973,-0.7624113389925036,0,0,0,10.0,20.0,0.1,0.03,0.0,8.0,-1.971640768917399
v2_distance,0,146,1.9593241217533082,1.971640768917399,-1.8017785072621708,0.6024516090941695,-8.0,-5.823411851836573,0,0,0,10.0,20.0,0.1,0.03,0.0,8.0,-1.9593241217533082
v2_distance,0,147,1.951583742341716,1.9593241217533082,-1.8017785072621708,0.6106012757294376,6.888713762325178,-2.299638464405455,0,0,0,10.0,20.0,0.1,0.03,0.0,8.0,-1.951583742341716
v2_distance,0,148,1.944534589201816,1.951583742341716,-1.8017785072621708,0.7325027965556039,6.093560541882806,1.3525947681243473,0,0,0,10.0,20.0,0.1,0.03,0.0,8.0,-1.944534589201816
v2_distance,0,149,1.9413662908615434,1.944534589201816,-1.8017785072621708,0.6487837657638886,-2.8360634338507054,-8.0,0,0,0,10.0,20.0,0.1,0.03,0.0,8.0,-1.9413662908615434
v2_distance,0,150,1.944575603039367,1.9413662908615434,-1.8017785072621708,0.7034467237692095,-1.477615623953499,-3.1254397627874635,0,0,0,10.0,20.0,0.1,0.03,0.0,8.0,-1.944575603039367
v2_distance,0,151,1.9505696570166635,1.944575603039367,-1.8017785072621708,0.674463116893942,-5.686065922640621,-1.7016769542716406,0,0,0,10.0,20.0,0.1,0.03,0.0,8.0,-1.9505696570166635
v2_distance,0,152,1.953056860520534,1.9505696570166635,-1.8017785072621708,0.5980879464954785,6.56309889633469,8.0,0,0,0,10.0,20.0,0.1,0.03,0.0,8.0,-1.953056860520534
v2_distance,0,153,1.9518725942597257,1.953056860520534,-1.8017785072621708,0.4599943670692753,-8.0,-1.3699727854338757,0,0,0,10.0,20.0,0.1,0.03,0.0,8.0,-1.9518725942597257
v2_distance,0,154,1.9506144095310158,1.9518725942597257,-1.8017785072621708,0.422527277356995,-1.7253187602947686,1.5580589209770896,0,0,0,10.0,20.0,0.1,0.03,0.0,8.0,-1.9506144095310158
v2_distance,0,155,1.947541533409181,1.9506144095310158,-1.8017785072621708,0.49806478147168853,3.6256048349355976,1.737993302495291,0,0,0,10.0,20.0,0.1,0.03,0.0,8.0,-1.947541533409181
v2_distance,0,156,1.9477256750960008,1.947541533409181,-1.8017785072621708,0.5992529428226405,0.2565162582543124,-7.336461272182603,0,0,0,10.0,20.0,0.1,0.03,0.0,8.0,-1.9477256750960008
v2_distance,0,157,1.95328266305671,1.9477256750960008,-1.8017785072621708,0.6088686035494226,-4.475713117797443,-2.0251167431545563,0,0,0,10.0,20.0,0.1,0.03,0.0,8.0,-1.95328266305671
v2_distance,0,158,1.9643028076804891,1.95328266305671,-1.8017785072621708,0.9677591067620414,-3.019824280914021,-7.591418798766064,0,0,0,10.0,20.0,0.1,0.03,0.0,8.0,-1.9643028076804891
v2_distance,0,159,1.9775855218898204,1.9643028076804891,-1.8017785072621708,0.7062180641619977,-6.01745773876883,3.429227616378897,0,0,0,10.0,20.0,0.1,0.03,0.0,8.0,-1.9775855218898204
v2_distance,0,160,1.9900028915709747,1.9775855218898204,-1.8017785072621708,0.7812883263543628,-5.444184856040953,-2.191486580945505,0,0,0,10.0,20.0,0.1,0.03,0.0,8.0,-1.9900028915709747
v2_distance,0,161,2.002568083207029,1.9900028915709747,-1.8017785072621708,0.6562384048644525,-3.081773125569358,1.6032646201476337,0,0,0,10.0,20.0,0.1,0.03,0.0,8.0,-2.002568083207029
v2_distance,0,162,2.017108859370726,2.002568083207029,-1.8017785072621708,0.9661675496886567,-2.662214906924209,-5.435820299621038,0,0,0,10.0,20.0,0.1,0.03,0.0,8.0,-2.017108859370726
v2_distance,0,163,2.031864437174265,2.017108859370726,-1.8017785072621708,0.659381731559969,-2.6952356743309656,4.630245352330917,0,0,0,10.0,20.0,0.1,0.03,0.0,8.0,-2.031864437174265
v2_distance,0,164,2.0421878100896755,2.031864437174265,-1.8017785072621708,0.5199606101414905,7.226598446603698,3.206464021741299,0,0,0,10.0,20.0,0.1,0.03,0.0,8.0,-2.0421878100896755
v2_distance,0,165,2.052201194398329,2.0421878100896755,-1.8017785072621708,0.6823397544928778,1.4571414953085173,-2.469275445207821,0,0,0,10.0,20.0,0.1,0.03,0.0,8.0,-2.052201194398329
v2_distance,0,166,2.0594588784655237,2.052201194398329,-1.8017785072621708,0.2899353082820961,2.831006684625833,7.436775962336641,0,0,0,10.0,20.0,0.1,0.03,0.0,8.0,-2.0594588784655237
v2_distance,0,167,2.0664497397047974,2.0594588784655237,-1.8017785072621708,0.7568805848216171,8.0,-6.52443457255803,0,0,0,10.0,20.0,0.1,0.03,0.0,8.0,-2.0664497397047974
v2_distance,0,168,2.072665891528898,2.0664497397047974,-1.8017785072621708,0.28288642081677673,-4.514895432264713,8.0,0,0,0,10.0,20.0,0.1,0.03,0.0,8.0,-2.072665891528898
v2_distance,0,169,2.0711654868371165,2.072665891528898,-1.8017785072621708,0.2879204758622978,-1.4746166742849969,5.47175328100003,0,0,0,10.0,20.0,0.1,0.03,0.0,8.0,-2.0711654868371165
v2_distance,0,170,2.063602761627189,2.0711654868371165,-1.8017785072621708,0.5614117250148164,-2.8690465503780027,5.166499261397708,0,0,0,10.0,20.0,0.1,0.03,0.0,8.0,-2.063602761627189
v2_distance,0,171,2.05733592784784,2.063602761627189,-1.8017785072621708,0.27327746032991795,6.453902008421215,-7.26490275937494,0,0,0,10.0,20.0,0.1,0.03,0.0,8.0,-2.05733592784784
v2_distance,0,172,2.054885514170028,2.05733592784784,-1.8017785072621708,0.1846564554738195,-8.0,0.463108051746842,0,0,0,10.0,20.0,0.1,0.03,0.0,8.0,-2.054885514170028
v2_distance,0,173,2.0525081091007493,2.054885514170028,-1.8017785072621708,0.10241077622069895,-5.430095934788888,-1.1205349470989754,0,0,0,10.0,20.0,0.1,0.03,0.0,8.0,-2.0525081091007493
v2_distance,0,174,2.0480738834574317,2.0525081091007493,-1.8017785072621708,0.37224850494223066,5.310019969863718,4.784950276934713,0,0,0,10.0,20.0,0.1,0.03,0.0,8.0,-2.0480738834574317
v2_distance,0,175,2.0457045147809594,2.0480738834574317,-1.8017785072621708,0.29819485561237236,5.417629984014765,-7.993809000077703,0,0,0,10.0,20.0,0.1,0.03,0.0,8.0,-2.0457045147809594
v2_distance,0,176,2.051529957213605,2.0457045147809594,-1.8017785072621708,0.6594086730346608,2.966075387654416,-6.216684089153457,0,0,0,10.0,20.0,0.1,0.03,0.0,8.0,-2.051529957213605
v2_distance,0,177,2.0588831531807,2.051529957213605,-1.8017785072621708,0.4214716661685066,-3.3742173229944448,3.4288240008051596,0,0,0,10.0,20.0,0.1,0.03,0.0,8.0,-2.0588831531807
v2_distance,0,178,2.0635806858128216,2.0588831531807,-1.8017785072621708,0.4231002066263558,4.232269078959076,1.2781850676528996,0,0,0,10.0,20.0,0.1,0.03,0.0,8.0,-2.0635806858128216
v2_distance,0,179,2.068120356150993,2.0635806858128216,-1.8017785072621708,0.4963868173582407,2.440137905026735,-0.7204804796596844,0,0,0,10.0,20.0,0.1,0.03,0.0,8.0,-2.068120356150993
v2_distance,0,180,2.0746814292046345,2.068120356150993,-1.8017785072621708,0.5708506080268346,-5.7253899759542595,-3.029569998992212,0,0,0,10.0,20.0,0.1,0.03,0.0,8.0,-2.0746814292046345
v2_distance,0,181,2.0856072110019612,2.0746814292046345,-1.8017785072621708,0.8912457003390947,2.2951773920513148,-4.9426797240959095,0,0,0,10.0,20.0,0.1,0.03,0.0,8.0,-2.0856072110019612
v2_distance,0,182,2.103243371192793,2.0856072110019612,-1.8017785072621708,1.286003277494716,-4.5731761921375655,-7.282497108389749,0,0,0,10.0,20.0,0.1,0.03,0.0,8.0,-2.103243371192793
v2_distance,0,183,2.125024145791912,2.103243371192793,-1.8017785072621708,1.2937654801991947,-5.068766927726213,-1.0067240503262376,0,0,0,10.0,20.0,0.1,0.03,0.0,8.0,-2.125024145791912
v2_distance,0,184,2.1424374184050996,2.125024145791912,-1.8017785072621708,0.7708340580130381,-0.8960828696279693,8.0,0,0,0,10.0,20.0,0.1,0.03,0.0,8.0,-2.1424374184050996
v2_distance,0,185,2.1590401175720384,2.1424374184050996,-1.8017785072621708,1.257753181330917,6.615472096615721,-6.407422516474569,0,0,0,10.0,20.0,0.1,0.03,0.0,8.0,-2.1590401175720384
v2_distance,0,186,2.180547934651473,2.1590401175720384,-1.8017785072621708,1.4505735025993656,6.8237110333850985,-1.6350891952750752,0,0,0,10.0,20.0,0.1,0.03,0.0,8.0,-2.180547934651473
v2_distance,0,187,2.2051554758464014,2.180547934651473,-1.8017785072621708,1.7591366161438686,8.0,-3.0200524568965457,0,0,0,10.0,20.0,0.1,0.03,0.0,8.0,-2.2051554758464014
v2_distance,0,188,2.2301794618360997,2.2051554758464014,-1.8017785072621708,1.6043216166911582,0.9779119459678346,2.6780462451242104,0,0,0,10.0,20.0,0.1,0.03,0.0,8.0,-2.2301794618360997
v2_distance,0,189,2.2510105352850487,2.2301794618360997,-1.8017785072621708,1.3580497718040225,5.071747805407852,5.102893781632153,0,0,0,10.0,20.0,0.1,0.03,0.0,8.0,-2.2510105352850487
v2_distance,0,190,2.2722711072873567,2.2510105352850487,-1.8017785072621708,1.7430034578225466,1.914209138787267,-5.3296372825854865,0,0,0,10.0,20.0,0.1,0.03,0.0,8.0,-2.2722711072873567
v2_distance,0,191,2.2980734124217364,2.2722711072873567,-1.8017785072621708,1.9230734435056882,-2.6262705180429036,-3.193388482362965,0,0,0,10.0,20.0,0.1,0.03,0.0,8.0,-2.2980734124217364
v2_distance,0,192,2.327666985367423,2.2980734124217364,-1.8017785072621708,2.2232670914739945,-1.8958387764471358,-4.6131128136278425,0,0,0,10.0,20.0,0.1,0.03,0.0,8.0,-2.327666985367423
v2_distance,0,193,2.3638116862472267,2.327666985367423,-1.8017785072621708,2.818018434778661,0.027138767561057136,-8.0,0,0,0,10.0,20.0,0.1,0.03,0.0,8.0,-2.3638116862472267
v2_distance,0,194,2.404374267733619,2.3638116862472267,-1.8017785072621708,2.908013795275933,-1.1476494760721416,-1.0792783091805016,0,0,0,10.0,20.0,0.1,0.03,0.0,8.0,-2.404374267733619
v2_distance,0,195,2.443823689140214,2.404374267733619,-1.8017785072621708,2.813765272486182,0.07395849512474031,1.6689276407121534,0,0,0,10.0,20.0,0.1,0.03,0.0,8.0,-2.443823689140214
v2_distance,0,196,2.482048843724987,2.443823689140214,-1.8017785072621708,2.9202869688534485,2.577761641983073,-0.23611232170351532,0,0,0,10.0,20.0,0.1,0.03,0.0,8.0,-2.482048843724987
v2_distance,0,197,2.5150293650849918,2.482048843724987,-1.8017785072621708,2.2026934187996496,-3.8271164692121697,8.0,0,0,0,10.0,20.0,0.1,0.03,0.0,8.0,-2.5150293650849918
v2_distance,0,198,2.538514881396819,2.5150293650849918,-1.8017785072621708,1.632992712337668,1.6446327049089309,7.317260284996019,0,0,0,10.0,20.0,0.1,0.03,0.0,8.0,-2.538514881396819
v2_distance,0,199,2.5622991325642555,2.538514881396819,-1.8017785072621708,2.3684015228917845,3.240983407271176,-7.389826145058471,0,0,0,10.0,20.0,0.1,0.03,0.0,8.0,-2.5622991325642555
v2_distance,0,200,2.5910620456277513,2.5622991325642555,-1.8017785072621708,2.5066745414747866,-0.9318231635131822,-1.5095833923123518,0,0,0,10.0,20.0,0.1,0.03,0.0,8.0,-2.5910620456277513
v2_distance,1,1,1.2261898951319892,1.2252173810774687,-1.2252173810774687,0.27584495356967487,-4.366393842962006,1.2732902476602819,0,0,0,10.0,20.0,0.1,0.03,0.0,8.0,-1.2261898951319892
v2_distance,1,2,1.2302688636535206,1.2261898951319892,-1.2252173810774687,1.053838267397638,-4.907337993735488,5.711671416600774,0,0,0,10.0,20.0,0.1,0.03,0.0,8.0,-1.2302688636535206
v2_distance,1,3,1.236815093243022,1.2302688636535206,-1.2252173810774687,1.336325792081968,2.942853834024079,3.392777183244613,0,0,0,10.0,20.0,0.1,0.03,0.0,8.0,-1.236815093243022
v2_distance,1,4,1.2448081137841378,1.236815093243022,-1.2252173810774687,1.9379418637643637,1.3179666056311545,5.577873252650528,0,0,0,10.0,20.0,0.1,0.03,0.0,8.0,-1.2448081137841378
v2_distance,1,5,1.2536755492010196,1.2448081137841378,-1.2252173810774687,1.825656812508558,-2.18019913619486,-1.67769869571026,0,0,0,10.0,20.0,0.1,0.03,0.0,8.0,-1.2536755492010196
v2_distance,1,6,1.2611361133004664,1.2536755492010196,-1.2252173810774687,1.384817707972493,2.1703259505941133,-2.9930161006219898,0,0,0,10.0,20.0,0.1,0.03,0.0,8.0,-1.2611361133004664
v2_distance,1,7,1.2674827868189193,1.2611361133004664,-1.2252173810774687,1.3052524413341664,-4.082039764038836,-1.8467211457152328,0,0,0,10.0,20.0,0.1,0.03,0.0,8.0,-1.2674827868189193
v2_distance,1,8,1.272302651742512,1.2674827868189193,-1.2252173810774687,0.530675244489697,0.4018146071686854,-5.8684106643652685,0,0,0,10.0,20.0,0.1,0.03,0.0,8.0,-1.272302651742512
v2_distance,1,9,1.2770028900340225,1.272302651742512,-1.2252173810774687,0.9999659534503614,-8.0,1.2013616344067697,0,0,0,10.0,20.0,0.1,0.03,0.0,8.0,-1.2770028900340225
v2_distance,1,10,1.2837160988723801,1.2770028900340225,-1.2252173810774687,1.2636461435477062,-2.238884995634224,1.3255669637274594,0,0,0,10.0,20.0,0.1,0.03,0.0,8.0,-1.2837160988723801
v2_distance,1,11,1.2935849866886449,1.2837160988723801,-1.2252173810774687,2.525907310621932,-6.894284411566232,7.054280014719855,0,0,0,10.0,20.0,0.1,0.03,0.0,8.0,-1.2935849866886449
v2_distance,1,12,1.3044773946344046,1.2935849866886449,-1.2252173810774687,2.078501476933229,5.815428844234894,-1.4870415267406356,0,0,0,10.0,20.0,0.1,0.03,0.0,8.0,-1.3044773946344046
v2_distance,1,13,1.3149377794120658,1.3044773946344046,-1.2252173810774687,3.1308193584628197,3.932300387790419,8.0,0,0,0,10.0,20.0,0.1,0.03,0.0,8.0,-1.3149377794120658
v2_distance,1,14,1.3253687118181243,1.3149377794120658,-1.2252173810774687,3.2777783567180276,8.0,3.0335813298703456,0,0,0,10.0,20.0,0.1,0.03,0.0,8.0,-1.3253687118181243
v2_distance,1,15,1.3328433808954867,1.3253687118181243,-1.2252173810774687,2.316210457672388,4.436592448532435,-4.45218527068634,0,0,0,10.0,20.0,0.1,0.03,0.0,8.0,-1.3328433808954867
v2_distance,1,16,1.338227119037657,1.3328433808954867,-1.2252173810774687,2.706162607700366,3.8158252191364883,3.233995846311803,0,0,0,10.0,20.0,0.1,0.03,0.0,8.0,-1.338227119037657
v2_distance,1,17,1.3418630405955296,1.338227119037657,-1.2252173810774687,1.6571667055202666,2.635047865661129,-4.7412963977759155,0,0,0,10.0,20.0,0.1,0.03,0.0,8.0,-1.3418630405955296
v2_distance,1,18,1.3428251657243482,1.3418630405955296,-1.2252173810774687,0.29348933787736703,1.7493688928676732,-6.362039499194839,0,0,0,10.0,20.0,0.1,0.03,0.0,8.0,-1.3428251657243482
v2_distance,1,19,1.3431972650703494,1.3428251657243482,-1.2252173810774687,1.233992617928213,0.7095646101293144,4.993454754354708,0,0,0,10.0,20.0,0.1,0.03,0.0,8.0,-1.3431972650703494
v2_distance,1,20,1.3444454662050258,1.3431972650703494,-1.2252173810774687,2.016925259773831,1.7144166800325769,4.400537346115306,0,0,0,10.0,20.0,0.1,0.03,0.0,8.0,-1.3444454662050258
v2_distance,1,21,1.3454138276758496,1.3444454662050258,-1.2252173810774687,0.9299510195305046,-5.070656825573335,-6.684618590982859,0,0,0,10.0,20.0,0.1,0.03,0.0,8.0,-1.3454138276758496
v2_distance,1,22,1.3472085493985377,1.3454138276758496,-1.2252173810774687,3.063219458395896,-6.105939163433681,7.8927460905438,0,0,0,10.0,20.0,0.1,0.03,0.0,8.0,-1.3472085493985377
v2_distance,1,23,1.3498958139036117,1.3472085493985377,-1.2252173810774687,3.8217320686156944,-8.0,0.6650515435789885,0,0,0,10.0,20.0,0.1,0.03,0.0,8.0,-1.3498958139036117
v2_distance,1,24,1.3511819618433125,1.3498958139036117,-1.2252173810774687,4.650070092331248,-0.23876370148054138,3.162213068544107,0,0,0,10.0,20.0,0.1,0.03,0.0,8.0,-1.3511819618433125
v2_distance,1,25,1.3494879544098597,1.3511819618433125,-1.2252173810774687,4.287265408850578,1.6937475991937905,-0.8809251182122698,0,0,0,10.0,20.0,0.1,0.03,0.0,8.0,-1.3494879544098597
v2_distance,1,26,1.3465937895604638,1.3494879544098597,-1.2252173810774687,2.841794581559264,-8.0,-7.69583674291427,0,0,0,10.0,20.0,0.1,0.03,0.0,8.0,-1.3465937895604638
v2_distance,1,27,1.3431642781614983,1.3465937895604638,-1.2252173810774687,3.345761410086009,0.49837508671600894,2.167651995488436,0,0,0,10.0,20.0,0.1,0.03,0.0,8.0,-1.3431642781614983
v2_distance,1,28,1.336424987205984,1.3431642781614983,-1.2252173810774687,4.59571475372278,-8.0,2.144222537869501,0,0,0,10.0,20.0,0.1,0.03,0.0,8.0,-1.336424987205984
v2_distance,1,29,1.3283205736651784,1.336424987205984,-1.2252173810774687,2.851859435099781,2.794840315924875,-4.771085946481635,0,0,0,10.0,20.0,0.1,0.03,0.0,8.0,-1.3283205736651784
v2_distance,1,30,1.3199873047995097,1.3283205736651784,-1.2252173810774687,3.2835522741170733,4.702574295000977,3.4292035768073257,0,0,0,10.0,20.0,0.1,0.03,0.0,8.0,-1.3199873047995097
v2_distance,1,31,1.3104476771199456,1.3199873047995097,-1.2252173810774687,2.6140033604493653,-1.3734609157306024,-2.415654532281457,0,0,0,10.0,20.0,0.1,0.03,0.0,8.0,-1.3104476771199456
v2_distance,1,32,1.2979086846723558,1.3104476771199456,-1.2252173810774687,3.891967251079215,2.6357308802841413,6.10005163055535,0,0,0,10.0,20.0,0.1,0.03,0.0,8.0,-1.2979086846723558
v2_distance,1,33,1.275639979150702,1.2979086846723558,-1.2252173810774687,5.570141804986078,-4.0833275818510275,6.2797079612352,0,0,0,10.0,20.0,0.1,0.03,0.0,8.0,-1.275639979150702
v2_distance,1,34,1.2404447268787007,1.275639979150702,-1.2252173810774687,6.799534183876356,0.5996354655223544,7.404201396056381,0,0,0,10.0,20.0,0.1,0.03,0.0,8.0,-1.2404447268787007
v2_distance,1,35,1.1898466364110734,1.2404447268787007,-1.2252173810774687,7.973663584189325,-6.065005303879213,7.073743223240689,0,0,0,10.0,20.0,0.1,0.03,0.0,8.0,-1.1898466364110734
v2_distance,1,36,1.126705280186911,1.1898466364110734,-1.2252173810774687,7.656371608249276,3.782925618153056,3.8156366937283837,0,0,0,10.0,20.0,0.1,0.03,0.0,8.0,-1.126705280186911
v2_distance,1,37,1.0567648425597482,1.126705280186911,-1.2252173810774687,7.208944655932911,6.333310666076691,3.591350225394637,0,0,0,10.0,20.0,0.1,0.03,0.0,8.0,-1.0567648425597482
v2_distance,1,38,0.9824076440191176,1.0567648425597482,-1.2252173810774687,6.8449064628474465,-6.244841757201203,-0.08781784670068385,0,0,0,10.0,20.0,0.1,0.03,0.0,8.0,-0.9824076440191176
v2_distance,1,39,0.907361926109476,0.9824076440191176,-1.2252173810774687,6.152526624788873,-0.974668062924078,-2.121277356912636,0,0,0,10.0,20.0,0.1,0.03,0.0,8.0,-0.907361926109476
v2_distance,1,40,0.8341157492276964,0.907361926109476,-1.2252173810774687,5.564882940896211,2.8347242688266516,-1.3293631386225377,0,0,0,10.0,20.0,0.1,0.03,0.0,8.0,-0.8341157492276964
v2_distance,1,41,0.7558867116890853,0.8341157492276964,-1.2252173810774687,6.084622900438038,-4.265504758480587,8.0,0,0,0,10.0,20.0,0.1,0.03,0.0,8.0,-0.7558867116890853
v2_distance,1,42,0.6729700128393848,0.7558867116890853,-1.2252173810774687,5.665143870244414,-6.3791468991582985,-2.911065411613524,0,0,0,10.0,20.0,0.1,0.03,0.0,8.0,-0.6729700128393848
v2_distance,1,43,0.590972179176723,0.6729700128393848,-1.2252173810774687,5.44158243923948,-0.6643455600178095,0.2535594872049072,0,0,0,10.0,20.0,0.1,0.03,0.0,8.0,-0.590972179176723
v2_distance,1,44,0.5058804862278236,0.590972179176723,-1.2252173810774687,5.618629538290875,-5.550475487472963,4.237347383224147,0,0,0,10.0,20.0,0.1,0.03,0.0,8.0,-0.5058804862278236
v2_distance,1,45,0.4168515362112099,0.5058804862278236,-1.2252173810774687,5.577610004874029,-0.6288877695421508,2.3109568820917588,0,0,0,10.0,20.0,0.1,0.03,0.0,8.0,-0.4168515362112099
v2_distance,1,46,0.33206301126785165,0.4168515362112099,-1.2252173810774687,4.874525876057234,0.7600901050100678,-8.0,0,0,0,10.0,20.0,0.1,0.03,0.0,8.0,-0.33206301126785165
v2_distance,1,47,0.2516609447255874,0.33206301126785165,-1.2252173810774687,5.000994603553254,1.788658005732279,4.3432331286487,0,0,0,10.0,20.0,0.1,0.03,0.0,8.0,-0.2516609447255874
v2_distance,1,48,0.17553960743489883,0.2516609447255874,-1.2252173810774687,4.883610763794426,-2.6111939419585863,-0.4595543544448359,0,0,0,10.0,20.0,0.1,0.03,0.0,8.0,-0.17553960743489883
v2_distance,1,49,0.12055661875283685,0.17553960743489883,-1.2252173810774687,4.842451683965981,1.0802922910977277,0.9364238091898938,0,0,0,10.0,20.0,0.1,0.03,0.0,8.0,-0.12055661875283685
v2_distance,1,50,0.12335754058991658,0.12055661875283685,-1.2252173810774687,4.925663206496669,-4.695948928804604,2.247980262838117,0,0,0,10.0,20.0,0.1,0.03,0.0,8.0,-0.12335754058991658
v2_distance,1,51,0.18633663423304053,0.12335754058991658,-1.2252173810774687,5.069944389447691,1.0435258568464876,3.398068249447264,0,0,0,10.0,20.0,0.1,0.03,0.0,8.0,-0.18633663423304053
v2_distance,1,52,0.26913018199284133,0.18633663423304053,-1.2252173810774687,4.558074036837121,-2.171723901405929,-8.0,0,0,0,10.0,20.0,0.1,0.03,0.0,8.0,-0.26913018199284133
v2_distance,1,53,0.35694760073566867,0.26913018199284133,-1.2252173810774687,4.80096913536013,3.362776889395833,4.1673998686583715,0,0,0,10.0,20.0,0.1,0.03,0.0,8.0,-0.35694760073566867
v2_distance,1,54,0.44698860357587056,0.35694760073566867,-1.2252173810774687,4.451264175147657,-7.201285073793584,-4.966051360812457,0,0,0,10.0,20.0,0.1,0.03,0.0,8.0,-0.44698860357587056
v2_distance,1,55,0.5371535482758549,0.44698860357587056,-1.2252173810774687,4.670828185283978,8.0,2.440520190619124,0,0,0,10.0,20.0,0.1,0.03,0.0,8.0,-0.5371535482758549
v2_distance,1,56,0.6335331938330255,0.5371535482758549,-1.2252173810774687,4.979075674969722,-1.1311507223473916,4.729233167910927,0,0,0,10.0,20.0,0.1,0.03,0.0,8.0,-0.6335331938330255
v2_distance,1,57,0.7304265408480692,0.6335331938330255,-1.2252173810774687,4.747269059584376,2.052266687332303,-4.109106735770588,0,0,0,10.0,20.0,0.1,0.03,0.0,8.0,-0.7304265408480692
v2_distance,1,58,0.8269148888380727,0.7304265408480692,-1.2252173810774687,5.049437247138234,1.5704927017845933,4.023927849593783,0,0,0,10.0,20.0,0.1,0.03,0.0,8.0,-0.8269148888380727
v2_distance,1,59,0.9260597150212254,0.8269148888380727,-1.2252173810774687,5.223187486369967,5.199433878887727,1.3449668636379124,0,0,0,10.0,20.0,0.1,0.03,0.0,8.0,-0.9260597150212254
v2_distance,1,60,1.0251343184338488,0.9260597150212254,-1.2252173810774687,5.368315338299956,6.290086726216585,1.0060729858655113,0,0,0,10.0,20.0,0.1,0.03,0.0,8.0,-1.0251343184338488
v2_distance,1,61,1.119257419032287,1.0251343184338488,-1.2252173810774687,5.049654455337224,-4.528144955328998,-2.1276682367701056,0,0,0,10.0,20.0,0.1,0.03,0.0,8.0,-1.119257419032287
v2_distance,1,62,1.2114584290825359,1.119257419032287,-1.2252173810774687,5.514679382553798,2.4761588234365894,7.838620919323817,0,0,0,10.0,20.0,0.1,0.03,0.0,8.0,-1.2114584290825359
v2_distance,1,63,1.3006137846504628,1.2114584290825359,-1.2252173810774687,5.133368893849618,1.1106275683526934,-4.346545018010596,0,0,0,10.0,20.0,0.1,0.03,0.0,8.0,-1.3006137846504628
v2_distance,1,64,1.383614455779243,1.3006137846504628,-1.2252173810774687,5.143462202476525,-3.063935367910177,2.1392752299199373,0,0,0,10.0,20.0,0.1,0.03,0.0,8.0,-1.383614455779243
v2_distance,1,65,1.4650861929017995,1.383614455779243,-1.2252173810774687,5.303876561425353,-0.5099608466283212,3.9023767712955877,0,0,0,10.0,20.0,0.1,0.03,0.0,8.0,-1.4650861929017995
v2_distance,1,66,1.5457460611203488,1.4650861929017995,-1.2252173810774687,5.455811861524397,2.050818462472447,3.3390112026966663,0,0,0,10.0,20.0,0.1,0.03,0.0,8.0,-1.5457460611203488
v2_distance,1,67,1.621035158370542,1.5457460611203488,-1.2252173810774687,4.954276085421065,-4.160547099211841,-8.0,0,0,0,10.0,20.0,0.1,0.03,0.0,8.0,-1.621035158370542
v2_distance,1,68,1.6915243924865615,1.621035158370542,-1.2252173810774687,5.11638888638256,1.822966587534468,2.7732840000220036,0,0,0,10.0,20.0,0.1,0.03,0.0,8.0,-1.6915243924865615
v2_distance,1,69,1.7609915241678533,1.6915243924865615,-1.2252173810774687,5.269433945657817,8.0,2.8461285069812923,0,0,0,10.0,20.0,0.1,0.03,0.0,8.0,-1.7609915241678533
v2_distance,1,70,1.8258630161478304,1.7609915241678533,-1.2252173810774687,4.850244863446693,-4.096078285682789,-8.0,0,0,0,10.0,20.0,0.1,0.03,0.0,8.0,-1.8258630161478304
v2_distance,1,71,1.8828071522899512,1.8258630161478304,-1.2252173810774687,4.355358017590999,3.802409752637291,-8.0,0,0,0,10.0,20.0,0.1,0.03,0.0,8.0,-1.8828071522899512
v2_distance,1,72,1.9351261806975188,1.8828071522899512,-1.2252173810774687,4.461799345088317,-0.34967913490021957,0.6952837625730014,0,0,0,10.0,20.0,0.1,0.03,0.0,8.0,-1.9351261806975188
v2_distance,1,73,1.9862478542471003,1.9351261806975188,-1.2252173810774687,4.524634181632194,0.5607533810594646,-0.013438804400446216,0,0,0,10.0,20.0,0.1,0.03,0.0,8.0,-1.9862478542471003
v2_distance,1,74,2.0354205054062917,1.9862478542471003,-1.2252173810774687,4.50885609901859,-1.6822657909839887,-1.7597107981198188,0,0,0,10.0,20.0,0.1,0.03,0.0,8.0,-2.0354205054062917
v2_distance,1,75,2.0842472032128363,2.0354205054062917,-1.2252173810774687,4.844079846808277,-8.0,1.2388434216066635,0,0,0,10.0,20.0,0.1,0.03,0.0,8.0,-2.0842472032128363
v2_distance,1,76,2.1314235576514267,2.0842472032128363,-1.2252173810774687,4.680448790990738,6.454814832153779,-1.941404610875345,0,0,0,10.0,20.0,0.1,0.03,0.0,8.0,-2.1314235576514267
v2_distance,1,77,2.177784431503166,2.1314235576514267,-1.2252173810774687,5.370136721186078,-2.51058946285187,5.754679772817153,0,0,0,10.0,20.0,0.1,0.03,0.0,8.0,-2.177784431503166
v2_distance,1,78,2.2275420997988173,2.177784431503166,-1.2252173810774687,6.288691186495963,-4.954662140361144,6.225648205019806,0,0,0,10.0,20.0,0.1,0.03,0.0,8.0,-2.2275420997988173
v2_distance,1,79,2.276650970945362,2.2275420997988173,-1.2252173810774687,6.347640039829032,-2.227104445245127,-2.84424527065339,0,0,0,10.0,20.0,0.1,0.03,0.0,8.0,-2.276650970945362
v2_distance,1,80,2.3222771898449013,2.276650970945362,-1.2252173810774687,6.902190174621081,-2.6645350934124163,1.1310261118107916,0,0,0,10.0,20.0,0.1,0.03,0.0,8.0,-2.3222771898449013
v2_distance,1,81,2.3651839227010814,2.3222771898449013,-1.2252173810774687,7.590420773195461,-7.253316959708307,-0.18036780439381842,0,0,0,10.0,20.0,0.1,0.03,0.0,8.0,-2.3651839227010814
v2_distance,1,82,2.402013321689152,2.3651839227010814,-1.2252173810774687,7.359304138376221,-7.706665853709304,-6.937721498590898,0,0,0,10.0,20.0,0.1,0.03,0.0,8.0,-2.402013321689152
v2_distance,1,83,2.429985657737271,2.402013321689152,-1.2252173810774687,7.215877936046667,3.2811178849005507,-2.158811377877983,0,0,0,10.0,20.0,0.1,0.03,0.0,8.0,-2.429985657737271
v2_distance,1,84,2.4496295417268534,2.429985657737271,-1.2252173810774687,7.321626844713741,-5.135806490896136,-2.8903259716789464,0,0,0,10.0,20.0,0.1,0.03,0.0,8.0,-2.4496295417268534
v2_distance,1,85,2.460605353492252,2.4496295417268534,-1.2252173810774687,7.309935317537388,8.0,1.3138498536338856,0,0,0,10.0,20.0,0.1,0.03,0.0,8.0,-2.460605353492252
v2_distance,1,86,2.462635513412783,2.460605353492252,-1.2252173810774687,7.086911618224867,-4.1095375485319385,-2.6463272219115255,0,0,0,10.0,20.0,0.1,0.03,0.0,8.0,-2.462635513412783
v2_distance,1,87,2.4586457427165787,2.462635513412783,-1.2252173810774687,4.871023232014628,1.116638040271576,-7.359169736474001,0,0,0,10.0,20.0,0.1,0.03,0.0,8.0,-2.4586457427165787
v2_distance,1,88,2.4529296364323265,2.4586457427165787,-1.2252173810774687,3.9122032868849357,3.62083200333754,-1.776946224499105,0,0,0,10.0,20.0,0.1,0.03,0.0,8.0,-2.4529296364323265
v2_distance,1,89,2.4424444944218053,2.4529296364323265,-1.2252173810774687,5.727606619599135,-3.0041862153921004,6.045868427412626,0,0,0,10.0,20.0,0.1,0.03,0.0,8.0,-2.4424444944218053
v2_distance,1,90,2.420134598405811,2.4424444944218053,-1.2252173810774687,7.430883734466273,1.294464675181748,8.0,0,0,0,10.0,20.0,0.1,0.03,0.0,8.0,-2.420134598405811
v2_distance,1,91,2.3872324539060967,2.420134598405811,-1.2252173810774687,6.880104753250177,-1.7043017340062148,-0.5176624714371703,0,0,0,10.0,20.0,0.1,0.03,0.0,8.0,-2.3872324539060967
v2_distance,1,92,2.352633228855721,2.3872324539060967,-1.2252173810774687,5.4261725715509534,5.690914084364964,-2.44850491928422,0,0,0,10.0,20.0,0.1,0.03,0.0,8.0,-2.352633228855721
v2_distance,1,93,2.321144587734982,2.352633228855721,-1.2252173810774687,4.300558336818834,5.211572037291953,-2.1955873715781484,0,0,0,10.0,20.0,0.1,0.03,0.0,8.0,-2.321144587734982
v2_distance,1,94,2.2962624380606376,2.321144587734982,-1.2252173810774687,2.9141762270274634,-1.9975518403655388,-6.908559201602075,0,0,0,10.0,20.0,0.1,0.03,0.0,8.0,-2.2962624380606376
v2_distance,1,95,2.278133085185903,2.2962624380606376,-1.2252173810774687,2.3063981747423172,1.7548983098632374,-2.2208027164522077,0,0,0,10.0,20.0,0.1,0.03,0.0,8.0,-2.278133085185903
v2_distance,1,96,2.2598237636766028,2.278133085185903,-1.2252173810774687,2.706238201646003,-1.8907348404292714,2.451392913874675,0,0,0,10.0,20.0,0.1,0.03,0.0,8.0,-2.2598237636766028
v2_distance,1,97,2.2424132672916692,2.2598237636766028,-1.2252173810774687,1.942071039800977,2.0293676075287586,-3.5751200685088,0,0,0,10.0,20.0,0.1,0.03,0.0,8.0,-2.2424132672916692
v2_distance,1,98,2.2263728182617113,2.2424132672916692,-1.2252173810774687,2.284607770574484,-4.110851309338014,1.5042804859514922,0,0,0,10.0,20.0,0.1,0.03,0.0,8.0,-2.2263728182617113
v2_distance,1,99,2.207326919599355,2.2263728182617113,-1.2252173810774687,2.540083415765629,-5.4066231134536915,0.7555615121824967,0,0,0,10.0,20.0,0.1,0.03,0.0,8.0,-2.207326919599355
v2_distance,1,100,2.187643242538116,2.207326919599355,-1.2252173810774687,2.3235903942993534,0.9234966029826549,-0.5908112355025144,0,0,0,10.0,20.0,0.1,0.03,0.0,8.0,-2.187643242538116
v2_distance,1,101,2.1659092309473666,2.187643242538116,-1.2252173810774687,2.8158467655064543,-5.884182887004185,2.7145853042054577,0,0,0,10.0,20.0,0.1,0.03,0.0,8.0,-2.1659092309473666
v2_distance,1,102,2.140138325485168,2.1659092309473666,-1.2252173810774687,2.928460822801559,1.3781495354240938,2.2707463450669985,0,0,0,10.0,20.0,0.1,0.03,0.0,8.0,-2.140138325485168
v2_distance,1,103,2.1125936892198376,2.140138325485168,-1.2252173810774687,2.8535668279722826,3.2989862310933424,1.3386119087588861,0,0,0,10.0,20.0,0.1,0.03,0.0,8.0,-2.1125936892198376
v2_distance,1,104,2.0899995171358534,2.1125936892198376,-1.2252173810774687,1.8887886755630794,2.7414844631213717,-7.032191041430637,0,0,0,10.0,20.0,0.1,0.03,0.0,8.0,-2.0899995171358534
v2_distance,1,105,2.075749123115385,2.0899995171358534,-1.2252173810774687,1.3724334213391087,1.8679347482746744,-3.8251183209165327,0,0,0,10.0,20.0,0.1,0.03,0.0,8.0,-2.075749123115385
v2_distance,1,106,2.065788135225762,2.075749123115385,-1.2252173810774687,1.1390668373019328,1.382043108426123,-1.5444071716485637,0,0,0,10.0,20.0,0.1,0.03,0.0,8.0,-2.065788135225762
v2_distance,1,107,2.058851494660139,2.065788135225762,-1.2252173810774687,0.888006459746789,-0.4852640434185037,-2.4403839076116247,0,0,0,10.0,20.0,0.1,0.03,0.0,8.0,-2.058851494660139
v2_distance,1,108,2.051344167962069,2.058851494660139,-1.2252173810774687,1.2217634838417821,-0.7463410287806107,3.361267283441879,0,0,0,10.0,20.0,0.1,0.03,0.0,8.0,-2.051344167962069
v2_distance,1,109,2.045514321381285,2.051344167962069,-1.2252173810774687,0.6657843471492317,-0.2725297199293603,-5.716744448781563,0,0,0,10.0,20.0,0.1,0.03,0.0,8.0,-2.045514321381285
v2_distance,1,110,2.0455327700020582,2.045514321381285,-1.2252173810774687,0.5311253937151245,-5.996654245040055,-3.6175309807503475,0,0,0,10.0,20.0,0.1,0.03,0.0,8.0,-2.0455327700020582
v2_distance,1,111,2.046344352226643,2.0455327700020582,-1.2252173810774687,0.7156826984721268,-3.5292060513552954,1.2687037898110283,0,0,0,10.0,20.0,0.1,0.03,0.0,8.0,-2.046344352226643
v2_distance,1,112,2.049230292891436,2.046344352226643,-1.2252173810774687,0.5172306102977873,-6.7577495718635125,-5.59260743371548,0,0,0,10.0,20.0,0.1,0.03,0.0,8.0,-2.049230292891436
v2_distance,1,113,2.0555031783823003,2.049230292891436,-1.2252173810774687,0.5423881100998174,-2.737687339722456,-0.5900376130546034,0,0,0,10.0,20.0,0.1,0.03,0.0,8.0,-2.0555031783823003
v2_distance,1,114,2.061757742218925,2.0555031783823003,-1.2252173810774687,0.4447795199003141,8.0,1.5851164139924792,0,0,0,10.0,20.0,0.1,0.03,0.0,8.0,-2.061757742218925
v2_distance,1,115,2.0639839806290774,2.061757742218925,-1.2252173810774687,0.8375460234620057,-1.93686939884499,5.489257874987128,0,0,0,10.0,20.0,0.1,0.03,0.0,8.0,-2.0639839806290774
v2_distance,1,116,2.064703650839583,2.0639839806290774,-1.2252173810774687,0.5773233503760529,0.2911380596623177,-3.204835125951617,0,0,0,10.0,20.0,0.1,0.03,0.0,8.0,-2.064703650839583
v2_distance,1,117,2.0685857792224485,2.064703650839583,-1.2252173810774687,0.5199689765114568,-1.2148411514981519,-1.4167238637129491,0,0,0,10.0,20.0,0.1,0.03,0.0,8.0,-2.0685857792224485
v2_distance,1,118,2.0774717401637446,2.0685857792224485,-1.2252173810774687,0.5794309473310204,-2.1536171584873,-6.383884756947986,0,0,0,10.0,20.0,0.1,0.03,0.0,8.0,-2.0774717401637446
v2_distance,1,119,2.0893453706114418,2.0774717401637446,-1.2252173810774687,0.557386907684765,-8.0,0.5218139509214479,0,0,0,10.0,20.0,0.1,0.03,0.0,8.0,-2.0893453706114418
v2_distance,1,120,2.0983610601020515,2.0893453706114418,-1.2252173810774687,0.6009582624018979,-1.5435193854554767,2.534197978158858,0,0,0,10.0,20.0,0.1,0.03,0.0,8.0,-2.0983610601020515
v2_distance,1,121,2.104273311115497,2.0983610601020515,-1.2252173810774687,0.6022131317301521,5.8585743428199155,2.9982358323495886,0,0,0,10.0,20.0,0.1,0.03,0.0,8.0,-2.104273311115497
v2_distance,1,122,2.1134962367333108,2.104273311115497,-1.2252173810774687,0.6306911650696987,4.380983215854108,-6.245456298513468,0,0,0,10.0,20.0,0.1,0.03,0.0,8.0,-2.1134962367333108
v2_distance,1,123,2.129495249976669,2.1134962367333108,-1.2252173810774687,0.8873660564406335,-0.20252641217650427,-3.291499616446812,0,0,0,10.0,20.0,0.1,0.03,0.0,8.0,-2.129495249976669
v2_distance,1,124,2.152267847914516,2.129495249976669,-1.2252173810774687,1.6001263904674405,5.2460667090508535,-6.2533467935625415,0,0,0,10.0,20.0,0.1,0.03,0.0,8.0,-2.152267847914516
v2_distance,1,125,2.179489022861929,2.152267847914516,-1.2252173810774687,1.5446352630812812,-8.0,-1.3086262451319446,0,0,0,10.0,20.0,0.1,0.03,0.0,8.0,-2.179489022861929
v2_distance,1,126,2.2108307041191866,2.179489022861929,-1.2252173810774687,2.2638846560499855,0.9053947585627828,-6.474768570501602,0,0,0,10.0,20.0,0.1,0.03,0.0,8.0,-2.2108307041191866
v2_distance,1,127,2.2470447436520975,2.2108307041191866,-1.2252173810774687,2.4720955341939304,1.2912807118887342,-1.2021058460799168,0,0,0,10.0,20.0,0.1,0.03,0.0,8.0,-2.2470447436520975
v2_distance,1,128,2.2811181377564225,2.2470447436520975,-1.2252173810774687,2.0626214468287083,-4.746339372828394,2.600883814633186,0,0,0,10.0,20.0,0.1,0.03,0.0,8.0,-2.2811181377564225
v2_distance,1,129,2.314816036811754,2.2811181377564225,-1.2252173810774687,2.5493807357876337,-1.252221472081885,-4.102835249137457,0,0,0,10.0,20.0,0.1,0.03,0.0,8.0,-2.314816036811754
v2_distance,1,130,2.34988222657971,2.314816036811754,-1.2252173810774687,2.565453764480179,5.6669166658121375,1.8513410672299226,0,0,0,10.0,20.0,0.1,0.03,0.0,8.0,-2.34988222657971
v2_distance,1,131,2.386108587034293,2.34988222657971,-1.2252173810774687,3.0545735058631007,-5.244472164544434,-4.736040447615801,0,0,0,10.0,20.0,0.1,0.03,0.0,8.0,-2.386108587034293
v2_distance,1,132,2.4244131199011214,2.386108587034293,-1.2252173810774687,3.2714884528267243,0.7893480784833348,-0.7582264842743839,0,0,0,10.0,20.0,0.1,0.03,0.0,8.0,-2.4244131199011214
v2_distance,1,133,2.4628737664793183,2.4244131199011214,-1.2252173810774687,3.5811791708321667,1.7101358839608032,-0.9339437567944803,0,0,0,10.0,20.0,0.1,0.03,0.0,8.0,-2.4628737664793183
v2_distance,1,134,2.5049755217075407,2.4628737664793183,-1.2252173810774687,4.660026909250903,-7.69220374052578,-8.0,0,0,0,10.0,20.0,0.1,0.03,0.0,8.0,-2.5049755217075407
v2_distance,1,135,2.552738622498874,2.5049755217075407,-1.2252173810774687,5.860955365696166,-4.8748433632887735,-6.809269870545093,0,0,0,10.0,20.0,0.1,0.03,0.0,8.0,-2.552738622498874
v2_distance,1,136,2.60149782275907,2.552738622498874,-1.2252173810774687,6.732272431259041,4.00672667867914,-1.5516617347894905,0,0,0,10.0,20.0,0.1,0.03,0.0,8.0,-2.60149782275907
v2_distance,1,137,2.644427987165519,2.60149782275907,-1.2252173810774687,6.577379169922347,-7.678235039127126,-0.7318989395955684,0,0,0,10.0,20.0,0.1,0.03,0.0,8.0,-2.644427987165519
v2_distance,1,138,2.680185896706337,2.644427987165519,-1.2252173810774687,7.620198994374202,4.933719156023165,-1.87170529093474,0,0,0,10.0,20.0,0.1,0.03,0.0,8.0,-2.680185896706337
v2_distance,1,139,2.706738177189715,2.680185896706337,-1.2252173810774687,7.730837311901441,7.456213192259027,1.7886695031892492,0,0,0,10.0,20.0,0.1,0.03,0.0,8.0,-2.706738177189715
v2_distance,1,140,2.7211983548780427,2.706738177189715,-1.2252173810774687,7.137887082888586,3.4006020209245773,2.1190385971985037,0,0,0,10.0,20.0,0.1,0.03,0.0,8.0,-2.7211983548780427
v2_distance,1,141,2.7253056093536463,2.7211983548780427,-1.2252173810774687,6.9931251816907585,-5.98890736750661,-3.0834966556545917,0,0,0,10.0,20.0,0.1,0.03,0.0,8.0,-2.7253056093536463
v2_distance,1,142,2.7204506070344325,2.7253056093536463,-1.2252173810774687,6.927921191255607,-8.0,-4.616220092570017,0,0,0,10.0,20.0,0.1,0.03,0.0,8.0,-2.7204506070344325
v2_distance,1,143,2.708950654734782,2.7204506070344325,-1.2252173810774687,5.515553498362656,0.8072160663753551,4.22031356246246,0,0,0,10.0,20.0,0.1,0.03,0.0,8.0,-2.708950654734782
v2_distance,1,144,2.691825209170962,2.708950654734782,-1.2252173810774687,5.978295573437305,1.3475237836863532,-4.468080300751089,0,0,0,10.0,20.0,0.1,0.03,0.0,8.0,-2.691825209170962
v2_distance,1,145,2.669792788367067,2.691825209170962,-1.2252173810774687,4.960666380326211,4.5577504294091495,4.694004269815881,0,0,0,10.0,20.0,0.1,0.03,0.0,8.0,-2.669792788367067
v2_distance,1,146,2.643674471092589,2.669792788367067,-1.2252173810774687,5.350144735693037,2.7264600878758505,-4.253923121465588,0,0,0,10.0,20.0,0.1,0.03,0.0,8.0,-2.643674471092589
v2_distance,1,147,2.6150405567412944,2.643674471092589,-1.2252173810774687,4.237289567179429,6.926030655339906,7.682748356744594,0,0,0,10.0,20.0,0.1,0.03,0.0,8.0,-2.6150405567412944
v2_distance,1,148,2.590964835968807,2.6150405567412944,-1.2252173810774687,3.0355834856646955,0.2500773092339715,8.0,0,0,0,10.0,20.0,0.1,0.03,0.0,8.0,-2.590964835968807
v2_distance,1,149,2.5664580406561734,2.590964835968807,-1.2252173810774687,3.7037513578366803,-2.3246470742755494,-7.745928940433592,0,0,0,10.0,20.0,0.1,0.03,0.0,8.0,-2.5664580406561734
v2_distance,1,150,2.536716511224294,2.5664580406561734,-1.2252173810774687,3.756668710832931,-2.805257341850733,-2.9918261601796163,0,0,0,10.0,20.0,0.1,0.03,0.0,8.0,-2.536716511224294
v2_distance,1,151,2.503769054764802,2.536716511224294,-1.2252173810774687,3.836743257308315,-0.7316359800720241,-2.814382736050452,0,0,0,10.0,20.0,0.1,0.03,0.0,8.0,-2.503769054764802
v2_distance,1,152,2.4672509993927756,2.503769054764802,-1.2252173810774687,3.8938558696246792,7.432005765248985,-0.5809610370738635,0,0,0,10.0,20.0,0.1,0.03,0.0,8.0,-2.4672509993927756
v2_distance,1,153,2.429600624838893,2.4672509993927756,-1.2252173810774687,3.5369811222540544,-3.7467637793015283,1.252856205245303,0,0,0,10.0,20.0,0.1,0.03,0.0,8.0,-2.429600624838893
v2_distance,1,154,2.3942243258513116,2.429600624838893,-1.2252173810774687,3.0960420832814304,-3.9242973457025383,2.7966602864453987,0,0,0,10.0,20.0,0.1,0.03,0.0,8.0,-2.3942243258513116
v2_distance,1,155,2.363033106579626,2.3942243258513116,-1.2252173810774687,2.539813906111971,-1.3124707953363177,5.5027233009745125,0,0,0,10.0,20.0,0.1,0.03,0.0,8.0,-2.363033106579626
v2_distance,1,156,2.335409246180494,2.363033106579626,-1.2252173810774687,2.3270622476807543,-5.500078873376211,0.7847962517911289,0,0,0,10.0,20.0,0.1,0.03,0.0,8.0,-2.335409246180494
v2_distance,1,157,2.309975614696374,2.335409246180494,-1.2252173810774687,2.060231788679316,1.16408925926794,3.087767698406901,0,0,0,10.0,20.0,0.1,0.03,0.0,8.0,-2.309975614696374
v2_distance,1,158,2.2841099066146757,2.309975614696374,-1.2252173810774687,2.2555840999035537,-3.650768628608738,-4.172331104489676,0,0,0,10.0,20.0,0.1,0.03,0.0,8.0,-2.2841099066146757
v2_distance,1,159,2.2590227933829423,2.2841099066146757,-1.2252173810774687,1.8522284307327772,0.5565278563268964,5.389247193704678,0,0,0,10.0,20.0,0.1,0.03,0.0,8.0,-2.2590227933829423
v2_distance,1,160,2.235652722833287,2.2590227933829423,-1.2252173810774687,1.8804147497135342,6.085462698145774,-0.28059777814909365,0,0,0,10.0,20.0,0.1,0.03,0.0,8.0,-2.235652722833287
v2_distance,1,161,2.213489937637542,2.235652722833287,-1.2252173810774687,1.557474082704692,5.109359123770956,5.1735527881401335,0,0,0,10.0,20.0,0.1,0.03,0.0,8.0,-2.213489937637542
v2_distance,1,162,2.1941170744715675,2.213489937637542,-1.2252173810774687,1.4398228492357403,0.31767575578262947,1.5618529544685074,0,0,0,10.0,20.0,0.1,0.03,0.0,8.0,-2.1941170744715675
v2_distance,1,163,2.1746006493689634,2.1941170744715675,-1.2252173810774687,1.5362530181512224,-2.7038597182891206,-2.2422540416188164,0,0,0,10.0,20.0,0.1,0.03,0.0,8.0,-2.1746006493689634
v2_distance,1,164,2.1540471762935667,2.1746006493689634,-1.2252173810774687,1.5245735793710153,0.43517005448422597,-0.18185641021089094,0,0,0,10.0,20.0,0.1,0.03,0.0,8.0,-2.1540471762935667
v2_distance,1,165,2.1360645362441892,2.1540471762935667,-1.2252173810774687,1.286124745014554,-7.467201940991542,4.090387178973741,0,0,0,10.0,20.0,0.1,0.03,0.0,8.0,-2.1360645362441892
v2_distance,1,166,2.1225332756701016,2.1360645362441892,-1.2252173810774687,1.123789749201549,0.9545820879351388,3.395908882791724,0,0,0,10.0,20.0,0.1,0.03,0.0,8.0,-2.1225332756701016
v2_distance,1,167,2.106798046725089,2.1225332756701016,-1.2252173810774687,1.472572987498726,-1.4342525612048211,-7.961700256286258,0,0,0,10.0,20.0,0.1,0.03,0.0,8.0,-2.106798046725089
v2_distance,1,168,2.0838191395530066,2.106798046725089,-1.2252173810774687,1.734477511394325,8.0,-5.240248781939536,0,0,0,10.0,20.0,0.1,0.03,0.0,8.0,-2.0838191395530066
v2_distance,1,169,2.056071121597278,2.0838191395530066,-1.2252173810774687,1.8524181527559285,2.5543326158655755,-2.4266990810486595,0,0,0,10.0,20.0,0.1,0.03,0.0,8.0,-2.056071121597278
v2_distance,1,170,2.027638950595062,2.056071121597278,-1.2252173810774687,1.736836532869042,0.3409265841999483,1.6710545474588268,0,0,0,10.0,20.0,0.1,0.03,0.0,8.0,-2.027638950595062
v2_distance,1,171,2.0025207184681477,2.027638950595062,-1.2252173810774687,1.4805189249446025,-1.7461877634435488,4.576614855424832,0,0,0,10.0,20.0,0.1,0.03,0.0,8.0,-2.0025207184681477
v2_distance,1,172,1.9793096088140818,2.0025207184681477,-1.2252173810774687,1.5106840438269427,1.8410720467043769,-1.0052337805164204,0,0,0,10.0,20.0,0.1,0.03,0.0,8.0,-1.9793096088140818
v2_distance,1,173,1.9537611976115574,1.9793096088140818,-1.2252173810774687,1.6725760009795285,-1.9178897663442533,-3.3120294159954264,0,0,0,10.0,20.0,0.1,0.03,0.0,8.0,-1.9537611976115574
v2_distance,1,174,1.9241517763504379,1.9537611976115574,-1.2252173810774687,1.8584456592904786,3.2003249337812063,-4.016542306018718,0,0,0,10.0,20.0,0.1,0.03,0.0,8.0,-1.9241517763504379
v2_distance,1,175,1.8897738670177218,1.9241517763504379,-1.2252173810774687,2.0606333719069765,3.028737792123483,-4.149720864366174,0,0,0,10.0,20.0,0.1,0.03,0.0,8.0,-1.8897738670177218
v2_distance,1,176,1.8519466948605543,1.8897738670177218,-1.2252173810774687,2.1365057713662856,-0.582599988941753,-1.605296155784153,0,0,0,10.0,20.0,0.1,0.03,0.0,8.0,-1.8519466948605543
v2_distance,1,177,1.813701645346505,1.8519466948605543,-1.2252173810774687,2.0503888633742564,1.1178969742480167,1.254999071996734,0,0,0,10.0,20.0,0.1,0.03,0.0,8.0,-1.813701645346505
v2_distance,1,178,1.7752738920455022,1.813701645346505,-1.2252173810774687,2.1472413374527473,-6.805976659294595,-1.139660947629277,0,0,0,10.0,20.0,0.1,0.03,0.0,8.0,-1.7752738920455022
v2_distance,1,179,1.7377049472969193,1.7752738920455022,-1.2252173810774687,1.9615471308623305,3.2094640740452465,2.893394344376995,0,0,0,10.0,20.0,0.1,0.03,0.0,8.0,-1.7377049472969193
v2_distance,1,180,1.700603696592211,1.7377049472969193,-1.2252173810774687,2.057882301329085,0.6018257930709668,-2.0893217755968974,0,0,0,10.0,20.0,0.1,0.03,0.0,8.0,-1.700603696592211
v2_distance,1,181,1.6582063381434375,1.700603696592211,-1.2252173810774687,2.4349625579152545,-3.1999820217201687,-6.573531732191081,0,0,0,10.0,20.0,0.1,0.03,0.0,8.0,-1.6582063381434375
v2_distance,1,182,1.61288221133136,1.6582063381434375,-1.2252173810774687,2.3709237316170295,-5.519259685165877,2.5294133273057655,0,0,0,10.0,20.0,0.1,0.03,0.0,8.0,-1.61288221133136
v2_distance,1,183,1.5677440441445287,1.61288221133136,-1.2252173810774687,2.4908620478919787,-3.5078841918540165,-1.3285956906680825,0,0,0,10.0,20.0,0.1,0.03,0.0,8.0,-1.5677440441445287
v2_distance,1,184,1.5214495505675967,1.5677440441445287,-1.2252173810774687,2.476642762372043,4.029652568678313,-0.9370354586374859,0,0,0,10.0,20.0,0.1,0.03,0.0,8.0,-1.5214495505675967
v2_distance,1,185,1.478201929104524,1.5214495505675967,-1.2252173810774687,2.2586196690755136,-2.1278082791962034,5.214486508307602,0,0,0,10.0,20.0,0.1,0.03,0.0,8.0,-1.478201929104524
v2_distance,1,186,1.438668608475553,1.478201929104524,-1.2252173810774687,2.242470428572517,-0.3068233489367126,0.4873255045277234,0,0,0,10.0,20.0,0.1,0.03,0.0,8.0,-1.438668608475553
v2_distance,1,187,1.3975500356199682,1.438668608475553,-1.2252173810774687,2.459424171263984,-2.257649938974772,-3.450400861202531,0,0,0,10.0,20.0,0.1,0.03,0.0,8.0,-1.3975500356199682
v2_distance,1,188,1.3539462099421113,1.3975500356199682,-1.2252173810774687,2.5525471073000765,-2.0757525664454173,-0.8562029478093208,0,0,0,10.0,20.0,0.1,0.03,0.0,8.0,-1.3539462099421113
v2_distance,1,189,1.3112889506069274,1.3539462099421113,-1.2252173810774687,2.4674932063387884,1.9814269060504373,0.8168579723456515,0,0,0,10.0,20.0,0.1,0.03,0.0,8.0,-1.3112889506069274
v2_distance,1,190,1.2738152032064995,1.3112889506069274,-1.2252173810774687,2.1607713551736083,3.7104066163053915,4.4179504837133265,0,0,0,10.0,20.0,0.1,0.03,0.0,8.0,-1.2738152032064995
v2_distance,1,191,1.2412070775972448,1.2738152032064995,-1.2252173810774687,2.0662866319575772,3.406248008115625,-0.04818493452611928,0,0,0,10.0,20.0,0.1,0.03,0.0,8.0,-1.2412070775972448
v2_distance,1,192,1.2107970045127254,1.2412070775972448,-1.2252173810774687,2.027604319570979,-0.7365643218781612,1.2231120621398688,0,0,0,10.0,20.0,0.1,0.03,0.0,8.0,-1.2107970045127254
v2_distance,1,193,1.1827890052948034,1.2107970045127254,-1.2252173810774687,2.0179918035059674,-2.6947979608183843,1.931317837540722,0,0,0,10.0,20.0,0.1,0.03,0.0,8.0,-1.1827890052948034
v2_distance,1,194,1.1546089036252873,1.1827890052948034,-1.2252173810774687,2.273217415884189,-6.208150369016416,-1.6919433968890076,0,0,0,10.0,20.0,0.1,0.03,0.0,8.0,-1.1546089036252873
v2_distance,1,195,1.1226098068767596,1.1546089036252873,-1.2252173810774687,2.6326706500440333,-5.5619047559587695,-4.297346594649913,0,0,0,10.0,20.0,0.1,0.03,0.0,8.0,-1.1226098068767596
v2_distance,1,196,1.092917004828792,1.1226098068767596,-1.2252173810774687,2.288811344673295,2.509478430584579,5.854213868332816,0,0,0,10.0,20.0,0.1,0.03,0.0,8.0,-1.092917004828792
v2_distance,1,197,1.06636838539883,1.092917004828792,-1.2252173810774687,2.6040408573410074,-7.519714410650019,-1.889344007267157,0,0,0,10.0,20.0,0.1,0.03,0.0,8.0,-1.06636838539883
v2_distance,1,198,1.0363922718873737,1.06636838539883,-1.2252173810774687,2.9277826874748745,0.8871691769908505,-8.0,0,0,0,10.0,20.0,0.1,0.03,0.0,8.0,-1.0363922718873737
v2_distance,1,199,1.0037020908127912,1.0363922718873737,-1.2252173810774687,3.3425113582186206,-3.714826813939064,-5.788732936126304,0,0,0,10.0,20.0,0.1,0.03,0.0,8.0,-1.0037020908127912
v2_distance,1,200,0.9752058617486301,1.0037020908127912,-1.2252173810774687,2.9814528778771026,8.0,1.4765499913578652,0,0,0,10.0,20.0,0.1,0.03,0.0,8.0,-0.9752058617486301
v2_distance,2,1,1.9770978476012058,1.9782916122103613,-1.9782916122103613,0.645706848561453,-6.520934457245149,-5.549614019645337,0,0,0,10.0,20.0,0.1,0.03,0.0,8.0,-1.9770978476012058
v2_distance,2,2,1.9738278965641007,1.9770978476012058,-1.9782916122103613,1.0071037988845075,1.5541746385039579,-1.6328888291160228,0,0,0,10.0,20.0,0.1,0.03,0.0,8.0,-1.9738278965641007
v2_distance,2,3,1.9664528384485156,1.9738278965641007,-1.9782916122103613,2.344599553598215,-0.41224931978949747,-8.0,0,0,0,10.0,20.0,0.1,0.03,0.0,8.0,-1.9664528384485156
v2_distance,2,4,1.954865353989312,1.9664528384485156,-1.9782916122103613,2.4498418831154942,6.592762709993524,0.7939323077721223,0,0,0,10.0,20.0,0.1,0.03,0.0,8.0,-1.954865353989312
v2_distance,2,5,1.9419339754836837,1.954865353989312,-1.9782916122103613,2.3937152513449393,4.09121955527473,0.9613579544341745,0,0,0,10.0,20.0,0.1,0.03,0.0,8.0,-1.9419339754836837
v2_distance,2,6,1.9271326571284533,1.9419339754836837,-1.9782916122103613,2.6916578270132545,3.7048692110842225,-1.5229282994429765,0,0,0,10.0,20.0,0.1,0.03,0.0,8.0,-1.9271326571284533
v2_distance,2,7,1.90943634010914,1.9271326571284533,-1.9782916122103613,3.0227753286427292,-8.0,-5.593575210473743,0,0,0,10.0,20.0,0.1,0.03,0.0,8.0,-1.90943634010914
v2_distance,2,8,1.892715630843049,1.90943634010914,-1.9782916122103613,2.1229566170986707,-1.8005977841571585,5.259888184387626,0,0,0,10.0,20.0,0.1,0.03,0.0,8.0,-1.892715630843049
v2_distance,2,9,1.875574098152111,1.892715630843049,-1.9782916122103613,2.7794337463608305,8.0,-3.386735567074245,0,0,0,10.0,20.0,0.1,0.03,0.0,8.0,-1.875574098152111
v2_distance,2,10,1.8513609079045985,1.875574098152111,-1.9782916122103613,3.6816178573015446,1.6920642029257893,-8.0,0,0,0,10.0,20.0,0.1,0.03,0.0,8.0,-1.8513609079045985
v2_distance,2,11,1.8182656978178198,1.8513609079045985,-1.9782916122103613,4.5363296235943205,4.406215891935098,-8.0,0,0,0,10.0,20.0,0.1,0.03,0.0,8.0,-1.8182656978178198
v2_distance,2,12,1.7823357951703782,1.8182656978178198,-1.9782916122103613,3.7977783767509625,-2.129852206896448,4.420790781638537,0,0,0,10.0,20.0,0.1,0.03,0.0,8.0,-1.7823357951703782
v2_distance,2,13,1.7477904505670694,1.7823357951703782,-1.9782916122103613,3.671435050132769,8.0,1.8962262072663734,0,0,0,10.0,20.0,0.1,0.03,0.0,8.0,-1.7477904505670694
v2_distance,2,14,1.7108633775161877,1.7477904505670694,-1.9782916122103613,3.8604680700242042,-2.085804672924676,-4.234385600562472,0,0,0,10.0,20.0,0.1,0.03,0.0,8.0,-1.7108633775161877
v2_distance,2,15,1.6724358655438807,1.7108633775161877,-1.9782916122103613,3.6275607038952837,-2.076342304920441,0.46711067206568074,0,0,0,10.0,20.0,0.1,0.03,0.0,8.0,-1.6724358655438807
v2_distance,2,16,1.635211735756277,1.6724358655438807,-1.9782916122103613,3.2910198771996955,5.1359228764531615,3.938731002835268,0,0,0,10.0,20.0,0.1,0.03,0.0,8.0,-1.635211735756277
v2_distance,2,17,1.597185237733053,1.635211735756277,-1.9782916122103613,3.462845752606733,3.084304633409648,-2.726062234962539,0,0,0,10.0,20.0,0.1,0.03,0.0,8.0,-1.597185237733053
v2_distance,2,18,1.55689823194346,1.597185237733053,-1.9782916122103613,3.425578276399364,3.1590581679450933,-0.11619704125278747,0,0,0,10.0,20.0,0.1,0.03,0.0,8.0,-1.55689823194346
v2_distance,2,19,1.5126088573673957,1.55689823194346,-1.9782916122103613,3.8894537593527545,-0.7031053389216813,-8.0,0,0,0,10.0,20.0,0.1,0.03,0.0,8.0,-1.5126088573673957
v2_distance,2,20,1.4645238175404234,1.5126088573673957,-1.9782916122103613,3.8151009775179743,-0.3009680406168653,-0.588104569178005,0,0,0,10.0,20.0,0.1,0.03,0.0,8.0,-1.4645238175404234
v2_distance,2,21,1.4163646285529752,1.4645238175404234,-1.9782916122103613,3.659180119833367,0.6447799739264369,0.996638987083015,0,0,0,10.0,20.0,0.1,0.03,0.0,8.0,-1.4163646285529752
v2_distance,2,22,1.3683392181420841,1.4163646285529752,-1.9782916122103613,3.608515177281976,-6.1097851043275355,-1.6643472005000208,0,0,0,10.0,20.0,0.1,0.03,0.0,8.0,-1.3683392181420841
v2_distance,2,23,1.3221354090203377,1.3683392181420841,-1.9782916122103613,3.228269479356399,0.5381858723471713,4.949326288965566,0,0,0,10.0,20.0,0.1,0.03,0.0,8.0,-1.3221354090203377
v2_distance,2,24,1.2806408489253793,1.3221354090203377,-1.9782916122103613,2.774234859269027,-1.9461509297330797,6.134545233467949,0,0,0,10.0,20.0,0.1,0.03,0.0,8.0,-1.2806408489253793
v2_distance,2,25,1.2445890836085078,1.2806408489253793,-1.9782916122103613,2.3126611055271256,7.50028893867524,8.0,0,0,0,10.0,20.0,0.1,0.03,0.0,8.0,-1.2445890836085078
v2_distance,2,26,1.21160354121545,1.2445890836085078,-1.9782916122103613,2.2269168092638654,3.545241558811434,1.4272031041877555,0,0,0,10.0,20.0,0.1,0.03,0.0,8.0,-1.21160354121545
v2_distance,2,27,1.1758666967237479,1.21160354121545,-1.9782916122103613,2.619476556503947,4.880382682709196,-6.498371090021573,0,0,0,10.0,20.0,0.1,0.03,0.0,8.0,-1.1758666967237479
v2_distance,2,28,1.135686778289475,1.1758666967237479,-1.9782916122103613,2.778793740146972,-1.068588537207979,-3.4535125011303793,0,0,0,10.0,20.0,0.1,0.03,0.0,8.0,-1.135686778289475
v2_distance,2,29,1.0928339302956231,1.135686778289475,-1.9782916122103613,2.9131217547825226,4.284375951602649,-2.478539389166668,0,0,0,10.0,20.0,0.1,0.03,0.0,8.0,-1.0928339302956231
v2_distance,2,30,1.0470812259470457,1.0928339302956231,-1.9782916122103613,3.0971870671739143,0.7021986596765136,-3.7242708598125103,0,0,0,10.0,20.0,0.1,0.03,0.0,8.0,-1.0470812259470457
v2_distance,2,31,0.999918571000466,1.0470812259470457,-1.9782916122103613,3.051895273922753,-2.9575694790280935,0.05283003918753931,0,0,0,10.0,20.0,0.1,0.03,0.0,8.0,-0.999918571000466
v2_distance,2,32,0.9531321919968122,0.999918571000466,-1.9782916122103613,3.00481055782165,-0.8795252698855732,0.3191397433309759,0,0,0,10.0,20.0,0.1,0.03,0.0,8.0,-0.9531321919968122
v2_distance,2,33,0.9056431815065258,0.9531321919968122,-1.9782916122103613,3.110231698017463,-1.3563341756288114,-2.1511427629257676,0,0,0,10.0,20.0,0.1,0.03,0.0,8.0,-0.9056431815065258
v2_distance,2,34,0.8573805784054492,0.9056431815065258,-1.9782916122103613,3.1072275342158386,-6.324623410906837,0.08324155967941371,0,0,0,10.0,20.0,0.1,0.03,0.0,8.0,-0.8573805784054492
v2_distance,2,35,0.808940836787347,0.8573805784054492,-1.9782916122103613,3.1800894911583546,-7.698257505020549,-0.5113835073337081,0,0,0,10.0,20.0,0.1,0.03,0.0,8.0,-0.808940836787347
v2_distance,2,36,0.7620665613315889,0.808940836787347,-1.9782916122103613,2.888126853756509,2.722749358329948,4.259457240022525,0,0,0,10.0,20.0,0.1,0.03,0.0,8.0,-0.7620665613315889
v2_distance,2,37,0.7154071713593172,0.7620665613315889,-1.9782916122103613,3.1566367755656732,-5.72252597280129,-3.198947761839162,0,0,0,10.0,20.0,0.1,0.03,0.0,8.0,-0.7154071713593172
v2_distance,2,38,0.6676515641452622,0.7154071713593172,-1.9782916122103613,2.995886325790656,7.264776839309551,1.0803122873830158,0,0,0,10.0,20.0,0.1,0.03,0.0,8.0,-0.6676515641452622
v2_distance,2,39,0.6197546797504575,0.6676515641452622,-1.9782916122103613,3.105398739529265,2.9184252227053364,-2.2840034166371663,0,0,0,10.0,20.0,0.1,0.03,0.0,8.0,-0.6197546797504575
v2_distance,2,40,0.5721470837724485,0.6197546797504575,-1.9782916122103613,2.948606128857621,2.210032975342553,1.8133709566148117,0,0,0,10.0,20.0,0.1,0.03,0.0,8.0,-0.5721470837724485
v2_distance,2,41,0.5281602378670703,0.5721470837724485,-1.9782916122103613,2.658887411732948,4.020551444279046,3.394485889721166,0,0,0,10.0,20.0,0.1,0.03,0.0,8.0,-0.5281602378670703
v2_distance,2,42,0.4893261958887386,0.5281602378670703,-1.9782916122103613,2.370324458603479,5.992387796909255,3.238351235957181,0,0,0,10.0,20.0,0.1,0.03,0.0,8.0,-0.4893261958887386
v2_distance,2,43,0.4500309514947527,0.4893261958887386,-1.9782916122103613,2.8429850682267954,-3.714214053023604,-6.834193928494232,0,0,0,10.0,20.0,0.1,0.03,0.0,8.0,-0.4500309514947527
v2_distance,2,44,0.41266500424158814,0.4500309514947527,-1.9782916122103613,2.281028408549914,2.0147444825550607,8.0,0,0,0,10.0,20.0,0.1,0.03,0.0,8.0,-0.41266500424158814
v2_distance,2,45,0.38155497428486934,0.41266500424158814,-1.9782916122103613,2.196178691336422,-6.058495559601161,2.1254961031510273,0,0,0,10.0,20.0,0.1,0.03,0.0,8.0,-0.38155497428486934
v2_distance,2,46,0.34923658908356936,0.38155497428486934,-1.9782916122103613,2.6417433750841837,-5.452140916840958,-5.743587341293836,0,0,0,10.0,20.0,0.1,0.03,0.0,8.0,-0.34923658908356936
v2_distance,2,47,0.3134784839174996,0.34923658908356936,-1.9782916122103613,3.09070940881865,3.330673699881448,-7.805608301651319,0,0,0,10.0,20.0,0.1,0.03,0.0,8.0,-0.3134784839174996
v2_distance,2,48,0.27982961682090896,0.3134784839174996,-1.9782916122103613,3.0710602339478457,-1.339222433496688,0.10069014653148474,0,0,0,10.0,20.0,0.1,0.03,0.0,8.0,-0.27982961682090896
v2_distance,2,49,0.25247325655835723,0.27982961682090896,-1.9782916122103613,3.1969042068931754,-4.5058843018507595,-1.4572562055219798,0,0,0,10.0,20.0,0.1,0.03,0.0,8.0,-0.25247325655835723
v2_distance,2,50,0.23394393083672171,0.25247325655835723,-1.9782916122103613,3.382073435828835,0.42988029012722934,-3.590061179048373,0,0,0,10.0,20.0,0.1,0.03,0.0,8.0,-0.23394393083672171
v2_distance,2,51,0.22908092436535468,0.23394393083672171,-1.9782916122103613,3.550524512290457,0.27368999822621515,-3.4201266028404214,0,0,0,10.0,20.0,0.1,0.03,0.0,8.0,-0.22908092436535468
v2_distance,2,52,0.2412039442835942,0.22908092436535468,-1.9782916122103613,3.469301083141388,4.631360372714794,-0.1248942219821691,0,0,0,10.0,20.0,0.1,0.03,0.0,8.0,-0.2412039442835942
v2_distance,2,53,0.26973257328400735,0.2412039442835942,-1.9782916122103613,3.9365681105576944,-2.108672706013401,-8.0,1,0,0,10.0,20.0,0.1,0.03,0.0,8.0,-0.26973257328400735
v2_distance,3,1,1.7970501587440422,1.8017785072621708,-1.8017785072621708,0.5178605312094436,-8.0,-8.0,0,0,0,10.0,20.0,0.1,0.03,0.0,8.0,-1.7970501587440422
v2_distance,3,2,1.7828987563781633,1.7970501587440422,-1.8017785072621708,1.0237757594186239,-8.0,-8.0,0,0,0,10.0,20.0,0.1,0.03,0.0,8.0,-1.7828987563781633
v2_distance,3,3,1.7600971510497476,1.7828987563781633,-1.8017785072621708,1.4167166399125122,-8.0,-6.8440542786024166,0,0,0,10.0,20.0,0.1,0.03,0.0,8.0,-1.7600971510497476
v2_distance,3,4,1.7311988444809079,1.7600971510497476,-1.8017785072621708,1.5656368920363475,-8.0,-3.9940821054405102,0,0,0,10.0,20.0,0.1,0.03,0.0,8.0,-1.7311988444809079
v2_distance,3,5,1.698920350514105,1.7311988444809079,-1.8017785072621708,1.5966726256151953,-8.0,-2.500391420403462,0,0,0,10.0,20.0,0.1,0.03,0.0,8.0,-1.698920350514105
v2_distance,3,6,1.664639149737753,1.698920350514105,-1.8017785072621708,1.5753116386624857,-8.0,-1.7104039123010182,0,0,0,10.0,20.0,0.1,0.03,0.0,8.0,-1.664639149737753
v2_distance,3,7,1.6290473780278092,1.664639149737753,-1.8017785072621708,1.5358047341174978,-8.0,-1.2918060549939892,0,0,0,10.0,20.0,0.1,0.03,0.0,8.0,-1.6290473780278092
v2_distance,3,8,1.592482428769112,1.6290473780278092,-1.8017785072621708,1.496640131339814,-8.0,-1.0767592279808902,0,0,0,10.0,20.0,0.1,0.03,0.0,8.0,-1.592482428769112
v2_distance,3,9,1.5550938812090613,1.592482428769112,-1.8017785072621708,1.4680976769770095,-8.0,-0.9795868930295377,0,0,0,10.0,20.0,0.1,0.03,0.0,8.0,-1.5550938812090613
v2_distance,3,10,1.5169290796750794,1.5550938812090613,-1.8017785072621708,1.4558101292788455,-8.0,-0.9557439715621889,0,0,0,10.0,20.0,0.1,0.03,0.0,8.0,-1.5169290796750794
v2_distance,3,11,1.4779780288454447,1.5169290796750794,-1.8017785072621708,1.46244082478863,-8.0,-0.9815732739529706,0,0,0,10.0,20.0,0.1,0.03,0.0,8.0,-1.4779780288454447
v2_distance,3,12,1.438197604191706,1.4779780288454447,-1.8017785072621708,1.488566698541596,-8.0,-1.0442208589740893,0,0,0,10.0,20.0,0.1,0.03,0.0,8.0,-1.438197604191706
v2_distance,3,13,1.397525038946968,1.438197604191706,-1.8017785072621708,1.5332911016953548,-8.0,-1.136521215973664,0,0,0,10.0,20.0,0.1,0.03,0.0,8.0,-1.397525038946968
v2_distance,3,14,1.355885750912235,1.397525038946968,-1.8017785072621708,1.5947757761201309,-8.0,-1.2543479910778395,0,0,0,10.0,20.0,0.1,0.03,0.0,8.0,-1.355885750912235
v2_distance,3,15,1.3131981456837467,1.355885750912235,-1.8017785072621708,1.6707044096617152,-8.0,-1.3952118012646109,0,0,0,10.0,20.0,0.1,0.03,0.0,8.0,-1.3131981456837467
v2_distance,3,16,1.2693768077529448,1.3131981456837467,-1.8017785072621708,1.758639355629901,-8.0,-1.5575024331991845,0,0,0,10.0,20.0,0.1,0.03,0.0,8.0,-1.2693768077529448
v2_distance,3,17,1.224334861312211,1.2693768077529448,-1.8017785072621708,1.8562531823138535,-8.0,-1.7400713463511197,0,0,0,10.0,20.0,0.1,0.03,0.0,8.0,-1.224334861312211
v2_distance,3,18,1.1779859555355248,1.224334861312211,-1.8017785072621708,1.9614498481373146,-8.0,-1.9419978536150082,0,0,0,10.0,20.0,0.1,0.03,0.0,8.0,-1.1779859555355248
v2_distance,3,19,1.1302733593278813,1.1779859555355248,-1.8017785072621708,2.064466743236789,-7.355070098685781,-2.1624566273066073,0,0,0,10.0,20.0,0.1,0.03,0.0,8.0,-1.1302733593278813
v2_distance,3,20,1.0812316674131428,1.1302733593278813,-1.8017785072621708,2.1511996899788466,-5.8271504645388905,-2.3559824746279117,0,0,0,10.0,20.0,0.1,0.03,0.0,8.0,-1.0812316674131428
v2_distance,3,21,1.0309946523854931,1.0812316674131428,-1.8017785072621708,2.22030159143795,-4.402105986879292,-2.4709167147143023,0,0,0,10.0,20.0,0.1,0.03,0.0,8.0,-1.0309946523854931
v2_distance,3,22,0.9797553488879049,1.0309946523854931,-1.8017785072621708,2.2717620378289256,-3.0762950392824457,-2.5301090820511165,0,0,0,10.0,20.0,0.1,0.03,0.0,8.0,-0.9797553488879049
v2_distance,3,23,0.9277398451580943,0.9797553488879049,-1.8017785072621708,2.3062045121053267,-1.8474194600605056,-2.5463723884528817,0,0,0,10.0,20.0,0.1,0.03,0.0,8.0,-0.9277398451580943
v2_distance,3,24,0.8751916313119762,0.9277398451580943,-1.8017785072621708,2.3245754430182095,-0.7135975432057418,-2.527080885146454,0,0,0,10.0,20.0,0.1,0.03,0.0,8.0,-0.8751916313119762
v2_distance,3,25,0.8223620251971507,0.8751916313119762,-1.8017785072621708,2.3279915578127808,0.32709854401263705,-2.47682560404122,0,0,0,10.0,20.0,0.1,0.03,0.0,8.0,-0.8223620251971507
v2_distance,3,26,0.7695040864580514,0.8223620251971507,-1.8017785072621708,2.3176546869780736,1.2768418045377654,-2.3989254983567503,0,0,0,10.0,20.0,0.1,0.03,0.0,8.0,-0.7695040864580514
v2_distance,3,27,0.7168685263899901,0.7695040864580514,-1.8017785072621708,2.2947979221044927,2.1381036716414688,-2.296254525028943,0,0,0,10.0,20.0,0.1,0.03,0.0,8.0,-0.7168685263899901
v2_distance,3,28,0.6647007708246422,0.7168685263899901,-1.8017785072621708,2.2606485782716064,2.9136321694293894,-2.1716583410470633,0,0,0,10.0,20.0,0.1,0.03,0.0,8.0,-0.6647007708246422
v2_distance,3,29,0.6132387240403088,0.6647007708246422,-1.8017785072621708,2.216401969878791,3.6063974085629855,-2.0281276203506793,0,0,0,10.0,20.0,0.1,0.03,0.0,8.0,-0.6132387240403088
v2_distance,3,30,0.562711020242957,0.6132387240403088,-1.8017785072621708,2.163203326284216,4.219529206691902,-1.8688317243438366,0,0,0,10.0,20.0,0.1,0.03,0.0,8.0,-0.562711020242957
v2_distance,3,31,0.5133356990159388,0.562711020242957,-1.8017785072621708,2.1021363610795514,4.756260370936685,-1.6970775928622368,0,0,0,10.0,20.0,0.1,0.03,0.0,8.0,-0.5133356990159388
v2_distance,3,32,0.4653193431463375,0.5133356990159388,-1.8017785072621708,2.0342173624013897,5.219881999384306,-1.5162341031381144,0,0,0,10.0,20.0,0.1,0.03,0.0,8.0,-0.4653193431463375
v2_distance,3,33,0.41885680170470746,0.4653193431463375,-1.8017785072621708,1.9603937412948405,5.61371267119217,-1.3296462020526905,0,0,0,10.0,20.0,0.1,0.03,0.0,8.0,-0.41885680170470746
v2_distance,3,34,0.37413171668382356,0.41885680170470746,-1.8017785072621708,1.881545988403114,5.941080723081113,-1.1405527035365006,0,0,0,10.0,20.0,0.1,0.03,0.0,8.0,-0.37413171668382356
v2_distance,3,35,0.33131821382846083,0.37413171668382356,-1.8017785072621708,1.7984920297051816,6.205317363687017,-0.952014897938156,0,0,0,10.0,20.0,0.1,0.03,0.0,8.0,-0.33131821382846083
v2_distance,3,36,0.2905843649080617,0.33131821382846083,-1.8017785072621708,1.711993058935847,6.40975774550453,-0.7668588766687008,0,0,0,10.0,20.0,0.1,0.03,0.0,8.0,-0.2905843649080617
v2_distance,3,37,0.2520984840433237,0.2905843649080617,-1.8017785072621708,1.622760050426837,6.557747006825165,-0.5876319522337816,0,0,0,10.0,20.0,0.1,0.03,0.0,8.0,-0.2520984840433237
v2_distance,3,38,0.21604018419693397,0.2520984840433237,-1.8017785072621708,1.5314603059066494,6.652648509256974,-0.41657219835275106,0,0,0,10.0,20.0,0.1,0.03,0.0,8.0,-0.21604018419693397
v2_distance,3,39,0.182619763495072,0.21604018419693397,-1.8017785072621708,1.438723547195314,6.697851889702905,-0.2555895437599487,0,0,0,10.0,20.0,0.1,0.03,0.0,8.0,-0.182619763495072
v2_distance,3,40,0.15211250081833494,0.182619763495072,-1.8017785072621708,1.3451472225604608,6.696779025385389,-0.10625673025912707,0,0,0,10.0,20.0,0.1,0.03,0.0,8.0,-0.15211250081833494
v2_distance,3,41,0.12491906788263117,0.15211250081833494,-1.8017785072621708,1.2513008414099502,6.652886516525605,0.030191422799700884,0,0,0,10.0,20.0,0.1,0.03,0.0,8.0,-0.12491906788263117
v2_distance,3,42,0.10166522100171049,0.12491906788263117,-1.8017785072621708,1.1577292881713324,6.569663786559582,0.15285176685682833,0,0,0,10.0,20.0,0.1,0.03,0.0,8.0,-0.10166522100171049
v2_distance,3,43,0.08332453531376284,0.10166522100171049,-1.8017785072621708,1.0649551939263573,6.450626362045812,0.2611406543327037,0,0,0,10.0,20.0,0.1,0.03,0.0,8.0,-0.08332453531376284
v2_distance,3,44,0.07118964097843218,0.08332453531376284,-1.8017785072621708,0.9734805701133834,6.299304310128797,0.3547767128058199,0,0,0,10.0,20.0,0.1,0.03,0.0,8.0,-0.07118964097843218
v2_distance,3,45,0.06622520538174537,0.07118964097843218,-1.8017785072621708,0.8837880445099253,6.119226171573424,0.4337592863389901,0,0,0,10.0,20.0,0.1,0.03,0.0,8.0,-0.06622520538174537
v2_distance,3,46,0.0678722355576639,0.06622520538174537,-1.8017785072621708,0.7963422073973987,5.913899025184417,0.49834319924664605,0,0,0,10.0,20.0,0.1,0.03,0.0,8.0,-0.0678722355576639
v2_distance,3,47,0.07400519575856142,0.0678722355576639,-1.8017785072621708,0.7115918148109467,5.686785549363112,0.5490104899583641,0,0,0,10.0,20.0,0.1,0.03,0.0,8.0,-0.07400519575856142
v2_distance,3,48,0.08232937727911858,0.07400519575856142,-1.8017785072621708,0.629973980697428,5.441279104516648,0.5864397963717058,0,0,0,10.0,20.0,0.1,0.03,0.0,8.0,-0.08232937727911858
v2_distance,3,49,0.09125413531159547,0.08232937727911858,-1.8017785072621708,0.5519221652778823,5.180677944017632,0.6114741272683544,0,0,0,10.0,20.0,0.1,0.03,0.0,8.0,-0.09125413531159547
v2_distance,3,50,0.09986886242189658,0.09125413531159547,-1.8017785072621708,0.4778810174953603,4.908159672400057,0.6250878057653502,0,0,0,10.0,20.0,0.1,0.03,0.0,8.0,-0.09986886242189658
v2_distance,3,51,0.10769169756785006,0.09986886242189658,-1.8017785072621708,0.4083335102351587,4.626757012130305,0.6283534026265609,0,0,0,10.0,20.0,0.1,0.03,0.0,8.0,-0.10769169756785006
v2_distance,3,52,0.11448233140937955,0.10769169756785006,-1.8017785072621708,0.343850327391889,4.339335823180463,0.6224094770216388,0,0,0,10.0,20.0,0.1,0.03,0.0,8.0,-0.11448233140937955
v2_distance,3,53,0.12013525469620977,0.11448233140937955,-1.8017785072621708,0.2851794671377081,4.048576154900941,0.6084299034636662,0,0,0,10.0,20.0,0.1,0.03,0.0,8.0,-0.12013525469620977
v2_distance,3,54,0.12462206182619008,0.12013525469620977,-1.8017785072621708,0.23340431074070878,3.7569569121743744,0.5875954856103476,0,0,0,10.0,20.0,0.1,0.03,0.0,8.0,-0.12462206182619008
v2_distance,3,55,0.1279598462097358,0.12462206182619008,-1.8017785072621708,0.19018920911660855,3.4667445037570754,0.5610684449782011,0,0,0,10.0,20.0,0.1,0.03,0.0,8.0,-0.1279598462097358
v2_distance,3,56,0.13019323325521745,0.1279598462097358,-1.8017785072621708,0.1579904868065676,3.1799856261971327,0.529970233878382,0,0,0,10.0,20.0,0.1,0.03,0.0,8.0,-0.13019323325521745
v2_distance,3,57,0.13138369736951708,0.13019323325521745,-1.8017785072621708,0.13958755232888226,2.898504136323546,0.49536296782844613,0,0,0,10.0,20.0,0.1,0.03,0.0,8.0,-0.13138369736951708
v2_distance,3,58,0.13160291071210584,0.13138369736951708,-1.8017785072621708,0.13598942065934919,2.623901790844493,0.4582346148405,0,0,0,10.0,20.0,0.1,0.03,0.0,8.0,-0.13160291071210584
v2_distance,3,59,0.1309284160233798,0.13160291071210584,-1.8017785072621708,0.14443436862543327,2.357562491364315,0.4194879281457624,0,0,0,10.0,20.0,0.1,0.03,0.0,8.0,-0.1309284160233798
v2_distance,3,60,0.12944069685149456,0.1309284160233798,-1.8017785072621708,0.15999327782852935,2.1006595715814633,0.3799329741275286,0,0,0,10.0,20.0,0.1,0.03,0.0,8.0,-0.12944069685149456
v2_distance,3,61,0.12722112450924403,0.12944069685149456,-1.8017785072621708,0.17846187620435386,1.8541656013338697,0.3402829950879014,0,0,0,10.0,20.0,0.1,0.03,0.0,8.0,-0.12722112450924403
v2_distance,3,62,0.1243504789186133,0.12722112450924403,-1.8017785072621708,0.19721927524331737,1.6188641571217,0.3011532608470348,0,0,0,10.0,20.0,0.1,0.03,0.0,8.0,-0.1243504789186133
v2_distance,3,63,0.12090786113037491,0.1243504789186133,-1.8017785072621708,0.21482750822938318,1.3953630159698684,0.26306250533590997,0,0,0,10.0,20.0,0.1,0.03,0.0,8.0,-0.12090786113037491
v2_distance,3,64,0.11696988416613475,0.12090786113037491,-1.8017785072621708,0.23054310164481795,1.1841082626775292,0.22643651331185843,0,0,0,10.0,20.0,0.1,0.03,0.0,8.0,-0.11696988416613475
v2_distance,3,65,0.11261006926798853,0.11696988416613475,-1.8017785072621708,0.24400949396406504,0.9853988526476187,0.19161341539136822,0,0,0,10.0,20.0,0.1,0.03,0.0,8.0,-0.11261006926798853
v2_distance,3,66,0.10789839901958313,0.11261006926798853,-1.8017785072621708,0.2550882342941215,0.7994012366683281,0.15885026290187781,0,0,0,10.0,20.0,0.1,0.03,0.0,8.0,-0.10789839901958313
v2_distance,3,67,0.10290099386299166,0.10789839901958313,-1.8017785072621708,0.2637675434860463,0.6261637239319082,0.1283304831625217,0,0,0,10.0,20.0,0.1,0.03,0.0,8.0,-0.10290099386299166
v2_distance,3,68,0.09767988805860703,0.10290099386299166,-1.8017785072621708,0.2701113177442904,0.46563032992904674,0.10017185616682256,0,0,0,10.0,20.0,0.1,0.03,0.0,8.0,-0.09767988805860703
v2_distance,3,69,0.09229288729722038,0.09767988805860703,-1.8017785072621708,0.2742294262942815,0.3176539225441455,0.07443470097935143,0,0,0,10.0,20.0,0.1,0.03,0.0,8.0,-0.09229288729722038
v2_distance,3,70,0.08679349425998577,0.09229288729722038,-1.8017785072621708,0.2762595896740916,0.1820085398150204,0.05113001071313643,0,0,0,10.0,20.0,0.1,0.03,0.0,8.0,-0.08679349425998577
v2_distance,3,71,0.08123089121026288,0.08679349425998577,-1.8017785072621708,0.2763558241099473,0.05840080466269337,0.030227325629021848,0,0,0,10.0,20.0,0.1,0.03,0.0,8.0,-0.08123089121026288
v2_distance,3,72,0.07564997067217126,0.08123089121026288,-1.8017785072621708,0.27468077933306767,-0.05351959533135231,0.011662182307714958,0,0,0,10.0,20.0,0.1,0.03,0.0,8.0,-0.07564997067217126
v2_distance,3,73,0.07009140670932883,0.07564997067217126,-1.8017785072621708,0.27140049145372774,-0.1541503613237467,-0.004656978703395875,0,0,0,10.0,20.0,0.1,0.03,0.0,8.0,-0.07009140670932883
v2_distance,3,74,0.06459176046475316,0.07009140670932883,-1.8017785072621708,0.2666807005658985,-0.24392794281780406,-0.018842524943215377,0,0,0,10.0,20.0,0.1,0.03,0.0,8.0,-0.06459176046475316
v2_distance,3,75,0.059183614601199024,0.06459176046475316,-1.8017785072621708,0.2606842242105931,-0.3233197589064436,-0.03102200811311919,0,0,0,10.0,20.0,0.1,0.03,0.0,8.0,-0.059183614601199024
v2_distance,3,76,0.05389573220581136,0.059183614601199024,-1.8017785072621708,0.2535690698362855,-0.3928172254119988,-0.04133322034563098,0,0,0,10.0,20.0,0.1,0.03,0.0,8.0,-0.05389573220581136
v2_distance,3,77,0.048753236713174025,0.05389573220581136,-1.8017785072621708,0.2454870810827225,-0.45292952627012983,-0.04991992419046983,0,0,0,10.0,20.0,0.1,0.03,0.0,8.0,-0.048753236713174025
v2_distance,3,78,0.04377781062003563,0.048753236713174025,-1.8017785072621708,0.23658297993065758,-0.5041780656690151,-0.056928232302866505,0,0,0,10.0,20.0,0.1,0.03,0.0,8.0,-0.04377781062003563
v2_distance,3,79,0.03898791249128598,0.04377781062003563,-1.8017785072621708,0.22699370863114698,-0.5470915386256923,-0.06250359984771142,0,0,0,10.0,20.0,0.1,0.03,0.0,8.0,-0.03898791249128598
v2_distance,3,80,0.034399014530169525,0.03898791249128598,-1.8017785072621708,0.2168480023360295,-0.5822015609257087,-0.06678838362457007,0,0,0,10.0,20.0,0.1,0.03,0.0,8.0,-0.034399014530169525
v2_distance,3,81,0.03002386794748945,0.034399014530169525,-1.8017785072621708,0.206266141387855,-0.610038803890828,-0.06991991625497096,0,0,0,10.0,20.0,0.1,0.03,0.0,8.0,-0.03002386794748945
v2_distance,3,82,0.025872813100196068,0.03002386794748945,-1.8017785072621708,0.1953598446856463,-0.6311295846499818,-0.07202904085502101,0,0,0,10.0,20.0,0.1,0.03,0.0,8.0,-0.025872813100196068
v2_distance,3,83,0.02195417217409615,0.025872813100196068,-1.8017785072621708,0.1842322744233628,-0.6459928679957563,-0.07323905089116348,0,0,0,10.0,20.0,0.1,0.03,0.0,8.0,-0.02195417217409615
v2_distance,3,84,0.018274810697564498,0.02195417217409615,-1.8017785072621708,0.17297812901026346,-0.655137641169087,-0.07366498088942919,0,0,0,10.0,20.0,0.1,0.03,0.0,8.0,-0.018274810697564498
v2_distance,3,85,0.014841078912274897,0.018274810697564498,-1.8017785072621708,0.16168380587776268,-0.6590606277956286,-0.07341319591193811,0,0,0,10.0,20.0,0.1,0.03,0.0,8.0,-0.014841078912274897
v2_distance,3,86,0.011660704501951797,0.014841078912274897,-1.8017785072621708,0.15042761963759893,-0.658244311559513,-0.07258123086449977,0,0,0,10.0,20.0,0.1,0.03,0.0,8.0,-0.011660704501951797
v2_distance,3,87,0.008747412780722913,0.011660704501951797,-1.8017785072621708,0.13928006400299991,-0.6531552439744431,-0.07125783445702394,0,0,0,10.0,20.0,0.1,0.03,0.0,8.0,-0.008747412780722913
v2_distance,3,88,0.006134881639800559,0.008747412780722913,-1.8017785072621708,0.1283041082454635,-0.6442426137850346,-0.06952317676065108,0,0,0,10.0,20.0,0.1,0.03,0.0,8.0,-0.006134881639800559
v2_distance,3,89,0.00393033582980502,0.006134881639800559,-1.8017785072621708,0.11755552090972296,-0.6319370581275945,-0.06744918359982219,0,0,0,10.0,20.0,0.1,0.03,0.0,8.0,-0.00393033582980502
v2_distance,3,90,0.002541586917408497,0.00393033582980502,-1.8017785072621708,0.10708321520178263,-0.6166496976491096,-0.06509996533346259,0,0,0,10.0,20.0,0.1,0.03,0.0,8.0,-0.002541586917408497
v2_distance,3,91,0.0027538165009405114,0.002541586917408497,-1.8017785072621708,0.09692961206146149,-0.5987713793928963,-0.06253231180418167,0,1,0,10.0,20.0,0.1,0.03,0.0,8.0,-0.0027538165009405114
v2_distance,3,92,0.004015701987666499,0.0027538165009405114,-1.8017785072621708,0.08713101864357575,-0.5786721124809177,-0.05979622928355702,0,1,0,10.0,20.0,0.1,0.03,0.0,8.0,-0.004015701987666499
v2_distance,3,93,0.005456873768025095,0.004015701987666499,-1.8017785072621708,0.07771802209717298,-0.5567006825311236,-0.05693549905465569,0,1,0,10.0,20.0,0.1,0.03,0.0,8.0,-0.005456873768025095
v2_distance,3,94,0.006825956614446571,0.005456873768025095,-1.8017785072621708,0.06871590176595112,-0.5331844314134508,-0.053988240810141884,0,1,0,10.0,20.0,0.1,0.03,0.0,8.0,-0.006825956614446571
v2_distance,3,95,0.008060399982390937,0.006825956614446571,-1.8017785072621708,0.06014506848164289,-0.508429189435142,-0.050987467279293805,0,1,0,10.0,20.0,0.1,0.03,0.0,8.0,-0.008060399982390937
v2_distance,3,96,0.009144086748157467,0.008060399982390937,-1.8017785072621708,0.052021550218262595,-0.4827193474109053,-0.04796161941689997,0,1,0,10.0,20.0,0.1,0.03,0.0,8.0,-0.009144086748157467
v2_distance,3,97,0.010075527872426524,0.009144086748157467,-1.8017785072621708,0.04435756547803579,-0.45631805636440304,-0.04493507408698844,0,1,0,10.0,20.0,0.1,0.03,0.0,8.0,-0.010075527872426524
v2_distance,3,98,0.010858928137129187,0.010075527872426524,-1.8017785072621708,0.03716227595300375,-0.4294675428629047,-0.04192861845876737,0,1,0,10.0,20.0,0.1,0.03,0.0,8.0,-0.010858928137129187
v2_distance,3,99,0.01150105362624778,0.010858928137129187,-1.8017785072621708,0.030442934941636423,-0.4023895282370954,-0.03895988730864177,0,1,0,10.0,20.0,0.1,0.03,0.0,8.0,-0.01150105362624778
v2_distance,3,100,0.012009923946953532,0.01150105362624778,-1.8017785072621708,0.024206995368745248,-0.37528574020545735,-0.036043761106291025,0,1,1,10.0,20.0,0.1,0.03,0.0,8.0,9.987990076053046
v3_penalties,0,1,1.8023797450807917,1.8017785072621708,-1.8017785072621708,0.21294897189318918,-7.698416665902247,0.3076795872180677,0,0,0,10.0,20.0,0.1,0.03,0.0,8.0,-1.8523797450807917
v3_penalties,0,2,1.8038540193058465,1.8023797450807917,-1.8017785072621708,0.18501695769417506,3.556278220208284,0.7325721291151347,0,0,0,10.0,20.0,0.1,0.03,0.0,8.0,-1.8538540193058466
v3_penalties,0,3,1.8105242046491414,1.8038540193058465,-1.8017785072621708,0.781137800986163,4.1459706783519925,8.0,0,0,0,10.0,20.0,0.1,0.03,0.0,8.0,-1.8605242046491415
v3_penalties,0,4,1.825378909442806,1.8105242046491414,-1.8017785072621708,1.3444775461885854,-7.0983521311891264,4.538270278300128,0,0,0,10.0,20.0,0.1,0.03,0.0,8.0,-1.875378909442806
v3_penalties,0,5,1.8449716057707382,1.825378909442806,-1.8017785072621708,1.690656984656432,-7.997450195126229,1.6499739909728623,0,0,0,10.0,20.0,0.1,0.03,0.0,8.0,-1.8949716057707382
v3_penalties,0,6,1.8702574358304374,1.8449716057707382,-1.8017785072621708,2.3515383427009198,-2.459729804567317,6.354042992105146,0,0,0,10.0,20.0,0.1,0.03,0.0,8.0,-1.9202574358304374
v3_penalties,0,7,1.9015396814849734,1.8702574358304374,-1.8017785072621708,2.728287667423928,-4.129344929208112,2.4935673552881283,0,0,0,10.0,20.0,0.1,0.03,0.0,8.0,-1.9515396814849735
v3_penalties,0,8,1.9294767596072504,1.9015396814849734,-1.8017785072621708,2.131655264642733,-6.072689844237705,-8.0,0,0,0,10.0,20.0,0.1,0.03,0.0,8.0,-1.9794767596072504
v3_penalties,0,9,1.9574391292416926,1.9294767596072504,-1.8017785072621708,2.9265560817285996,2.0867229599602752,8.0,0,0,0,10.0,20.0,0.1,0.03,0.0,8.0,-2.0074391292416927
v3_penalties,0,10,1.9866598815382561,1.9574391292416926,-1.8017785072621708,2.36000598344596,2.4966439499304967,-4.810395810021313,0,0,0,10.0,20.0,0.1,0.03,0.0,8.0,-2.036659881538256
v3_penalties,0,11,2.0142582410347942,1.9866598815382561,-1.8017785072621708,2.7670238457763303,1.2880585938822515,3.682438562304461,0,0,0,10.0,20.0,0.1,0.03,0.0,8.0,-2.064258241034794
v3_penalties,0,12,2.039165523605461,2.0142582410347942,-1.8017785072621708,1.926958359026208,5.718105728575955,-5.555571875025351,0,0,0,10.0,20.0,0.1,0.03,0.0,8.0,-2.0891655236054607
v3_penalties,0,13,2.0597879887029498,2.039165523605461,-1.8017785072621708,2.025578072025615,3.3421410972266035,1.686641691802222,0,0,0,10.0,20.0,0.1,0.03,0.0,8.0,-2.1097879887029496
v3_penalties,0,14,2.0808726660172447,2.0597879887029498,-1.8017785072621708,2.0538244533534953,-0.15559239845403655,0.06327157976995067,0,0,0,10.0,20.0,0.1,0.03,0.0,8.0,-2.1308726660172446
v3_penalties,0,15,2.099779832935239,2.0808726660172447,-1.8017785072621708,1.7962742639142557,-3.260399854536541,-2.9785537321283004,0,0,0,10.0,20.0,0.1,0.03,0.0,8.0,-2.1497798329352387
v3_penalties,0,16,2.116551259440595,2.099779832935239,-1.8017785072621708,1.7050547241320704,6.3898282395260635,1.2424248612848379,0,0,0,10.0,20.0,0.1,0.03,0.0,8.0,-2.166551259440595
v3_penalties,0,17,2.1272703847794263,2.116551259440595,-1.8017785072621708,0.6548818595807239,-2.311122802174115,-8.0,0,0,0,10.0,20.0,0.1,0.03,0.0,8.0,-2.177270384779426
v3_penalties,0,18,2.130812174542236,2.1272703847794263,-1.8017785072621708,0.49076911968706144,-4.207506115535933,-2.426443811936932,0,0,0,10.0,20.0,0.1,0.03,0.0,8.0,-2.1808121745422357
v3_penalties,0,19,2.1290377758448384,2.130812174542236,-1.8017785072621708,0.26202712731610234,-6.159020015762976,-6.3855764399010315,0,0,0,10.0,20.0,0.1,0.03,0.0,8.0,-2.1790377758448383
v3_penalties,0,20,2.1217986163113665,2.1290377758448384,-1.8017785072621708,0.5542295836313358,3.9647644050197535,-1.1866320708480547,0,0,0,10.0,20.0,0.1,0.03,0.0,8.0,-2.1717986163113663
v3_penalties,0,21,2.1093837161846842,2.1217986163113665,-1.8017785072621708,1.1125394417175547,-8.0,-6.408733757302516,0,0,0,10.0,20.0,0.1,0.03,0.0,8.0,-2.159383716184684
v3_penalties,0,22,2.097567161826659,2.1093837161846842,-1.8017785072621708,0.3358817529952039,-1.438266669953434,5.351073112856299,0,0,0,10.0,20.0,0.1,0.03,0.0,8.0,-2.1475671618266587
v3_penalties,0,23,2.096863144084487,2.097567161826659,-1.8017785072621708,1.1748994631638805,-7.23076246355598,7.6325379623118454,0,0,0,10.0,20.0,0.1,0.03,0.0,8.0,-2.1468631440844868
v3_penalties,0,24,2.097123886633326,2.096863144084487,-1.8017785072621708,0.31528945082682147,-2.339160848106734,-8.0,0,0,0,10.0,20.0,0.1,0.03,0.0,8.0,-2.147123886633326
v3_penalties,0,25,2.0965152088989196,2.097123886633326,-1.8017785072621708,1.0208434421058568,2.462833029837876,6.898041207305775,0,0,0,10.0,20.0,0.1,0.03,0.0,8.0,-2.1465152088989194
v3_penalties,0,26,2.103270066903507,2.0965152088989196,-1.8017785072621708,1.514549423838284,-1.0646597241910178,3.1143192077965507,0,0,0,10.0,20.0,0.1,0.03,0.0,8.0,-2.1532700669035068
v3_penalties,0,27,2.1125303237151485,2.103270066903507,-1.8017785072621708,1.5799338883442404,-1.5258777341059588,-0.052695624874220706,0,0,0,10.0,20.0,0.1,0.03,0.0,8.0,-2.1625303237151483
v3_penalties,0,28,2.1238365587083163,2.1125303237151485,-1.8017785072621708,1.8613777659396347,7.993999218489088,4.299774884435536,0,0,0,10.0,20.0,0.1,0.03,0.0,8.0,-2.173836558708316
v3_penalties,0,29,2.1439684828363808,2.1238365587083163,-1.8017785072621708,3.481520837572195,-5.772485704001382,8.0,0,0,0,10.0,20.0,0.1,0.03,0.0,8.0,-2.1939684828363806
v3_penalties,0,30,2.174170098035544,2.1439684828363808,-1.8017785072621708,4.553046296210327,-4.901741985287238,4.070913584632323,0,0,0,10.0,20.0,0.1,0.03,0.0,8.0,-2.2241700980355437
v3_penalties,0,31,2.205777625146855,2.174170098035544,-1.8017785072621708,4.450443952518005,2.3907965043281534,-0.40531986604472686,0,0,0,10.0,20.0,0.1,0.03,0.0,8.0,-2.255777625146855
v3_penalties,0,32,2.2336402600007164,2.205777625146855,-1.8017785072621708,4.315245903798431,0.9719679641191825,-0.7862677338780862,0,0,0,10.0,20.0,0.1,0.03,0.0,8.0,-2.283640260000716
v3_penalties,0,33,2.2551102553171614,2.2336402600007164,-1.8017785072621708,3.2997321318496646,4.017886606192838,-3.419710391606852,0,0,0,10.0,20.0,0.1,0.03,0.0,8.0,-2.305110255317161
v3_penalties,0,34,2.2740195433611157,2.2551102553171614,-1.8017785072621708,4.302714378446778,-5.63591937124729,2.2812861602862435,0,0,0,10.0,20.0,0.1,0.03,0.0,8.0,-2.3240195433611155
v3_penalties,0,35,2.2914233261725334,2.2740195433611157,-1.8017785072621708,3.485166116820386,8.0,-0.6558895805487569,0,0,0,10.0,20.0,0.1,0.03,0.0,8.0,-2.3414233261725332
v3_penalties,0,36,2.3036069778402366,2.2914233261725334,-1.8017785072621708,2.6559285487643005,8.0,-0.4234480601226903,0,0,0,10.0,20.0,0.1,0.03,0.0,8.0,-2.3536069778402364
v3_penalties,0,37,2.3148103643933378,2.3036069778402366,-1.8017785072621708,3.2229443890802565,7.474762334748682,4.624367447014334,0,0,0,10.0,20.0,0.1,0.03,0.0,8.0,-2.3648103643933376
v3_penalties,0,38,2.328266308223711,2.3148103643933378,-1.8017785072621708,4.195597310218891,2.509085552482668,4.498321868409636,0,0,0,10.0,20.0,0.1,0.03,0.0,8.0,-2.378266308223711
v3_penalties,0,39,2.341443461147104,2.328266308223711,-1.8017785072621708,4.583035910886984,-4.01716465992668,0.47072682706376473,0,0,0,10.0,20.0,0.1,0.03,0.0,8.0,-2.391443461147104
v3_penalties,0,40,2.349069472872292,2.341443461147104,-1.8017785072621708,2.85852174827297,-7.538656253940834,-8.0,0,0,0,10.0,20.0,0.1,0.03,0.0,8.0,-2.399069472872292
v3_penalties,0,41,2.3519789501425614,2.349069472872292,-1.8017785072621708,2.164449158232398,4.410414260681922,-0.7155253364249501,0,0,0,10.0,20.0,0.1,0.03,0.0,8.0,-2.4019789501425612
v3_penalties,0,42,2.3536897057727435,2.3519789501425614,-1.8017785072621708,1.834409617963977,4.827055010350675,0.6288858600879208,0,0,0,10.0,20.0,0.1,0.03,0.0,8.0,-2.4036897057727433
v3_penalties,0,43,2.356151892722217,2.3536897057727435,-1.8017785072621708,4.198672477054113,-3.710626109306889,8.0,0,0,0,10.0,20.0,0.1,0.03,0.0,8.0,-2.406151892722217
v3_penalties,0,44,2.357875367776049,2.356151892722217,-1.8017785072621708,3.6542134744190156,6.609976552748867,0.8229879591033583,0,0,0,10.0,20.0,0.1,0.03,0.0,8.0,-2.407875367776049
v3_penalties,0,45,2.357493697705359,2.357875367776049,-1.8017785072621708,5.3128637920558175,0.10676270571990062,7.932891918088657,0,0,0,10.0,20.0,0.1,0.03,0.0,8.0,-2.407493697705359
v3_penalties,0,46,2.352284323487548,2.357493697705359,-1.8017785072621708,6.585732774689382,-1.5450009623956507,7.317910138400408,0,0,0,10.0,20.0,0.1,0.03,0.0,8.0,-2.4022843234875477
v3_penalties,0,47,2.342385418202594,2.352284323487548,-1.8017785072621708,4.684707676511022,3.1421056699018397,-6.344764883533619,0,0,0,10.0,20.0,0.1,0.03,0.0,8.0,-2.392385418202594
v3_penalties,0,48,2.330091704037759,2.342385418202594,-1.8017785072621708,5.100292871528234,3.5675778229746933,5.36342762765124,0,0,0,10.0,20.0,0.1,0.03,0.0,8.0,-2.380091704037759
v3_penalties,0,49,2.3134715594147974,2.330091704037759,-1.8017785072621708,5.335679578249811,2.623005324816105,4.627454680575212,0,0,0,10.0,20.0,0.1,0.03,0.0,8.0,-2.3634715594147973
v3_penalties,0,50,2.295072013000241,2.3134715594147974,-1.8017785072621708,4.384360385424437,6.598937592326516,-2.3581577460725516,0,0,0,10.0,20.0,0.1,0.03,0.0,8.0,-2.345072013000241
v3_penalties,0,51,2.2775953585570705,2.295072013000241,-1.8017785072621708,3.9374531945430284,8.0,0.7757481374727973,0,0,0,10.0,20.0,0.1,0.03,0.0,8.0,-2.3275953585570703
v3_penalties,0,52,2.2629583194486886,2.2775953585570705,-1.8017785072621708,2.713650700099344,4.002138305763635,-7.584525467979427,0,0,0,10.0,20.0,0.1,0.03,0.0,8.0,-2.3129583194486885
v3_penalties,0,53,2.2503894644563953,2.2629583194486886,-1.8017785072621708,2.8425079363616437,4.8508093721722085,3.464965737406913,0,0,0,10.0,20.0,0.1,0.03,0.0,8.0,-2.300389464456395
v3_penalties,0,54,2.235491172449099,2.2503894644563953,-1.8017785072621708,3.1617906760054564,-2.8014337868090933,3.2776578410660426,0,0,0,10.0,20.0,0.1,0.03,0.0,8.0,-2.285491172449099
v3_penalties,0,55,2.21734810050603,2.235491172449099,-1.8017785072621708,3.449909720407811,2.4257557480869925,4.806997338889704,0,0,0,10.0,20.0,0.1,0.03,0.0,8.0,-2.26734810050603
v3_penalties,0,56,2.1988258753725836,2.21734810050603,-1.8017785072621708,2.9765008996638787,3.4358212591910817,-2.660950117296011,0,0,0,10.0,20.0,0.1,0.03,0.0,8.0,-2.2488258753725834
v3_penalties,0,57,2.184006443302784,2.1988258753725836,-1.8017785072621708,2.1488173124591152,0.2634262638224102,-8.0,0,0,0,10.0,20.0,0.1,0.03,0.0,8.0,-2.2340064433027838
v3_penalties,0,58,2.172542118945359,2.184006443302784,-1.8017785072621708,1.872795164655287,0.10302230302511407,-2.4754386810723945,0,0,0,10.0,20.0,0.1,0.03,0.0,8.0,-2.2225421189453587
v3_penalties,0,59,2.1603903100980033,2.172542118945359,-1.8017785072621708,2.2649701094508226,5.130428339544292,6.444355692517118,0,0,0,10.0,20.0,0.1,0.03,0.0,8.0,-2.210390310098003
v3_penalties,0,60,2.14984350101787,2.1603903100980033,-1.8017785072621708,1.5015272852825177,3.078285801692774,-8.0,0,0,0,10.0,20.0,0.1,0.03,0.0,8.0,-2.19984350101787
v3_penalties,0,61,2.144569484997008,2.14984350101787,-1.8017785072621708,1.0251874440181752,2.500615955255586,-5.3035976883826175,0,0,0,10.0,20.0,0.1,0.03,0.0,8.0,-2.194569484997008
v3_penalties,0,62,2.1415071432012494,2.144569484997008,-1.8017785072621708,1.0345158392935823,2.1017389577437164,0.7596765551473202,0,0,0,10.0,20.0,0.1,0.03,0.0,8.0,-2.191507143201249
v3_penalties,0,63,2.1399167090660542,2.1415071432012494,-1.8017785072621708,0.6436332532198235,-5.234696758136948,-6.334636505482656,0,0,0,10.0,20.0,0.1,0.03,0.0,8.0,-2.189916709066054
v3_penalties,0,64,2.137581863343704,2.1399167090660542,-1.8017785072621708,1.1373461430762357,4.025527046646766,8.0,0,0,0,10.0,20.0,0.1,0.03,0.0,8.0,-2.187581863343704
v3_penalties,0,65,2.1324744872766317,2.137581863343704,-1.8017785072621708,1.2317444749212374,-0.23794769941969476,1.5633496794541146,0,0,0,10.0,20.0,0.1,0.03,0.0,8.0,-2.1824744872766315
v3_penalties,0,66,2.126854801388938,2.1324744872766317,-1.8017785072621708,1.1501622451115392,-2.631952175851693,-1.2975315138138488,0,0,0,10.0,20.0,0.1,0.03,0.0,8.0,-2.176854801388938
v3_penalties,0,67,2.120044379669163,2.126854801388938,-1.8017785072621708,1.259324839102804,-8.0,0.39759266106757823,0,0,0,10.0,20.0,0.1,0.03,0.0,8.0,-2.1700443796691626
v3_penalties,0,68,2.1126060439638263,2.120044379669163,-1.8017785072621708,1.1227439787959739,0.9129251344644748,-1.4793943039126551,0,0,0,10.0,20.0,0.1,0.03,0.0,8.0,-2.162606043963826
v3_penalties,0,69,2.1064808358284886,2.1126060439638263,-1.8017785072621708,0.9824579764932613,0.5140240555645684,-1.7135045565305,0,0,0,10.0,20.0,0.1,0.03,0.0,8.0,-2.1564808358284884
v3_penalties,0,70,2.1020318027162905,2.1064808358284886,-1.8017785072621708,0.8888139136259654,6.420128672643081,-0.3658464122953558,0,0,0,10.0,20.0,0.1,0.03,0.0,8.0,-2.1520318027162904
v3_penalties,0,71,2.0970980676345348,2.1020318027162905,-1.8017785072621708,1.1608358266414083,1.264191348425364,4.612502899088039,0,0,0,10.0,20.0,0.1,0.03,0.0,8.0,-2.1470980676345346
v3_penalties,0,72,2.0900806534901224,2.0970980676345348,-1.8017785072621708,1.2612886899297597,0.912871138571862,1.9395558072502999,0,0,0,10.0,20.0,0.1,0.03,0.0,8.0,-2.140080653490122
v3_penalties,0,73,2.0818380552361075,2.0900806534901224,-1.8017785072621708,1.234485218364341,-8.0,-1.1947343594901445,0,0,0,10.0,20.0,0.1,0.03,0.0,8.0,-2.1318380552361074
v3_penalties,0,74,2.073297560337861,2.0818380552361075,-1.8017785072621708,1.2727736985804659,8.0,1.8749204651847118,0,0,0,10.0,20.0,0.1,0.03,0.0,8.0,-2.123297560337861
v3_penalties,0,75,2.0649793446420324,2.073297560337861,-1.8017785072621708,1.3398445473916776,4.914916990595655,1.8868794716641761,0,0,0,10.0,20.0,0.1,0.03,0.0,8.0,-2.114979344642032
v3_penalties,0,76,2.058866997404508,2.0649793446420324,-1.8017785072621708,1.090089041554611,8.0,-3.591643013693985,0,0,0,10.0,20.0,0.1,0.03,0.0,8.0,-2.108866997404508
v3_penalties,0,77,2.0534086376284826,2.058866997404508,-1.8017785072621708,1.255561847535338,-3.873744445187382,3.155402654492477,0,0,0,10.0,20.0,0.1,0.03,0.0,8.0,-2.1034086376284824
v3_penalties,0,78,2.04613591499275,2.0534086376284826,-1.8017785072621708,1.3153957999247903,3.774053988299954,1.522940469595705,0,0,0,10.0,20.0,0.1,0.03,0.0,8.0,-2.09613591499275
v3_penalties,0,79,2.040080683320941,2.04613591499275,-1.8017785072621708,1.1318443097813975,1.421220873330052,-3.1951205669465295,0,0,0,10.0,20.0,0.1,0.03,0.0,8.0,-2.0900806833209407
v3_penalties,0,80,2.0359052878844297,2.040080683320941,-1.8017785072621708,1.1393864435428478,4.96983742799765,0.17473221308068837,0,0,0,10.0,20.0,0.1,0.03,0.0,8.0,-2.0859052878844295
v3_penalties,0,81,2.033403009919365,2.0359052878844297,-1.8017785072621708,1.0479653950194452,2.393007845854921,-2.2943542192739086,0,0,0,10.0,20.0,0.1,0.03,0.0,8.0,-2.083403009919365
v3_penalties,0,82,2.0338455474020827,2.033403009919365,-1.8017785072621708,1.0507857741788462,8.0,-2.159742844418398,0,0,0,10.0,20.0,0.1,0.03,0.0,8.0,-2.0838455474020825
v3_penalties,0,83,2.038320709464251,2.0338455474020827,-1.8017785072621708,1.0121000590272764,0.8003547301077883,-5.292827112776167,0,0,0,10.0,20.0,0.1,0.03,0.0,8.0,-2.088320709464251
v3_penalties,0,84,2.044821846060271,2.038320709464251,-1.8017785072621708,0.9536759022940756,-3.8975182932035883,-0.21937575780639704,0,0,0,10.0,20.0,0.1,0.03,0.0,8.0,-2.0948218460602708
v3_penalties,0,85,2.0504763811362445,2.044821846060271,-1.8017785072621708,0.8929415094429262,-3.9482580635327245,0.6046893168349148,0,0,0,10.0,20.0,0.1,0.03,0.0,8.0,-2.1004763811362444
v3_penalties,0,86,2.0549318235555134,2.0504763811362445,-1.8017785072621708,0.8346328205164253,-4.030600933224846,0.5847039972579755,0,0,0,10.0,20.0,0.1,0.03,0.0,8.0,-2.1049318235555132
v3_penalties,0,87,2.0563913961335896,2.0549318235555134,-1.8017785072621708,0.9327907207025599,0.1341594180223405,5.912625838563922,0,0,0,10.0,20.0,0.1,0.03,0.0,8.0,-2.1063913961335894
v3_penalties,0,88,2.0574547656820386,2.0563913961335896,-1.8017785072621708,0.8074338187302876,-2.4231843640393507,-5.280678559082436,0,0,0,10.0,20.0,0.1,0.03,0.0,8.0,-2.1074547656820384
v3_penalties,0,89,2.063583968812534,2.0574547656820386,-1.8017785072621708,0.8534776813229348,-3.8501445760198036,-8.0,0,0,0,10.0,20.0,0.1,0.03,0.0,8.0,-2.113583968812534
v3_penalties,0,90,2.0699622237837483,2.063583968812534,-1.8017785072621708,0.6217317830673005,-8.0,4.829234525610023,0,0,0,10.0,20.0,0.1,0.03,0.0,8.0,-2.119962223783748
v3_penalties,0,91,2.075139362151638,2.0699622237837483,-1.8017785072621708,0.7814619250487279,8.0,-1.8380180507316057,0,0,0,10.0,20.0,0.1,0.03,0.0,8.0,-2.125139362151638
v3_penalties,0,92,2.0829563475075554,2.075139362151638,-1.8017785072621708,0.8489020919039552,0.4436086341603469,-2.1696672183617576,0,0,0,10.0,20.0,0.1,0.03,0.0,8.0,-2.1329563475075553
v3_penalties,0,93,2.0926566352077196,2.0829563475075554,-1.8017785072621708,0.9620536759110907,4.568712541810793,-0.8313064208776727,0,0,0,10.0,20.0,0.1,0.03,0.0,8.0,-2.1426566352077194
v3_penalties,0,94,2.103536182084251,2.0926566352077196,-1.8017785072621708,0.9833474742375369,-0.5957591450145073,-0.7360956171903457,0,0,0,10.0,20.0,0.1,0.03,0.0,8.0,-2.1535361820842507
v3_penalties,0,95,2.112281953718586,2.103536182084251,-1.8017785072621708,0.7205359160875386,-7.769956447018533,3.9719576505842102,0,0,0,10.0,20.0,0.1,0.03,0.0,8.0,-2.162281953718586
v3_penalties,0,96,2.114514041637418,2.112281953718586,-1.8017785072621708,0.6546036331504105,-5.867172760318278,8.0,0,0,0,10.0,20.0,0.1,0.03,0.0,8.0,-2.164514041637418
v3_penalties,0,97,2.112931661135963,2.114514041637418,-1.8017785072621708,0.7359650108557976,6.466047393770291,0.9096744779292314,0,0,0,10.0,20.0,0.1,0.03,0.0,8.0,-2.162931661135963
v3_penalties,0,98,2.1107897136631975,2.112931661135963,-1.8017785072621708,0.666757336404195,-8.0,0.17589956079105812,0,0,0,10.0,20.0,0.1,0.03,0.0,8.0,-2.1607897136631973
v3_penalties,0,99,2.107386490441474,2.1107897136631975,-1.8017785072621708,0.7514700484923837,3.545957570647739,1.7986416070728835,0,0,0,10.0,20.0,0.1,0.03,0.0,8.0,-2.157386490441474
v3_penalties,0,100,2.0996508683098356,2.107386490441474,-1.8017785072621708,1.1114094690068963,-3.1021197053085343,8.0,0,0,0,10.0,20.0,0.1,0.03,0.0,8.0,-2.1496508683098354
v3_penalties,0,101,2.088818564127043,2.0996508683098356,-1.8017785072621708,1.0482123585859406,3.5097056293080744,-1.10230586969971,0,0,0,10.0,20.0,0.1,0.03,0.0,8.0,-2.138818564127043
v3_penalties,0,102,2.0785912835410367,2.088818564127043,-1.8017785072621708,1.1582451163424148,8.0,1.9063001068678256,0,0,0,10.0,20.0,0.1,0.03,0.0,8.0,-2.1285912835410365
v3_penalties,0,103,2.067358381947797,2.0785912835410367,-1.8017785072621708,1.2389851003944126,0.7654395926001369,1.860788580141703,0,0,0,10.0,20.0,0.1,0.03,0.0,8.0,-2.117358381947797
v3_penalties,0,104,2.0550619555759417,2.067358381947797,-1.8017785072621708,1.3266189637973864,5.830420903352646,1.502551685949174,0,0,0,10.0,20.0,0.1,0.03,0.0,8.0,-2.1050619555759416
v3_penalties,0,105,2.042002413184177,2.0550619555759417,-1.8017785072621708,1.376146299399846,1.0549355911703118,1.206452426326879,0,0,0,10.0,20.0,0.1,0.03,0.0,8.0,-2.092002413184177
v3_penalties,0,106,2.028808253953998,2.042002413184177,-1.8017785072621708,1.4389397949373381,8.0,0.37785776355054485,0,0,0,10.0,20.0,0.1,0.03,0.0,8.0,-2.078808253953998
v3_penalties,0,107,2.01737845816156,2.028808253953998,-1.8017785072621708,1.226161499506902,-6.4892182614072915,-3.6995556875506908,0,0,0,10.0,20.0,0.1,0.03,0.0,8.0,-2.06737845816156
v3_penalties,0,108,2.0047255817956895,2.01737845816156,-1.8017785072621708,1.4087459375845766,-2.355011522187112,5.181980199909306,0,0,0,10.0,20.0,0.1,0.03,0.0,8.0,-2.0547255817956893
v3_penalties,0,109,1.9905053595165056,2.0047255817956895,-1.8017785072621708,1.3828868769059364,5.6378439615329095,-1.605689788421044,0,0,0,10.0,20.0,0.1,0.03,0.0,8.0,-2.0405053595165055
v3_penalties,0,110,1.9781389828911438,1.9905053595165056,-1.8017785072621708,1.3222641031434037,0.0036048217784907456,-1.414347639577463,0,0,0,10.0,20.0,0.1,0.03,0.0,8.0,-2.028138982891144
v3_penalties,0,111,1.9689608517070318,1.9781389828911438,-1.8017785072621708,1.064047814102832,-6.886422710427522,-5.285195284073686,0,0,0,10.0,20.0,0.1,0.03,0.0,8.0,-2.018960851707032
v3_penalties,0,112,1.9613842743968988,1.9689608517070318,-1.8017785072621708,1.008101164905682,-6.2942750553193125,1.309669858525558,0,0,0,10.0,20.0,0.1,0.03,0.0,8.0,-2.0113842743968986
v3_penalties,0,113,1.9535044238539063,1.9613842743968988,-1.8017785072621708,1.0373054589708885,3.8347048432977533,-0.701450261342628,0,0,0,10.0,20.0,0.1,0.03,0.0,8.0,-2.003504423853906
v3_penalties,0,114,1.944452805170471,1.9535044238539063,-1.8017785072621708,1.1004461330466362,-2.3291994022945883,3.301324031718902,0,0,0,10.0,20.0,0.1,0.03,0.0,8.0,-1.994452805170471
v3_penalties,0,115,1.9377822340408954,1.944452805170471,-1.8017785072621708,0.8347629783924014,-4.472157272963682,-8.0,0,0,0,10.0,20.0,0.1,0.03,0.0,8.0,-1.9877822340408955
v3_penalties,0,116,1.9344983913882177,1.9377822340408954,-1.8017785072621708,0.846770313614551,-0.35320895576809797,1.552345350407382,0,0,0,10.0,20.0,0.1,0.03,0.0,8.0,-1.9844983913882177
v3_penalties,0,117,1.934048452863864,1.9344983913882177,-1.8017785072621708,0.7441490395855411,-5.2060797304044595,-6.883178697207376,0,0,0,10.0,20.0,0.1,0.03,0.0,8.0,-1.984048452863864
v3_penalties,0,118,1.940753705356548,1.934048452863864,-1.8017785072621708,0.8841154882107097,-3.3657513188220496,-6.726952861075125,0,0,0,10.0,20.0,0.1,0.03,0.0,8.0,-1.990753705356548
v3_penalties,0,119,1.9517307200477125,1.940753705356548,-1.8017785072621708,0.9216094617493211,-1.4813682308163372,-1.3702108549084098,0,0,0,10.0,20.0,0.1,0.03,0.0,8.0,-2.0017307200477124
v3_penalties,0,120,1.961189494298272,1.9517307200477125,-1.8017785072621708,0.7609035839141272,0.6721217520946375,4.285099290771225,0,0,0,10.0,20.0,0.1,0.03,0.0,8.0,-2.011189494298272
v3_penalties,0,121,1.9670291800219044,1.961189494298272,-1.8017785072621708,0.6785019028721676,-0.1412107346723652,2.670875589555165,0,0,0,10.0,20.0,0.1,0.03,0.0,8.0,-2.0170291800219045
v3_penalties,0,122,1.9757284652715843,1.9670291800219044,-1.8017785072621708,1.007935903302289,2.0991282915481215,-7.782238293484992,0,0,0,10.0,20.0,0.1,0.03,0.0,8.0,-2.0257284652715843
v3_penalties,0,123,1.9914423640045433,1.9757284652715843,-1.8017785072621708,1.2561867540762943,-1.1740623217535262,-5.238751775040221,0,0,0,10.0,20.0,0.1,0.03,0.0,8.0,-2.0414423640045434
v3_penalties,0,124,2.0095681061712187,1.9914423640045433,-1.8017785072621708,1.1724296665165377,-5.670163010993725,0.2749707357242887,0,0,0,10.0,20.0,0.1,0.03,0.0,8.0,-2.0595681061712185
v3_penalties,0,125,2.0259031479596703,2.0095681061712187,-1.8017785072621708,1.0805288889110418,5.025539613786299,2.9800003879019767,0,0,0,10.0,20.0,0.1,0.03,0.0,8.0,-2.07590314795967
v3_penalties,0,126,2.0373116732844547,2.0259031479596703,-1.8017785072621708,0.7993402148578374,2.0616502377358508,6.786211280819521,0,0,0,10.0,20.0,0.1,0.03,0.0,8.0,-2.0873116732844545
v3_penalties,0,127,2.0469982784986422,2.0373116732844547,-1.8017785072621708,0.9407353727136545,-0.28069431214698515,-3.308649437959885,0,0,0,10.0,20.0,0.1,0.03,0.0,8.0,-2.096998278498642
v3_penalties,0,128,2.0597898545114877,2.0469982784986422,-1.8017785072621708,1.041188385597846,-2.223256288352315,-2.64796993559852,0,0,0,10.0,20.0,0.1,0.03,0.0,8.0,-2.1097898545114875
v3_penalties,0,129,2.0704857755515564,2.0597898545114877,-1.8017785072621708,0.6314958542937369,-8.0,5.7994803288837184,0,0,0,10.0,20.0,0.1,0.03,0.0,8.0,-2.1204857755515563
v3_penalties,0,130,2.0780347307073015,2.0704857755515564,-1.8017785072621708,0.6456300072381954,-0.8366190667887616,-0.5782217139767146,0,0,0,10.0,20.0,0.1,0.03,0.0,8.0,-2.1280347307073013
v3_penalties,0,131,2.0856908783590304,2.0780347307073015,-1.8017785072621708,0.6040311768518187,-2.280766437020558,0.11637370301054342,0,0,0,10.0,20.0,0.1,0.03,0.0,8.0,-2.1356908783590303
v3_penalties,0,132,2.0906971265851695,2.0856908783590304,-1.8017785072621708,0.36771114111066433,-2.7734970848192035,4.4304437443319715,0,0,0,10.0,20.0,0.1,0.03,0.0,8.0,-2.1406971265851693
v3_penalties,0,133,2.091164122940428,2.0906971265851695,-1.8017785072621708,0.20140226110244133,-7.817033865570619,3.204710098321727,0,0,0,10.0,20.0,0.1,0.03,0.0,8.0,-2.141164122940428
v3_penalties,0,134,2.086680340965885,2.091164122940428,-1.8017785072621708,0.4496390732685598,0.36927914349035174,5.476935499013267,0,0,0,10.0,20.0,0.1,0.03,0.0,8.0,-2.136680340965885
v3_penalties,0,135,2.07611598137029,2.086680340965885,-1.8017785072621708,0.8169855863983443,6.649045750141276,6.537433276313399,0,0,0,10.0,20.0,0.1,0.03,0.0,8.0,-2.12611598137029
v3_penalties,0,136,2.0646178912601556,2.07611598137029,-1.8017785072621708,0.578375973186844,-0.016680906096180913,-4.220068047573979,0,0,0,10.0,20.0,0.1,0.03,0.0,8.0,-2.1146178912601554
v3_penalties,0,137,2.0583908707176994,2.0646178912601556,-1.8017785072621708,0.4427153348907761,6.954532566203735,-5.047180448041893,0,0,0,10.0,20.0,0.1,0.03,0.0,8.0,-2.1083908707176993
v3_penalties,0,138,2.0565249384252944,2.0583908707176994,-1.8017785072621708,0.44794150951668654,1.3379084063524693,-2.3866998573952833,0,0,0,10.0,20.0,0.1,0.03,0.0,8.0,-2.106524938425294
v3_penalties,0,139,2.0517561447983006,2.0565249384252944,-1.8017785072621708,0.641960322088228,0.8570745475090562,8.0,0,0,0,10.0,20.0,0.1,0.03,0.0,8.0,-2.1017561447983004
v3_penalties,0,140,2.041896898750496,2.0517561447983006,-1.8017785072621708,0.7363135948508361,3.0409176689312805,1.7457111204010594,0,0,0,10.0,20.0,0.1,0.03,0.0,8.0,-2.091896898750496
v3_penalties,0,141,2.030195815881488,2.041896898750496,-1.8017785072621708,0.8169624198539537,-0.2517275759513254,1.8983222853974016,0,0,0,10.0,20.0,0.1,0.03,0.0,8.0,-2.080195815881488
v3_penalties,0,142,2.0160369687435225,2.030195815881488,-1.8017785072621708,0.9734234507007589,4.015957844219115,2.860446178193957,0,0,0,10.0,20.0,0.1,0.03,0.0,8.0,-2.0660369687435223
v3_penalties,0,143,2.002030514278843,2.0160369687435225,-1.8017785072621708,0.7945585977716155,-4.255229223634285,-3.0507913001368343,0,0,0,10.0,20.0,0.1,0.03,0.0,8.0,-2.052030514278843
v3_penalties,0,144,1.9876145546896915,2.002030514278843,-1.8017785072621708,0.9708095226535693,0.20879424770102387,3.6931328020582876,0,0,0,10.0,20.0,0.1,0.03,0.0,8.0,-2.0376145546896915
v3_penalties,0,145,1.971640768917399,1.9876145546896915,-1.8017785072621708,0.9408721727139162,2.0979102560083973,-0.7624113389925036,0,0,0,10.0,20.0,0.1,0.03,0.0,8.0,-2.0216407689173987
v3_penalties,0,146,1.9593241217533082,1.971640768917399,-1.8017785072621708,0.6024516090941695,-8.0,-5.823411851836573,0,0,0,10.0,20.0,0.1,0.03,0.0,8.0,-2.009324121753308
v3_penalties,0,147,1.951583742341716,1.9593241217533082,-1.8017785072621708,0.6106012757294376,6.888713762325178,-2.299638464405455,0,0,0,10.0,20.0,0.1,0.03,0.0,8.0,-2.0015837423417158
v3_penalties,0,148,1.944534589201816,1.951583742341716,-1.8017785072621708,0.7325027965556039,6.093560541882806,1.3525947681243473,0,0,0,10.0,20.0,0.1,0.03,0.0,8.0,-1.994534589201816
v3_penalties,0,149,1.9413662908615434,1.944534589201816,-1.8017785072621708,0.6487837657638886,-2.8360634338507054,-8.0,0,0,0,10.0,20.0,0.1,0.03,0.0,8.0,-1.9913662908615435
v3_penalties,0,150,1.944575603039367,1.9413662908615434,-1.8017785072621708,0.7034467237692095,-1.477615623953499,-3.1254397627874635,0,0,0,10.0,20.0,0.1,0.03,0.0,8.0,-1.994575603039367
v3_penalties,0,151,1.9505696570166635,1.944575603039367,-1.8017785072621708,0.674463116893942,-5.686065922640621,-1.7016769542716406,0,0,0,10.0,20.0,0.1,0.03,0.0,8.0,-2.0005696570166633
v3_penalties,0,152,1.953056860520534,1.9505696570166635,-1.8017785072621708,0.5980879464954785,6.56309889633469,8.0,0,0,0,10.0,20.0,0.1,0.03,0.0,8.0,-2.003056860520534
v3_penalties,0,153,1.9518725942597257,1.953056860520534,-1.8017785072621708,0.4599943670692753,-8.0,-1.3699727854338757,0,0,0,10.0,20.0,0.1,0.03,0.0,8.0,-2.0018725942597255
v3_penalties,0,154,1.9506144095310158,1.9518725942597257,-1.8017785072621708,0.422527277356995,-1.7253187602947686,1.5580589209770896,0,0,0,10.0,20.0,0.1,0.03,0.0,8.0,-2.000614409531016
v3_penalties,0,155,1.947541533409181,1.9506144095310158,-1.8017785072621708,0.49806478147168853,3.6256048349355976,1.737993302495291,0,0,0,10.0,20.0,0.1,0.03,0.0,8.0,-1.997541533409181
v3_penalties,0,156,1.9477256750960008,1.947541533409181,-1.8017785072621708,0.5992529428226405,0.2565162582543124,-7.336461272182603,0,0,0,10.0,20.0,0.1,0.03,0.0,8.0,-1.9977256750960009
v3_penalties,0,157,1.95328266305671,1.9477256750960008,-1.8017785072621708,0.6088686035494226,-4.475713117797443,-2.0251167431545563,0,0,0,10.0,20.0,0.1,0.03,0.0,8.0,-2.00328266305671
v3_penalties,0,158,1.9643028076804891,1.95328266305671,-1.8017785072621708,0.9677591067620414,-3.019824280914021,-7.591418798766064,0,0,0,10.0,20.0,0.1,0.03,0.0,8.0,-2.014302807680489
v3_penalties,0,159,1.9775855218898204,1.9643028076804891,-1.8017785072621708,0.7062180641619977,-6.01745773876883,3.429227616378897,0,0,0,10.0,20.0,0.1,0.03,0.0,8.0,-2.0275855218898204
v3_penalties,0,160,1.9900028915709747,1.9775855218898204,-1.8017785072621708,0.7812883263543628,-5.444184856040953,-2.191486580945505,0,0,0,10.0,20.0,0.1,0.03,0.0,8.0,-2.0400028915709747
v3_penalties,0,161,2.002568083207029,1.9900028915709747,-1.8017785072621708,0.6562384048644525,-3.081773125569358,1.6032646201476337,0,0,0,10.0,20.0,0.1,0.03,0.0,8.0,-2.0525680832070288
v3_penalties,0,162,2.017108859370726,2.002568083207029,-1.8017785072621708,0.9661675496886567,-2.662214906924209,-5.435820299621038,0,0,0,10.0,20.0,0.1,0.03,0.0,8.0,-2.067108859370726
v3_penalties,0,163,2.031864437174265,2.017108859370726,-1.8017785072621708,0.659381731559969,-2.6952356743309656,4.630245352330917,0,0,0,10.0,20.0,0.1,0.03,0.0,8.0,-2.0818644371742647
v3_penalties,0,164,2.0421878100896755,2.031864437174265,-1.8017785072621708,0.5199606101414905,7.226598446603698,3.206464021741299,0,0,0,10.0,20.0,0.1,0.03,0.0,8.0,-2.0921878100896754
v3_penalties,0,165,2.052201194398329,2.0421878100896755,-1.8017785072621708,0.6823397544928778,1.4571414953085173,-2.469275445207821,0,0,0,10.0,20.0,0.1,0.03,0.0,8.0,-2.102201194398329
v3_penalties,0,166,2.0594588784655237,2.052201194398329,-1.8017785072621708,0.2899353082820961,2.831006684625833,7.436775962336641,0,0,0,10.0,20.0,0.1,0.03,0.0,8.0,-2.1094588784655235
v3_penalties,0,167,2.0664497397047974,2.0594588784655237,-1.8017785072621708,0.7568805848216171,8.0,-6.52443457255803,0,0,0,10.0,20.0,0.1,0.03,0.0,8.0,-2.116449739704797
v3_penalties,0,168,2.072665891528898,2.0664497397047974,-1.8017785072621708,0.28288642081677673,-4.514895432264713,8.0,0,0,0,10.0,20.0,0.1,0.03,0.0,8.0,-2.122665891528898
v3_penalties,0,169,2.0711654868371165,2.072665891528898,-1.8017785072621708,0.2879204758622978,-1.4746166742849969,5.47175328100003,0,0,0,10.0,20.0,0.1,0.03,0.0,8.0,-2.1211654868371164
v3_penalties,0,170,2.063602761627189,2.0711654868371165,-1.8017785072621708,0.5614117250148164,-2.8690465503780027,5.166499261397708,0,0,0,10.0,20.0,0.1,0.03,0.0,8.0,-2.1136027616271886
v3_penalties,0,171,2.05733592784784,2.063602761627189,-1.8017785072621708,0.27327746032991795,6.453902008421215,-7.26490275937494,0,0,0,10.0,20.0,0.1,0.03,0.0,8.0,-2.10733592784784
v3_penalties,0,172,2.054885514170028,2.05733592784784,-1.8017785072621708,0.1846564554738195,-8.0,0.463108051746842,0,0,0,10.0,20.0,0.1,0.03,0.0,8.0,-2.104885514170028
v3_penalties,0,173,2.0525081091007493,2.054885514170028,-1.8017785072621708,0.10241077622069895,-5.430095934788888,-1.1205349470989754,0,0,0,10.0,20.0,0.1,0.03,0.0,8.0,-2.102508109100749
v3_penalties,0,174,2.0480738834574317,2.0525081091007493,-1.8017785072621708,0.37224850494223066,5.310019969863718,4.784950276934713,0,0,0,10.0,20.0,0.1,0.03,0.0,8.0,-2.0980738834574315
v3_penalties,0,175,2.0457045147809594,2.0480738834574317,-1.8017785072621708,0.29819485561237236,5.417629984014765,-7.993809000077703,0,0,0,10.0,20.0,0.1,0.03,0.0,8.0,-2.095704514780959
v3_penalties,0,176,2.051529957213605,2.0457045147809594,-1.8017785072621708,0.6594086730346608,2.966075387654416,-6.216684089153457,0,0,0,10.0,20.0,0.1,0.03,0.0,8.0,-2.101529957213605
v3_penalties,0,177,2.0588831531807,2.051529957213605,-1.8017785072621708,0.4214716661685066,-3.3742173229944448,3.4288240008051596,0,0,0,10.0,20.0,0.1,0.03,0.0,8.0,-2.1088831531806997
v3_penalties,0,178,2.0635806858128216,2.0588831531807,-1.8017785072621708,0.4231002066263558,4.232269078959076,1.2781850676528996,0,0,0,10.0,20.0,0.1,0.03,0.0,8.0,-2.1135806858128214
v3_penalties,0,179,2.068120356150993,2.0635806858128216,-1.8017785072621708,0.4963868173582407,2.440137905026735,-0.7204804796596844,0,0,0,10.0,20.0,0.1,0.03,0.0,8.0,-2.118120356150993
v3_penalties,0,180,2.0746814292046345,2.068120356150993,-1.8017785072621708,0.5708506080268346,-5.7253899759542595,-3.029569998992212,0,0,0,10.0,20.0,0.1,0.03,0.0,8.0,-2.1246814292046343
v3_penalties,0,181,2.0856072110019612,2.0746814292046345,-1.8017785072621708,0.8912457003390947,2.2951773920513148,-4.9426797240959095,0,0,0,10.0,20.0,0.1,0.03,0.0,8.0,-2.135607211001961
v3_penalties,0,182,2.103243371192793,2.0856072110019612,-1.8017785072621708,1.286003277494716,-4.5731761921375655,-7.282497108389749,0,0,0,10.0,20.0,0.1,0.03,0.0,8.0,-2.1532433711927927
v3_penalties,0,183,2.125024145791912,2.103243371192793,-1.8017785072621708,1.2937654801991947,-5.068766927726213,-1.0067240503262376,0,0,0,10.0,20.0,0.1,0.03,0.0,8.0,-2.175024145791912
v3_penalties,0,184,2.1424374184050996,2.125024145791912,-1.8017785072621708,0.7708340580130381,-0.8960828696279693,8.0,0,0,0,10.0,20.0,0.1,0.03,0.0,8.0,-2.1924374184050994
v3_penalties,0,185,2.1590401175720384,2.1424374184050996,-1.8017785072621708,1.257753181330917,6.615472096615721,-6.407422516474569,0,0,0,10.0,20.0,0.1,0.03,0.0,8.0,-2.209040117572038
v3_penalties,0,186,2.180547934651473,2.1590401175720384,-1.8017785072621708,1.4505735025993656,6.8237110333850985,-1.6350891952750752,0,0,0,10.0,20.0,0.1,0.03,0.0,8.0,-2.2305479346514727
v3_penalties,0,187,2.2051554758464014,2.180547934651473,-1.8017785072621708,1.7591366161438686,8.0,-3.0200524568965457,0,0,0,10.0,20.0,0.1,0.03,0.0,8.0,-2.255155475846401
v3_penalties,0,188,2.2301794618360997,2.2051554758464014,-1.8017785072621708,1.6043216166911582,0.9779119459678346,2.6780462451242104,0,0,0,10.0,20.0,0.1,0.03,0.0,8.0,-2.2801794618360995
v3_penalties,0,189,2.2510105352850487,2.2301794618360997,-1.8017785072621708,1.3580497718040225,5.071747805407852,5.102893781632153,0,0,0,10.0,20.0,0.1,0.03,0.0,8.0,-2.3010105352850485
v3_penalties,0,190,2.2722711072873567,2.2510105352850487,-1.8017785072621708,1.7430034578225466,1.914209138787267,-5.3296372825854865,0,0,0,10.0,20.0,0.1,0.03,0.0,8.0,-2.3222711072873565
v3_penalties,0,191,2.2980734124217364,2.2722711072873567,-1.8017785072621708,1.9230734435056882,-2.6262705180429036,-3.193388482362965,0,0,0,10.0,20.0,0.1,0.03,0.0,8.0,-2.348073412421736
v3_penalties,0,192,2.327666985367423,2.2980734124217364,-1.8017785072621708,2.2232670914739945,-1.8958387764471358,-4.6131128136278425,0,0,0,10.0,20.0,0.1,0.03,0.0,8.0,-2.377666985367423
v3_penalties,0,193,2.3638116862472267,2.327666985367423,-1.8017785072621708,2.818018434778661,0.027138767561057136,-8.0,0,0,0,10.0,20.0,0.1,0.03,0.0,8.0,-2.4138116862472265
v3_penalties,0,194,2.404374267733619,2.3638116862472267,-1.8017785072621708,2.908013795275933,-1.1476494760721416,-1.0792783091805016,0,0,0,10.0,20.0,0.1,0.03,0.0,8.0,-2.454374267733619
v3_penalties,0,195,2.443823689140214,2.404374267733619,-1.8017785072621708,2.813765272486182,0.07395849512474031,1.6689276407121534,0,0,0,10.0,20.0,0.1,0.03,0.0,8.0,-2.4938236891402137
v3_penalties,0,196,2.482048843724987,2.443823689140214,-1.8017785072621708,2.9202869688534485,2.577761641983073,-0.23611232170351532,0,0,0,10.0,20.0,0.1,0.03,0.0,8.0,-2.532048843724987
v3_penalties,0,197,2.5150293650849918,2.482048843724987,-1.8017785072621708,2.2026934187996496,-3.8271164692121697,8.0,0,0,0,10.0,20.0,0.1,0.03,0.0,8.0,-2.5650293650849916
v3_penalties,0,198,2.538514881396819,2.5150293650849918,-1.8017785072621708,1.632992712337668,1.6446327049089309,7.317260284996019,0,0,0,10.0,20.0,0.1,0.03,0.0,8.0,-2.5885148813968186
v3_penalties,0,199,2.5622991325642555,2.538514881396819,-1.8017785072621708,2.3684015228917845,3.240983407271176,-7.389826145058471,0,0,0,10.0,20.0,0.1,0.03,0.0,8.0,-2.6122991325642553
v3_penalties,0,200,2.5910620456277513,2.5622991325642555,-1.8017785072621708,2.5066745414747866,-0.9318231635131822,-1.5095833923123518,0,0,0,10.0,20.0,0.1,0.03,0.0,8.0,-2.641062045627751
v3_penalties,1,1,1.2261898951319892,1.2252173810774687,-1.2252173810774687,0.27584495356967487,-4.366393842962006,1.2732902476602819,0,0,0,10.0,20.0,0.1,0.03,0.0,8.0,-1.2761898951319892
v3_penalties,1,2,1.2302688636535206,1.2261898951319892,-1.2252173810774687,1.053838267397638,-4.907337993735488,5.711671416600774,0,0,0,10.0,20.0,0.1,0.03,0.0,8.0,-1.2802688636535207
v3_penalties,1,3,1.236815093243022,1.2302688636535206,-1.2252173810774687,1.336325792081968,2.942853834024079,3.392777183244613,0,0,0,10.0,20.0,0.1,0.03,0.0,8.0,-1.286815093243022
v3_penalties,1,4,1.2448081137841378,1.236815093243022,-1.2252173810774687,1.9379418637643637,1.3179666056311545,5.577873252650528,0,0,0,10.0,20.0,0.1,0.03,0.0,8.0,-1.2948081137841378
v3_penalties,1,5,1.2536755492010196,1.2448081137841378,-1.2252173810774687,1.825656812508558,-2.18019913619486,-1.67769869571026,0,0,0,10.0,20.0,0.1,0.03,0.0,8.0,-1.3036755492010197
v3_penalties,1,6,1.2611361133004664,1.2536755492010196,-1.2252173810774687,1.384817707972493,2.1703259505941133,-2.9930161006219898,0,0,0,10.0,20.0,0.1,0.03,0.0,8.0,-1.3111361133004664
v3_penalties,1,7,1.2674827868189193,1.2611361133004664,-1.2252173810774687,1.3052524413341664,-4.082039764038836,-1.8467211457152328,0,0,0,10.0,20.0,0.1,0.03,0.0,8.0,-1.3174827868189194
v3_penalties,1,8,1.272302651742512,1.2674827868189193,-1.2252173810774687,0.530675244489697,0.4018146071686854,-5.8684106643652685,0,0,0,10.0,20.0,0.1,0.03,0.0,8.0,-1.322302651742512
v3_penalties,1,9,1.2770028900340225,1.272302651742512,-1.2252173810774687,0.9999659534503614,-8.0,1.2013616344067697,0,0,0,10.0,20.0,0.1,0.03,0.0,8.0,-1.3270028900340225
v3_penalties,1,10,1.2837160988723801,1.2770028900340225,-1.2252173810774687,1.2636461435477062,-2.238884995634224,1.3255669637274594,0,0,0,10.0,20.0,0.1,0.03,0.0,8.0,-1.3337160988723802
v3_penalties,1,11,1.2935849866886449,1.2837160988723801,-1.2252173810774687,2.525907310621932,-6.894284411566232,7.054280014719855,0,0,0,10.0,20.0,0.1,0.03,0.0,8.0,-1.343584986688645
v3_penalties,1,12,1.3044773946344046,1.2935849866886449,-1.2252173810774687,2.078501476933229,5.815428844234894,-1.4870415267406356,0,0,0,10.0,20.0,0.1,0.03,0.0,8.0,-1.3544773946344046
v3_penalties,1,13,1.3149377794120658,1.3044773946344046,-1.2252173810774687,3.1308193584628197,3.932300387790419,8.0,0,0,0,10.0,20.0,0.1,0.03,0.0,8.0,-1.3649377794120658
v3_penalties,1,14,1.3253687118181243,1.3149377794120658,-1.2252173810774687,3.2777783567180276,8.0,3.0335813298703456,0,0,0,10.0,20.0,0.1,0.03,0.0,8.0,-1.3753687118181244
v3_penalties,1,15,1.3328433808954867,1.3253687118181243,-1.2252173810774687,2.316210457672388,4.436592448532435,-4.45218527068634,0,0,0,10.0,20.0,0.1,0.03,0.0,8.0,-1.3828433808954868
v3_penalties,1,16,1.338227119037657,1.3328433808954867,-1.2252173810774687,2.706162607700366,3.8158252191364883,3.233995846311803,0,0,0,10.0,20.0,0.1,0.03,0.0,8.0,-1.388227119037657
v3_penalties,1,17,1.3418630405955296,1.338227119037657,-1.2252173810774687,1.6571667055202666,2.635047865661129,-4.7412963977759155,0,0,0,10.0,20.0,0.1,0.03,0.0,8.0,-1.3918630405955297
v3_penalties,1,18,1.3428251657243482,1.3418630405955296,-1.2252173810774687,0.29348933787736703,1.7493688928676732,-6.362039499194839,0,0,0,10.0,20.0,0.1,0.03,0.0,8.0,-1.3928251657243482
v3_penalties,1,19,1.3431972650703494,1.3428251657243482,-1.2252173810774687,1.233992617928213,0.7095646101293144,4.993454754354708,0,0,0,10.0,20.0,0.1,0.03,0.0,8.0,-1.3931972650703495
v3_penalties,1,20,1.3444454662050258,1.3431972650703494,-1.2252173810774687,2.016925259773831,1.7144166800325769,4.400537346115306,0,0,0,10.0,20.0,0.1,0.03,0.0,8.0,-1.3944454662050259
v3_penalties,1,21,1.3454138276758496,1.3444454662050258,-1.2252173810774687,0.9299510195305046,-5.070656825573335,-6.684618590982859,0,0,0,10.0,20.0,0.1,0.03,0.0,8.0,-1.3954138276758496
v3_penalties,1,22,1.3472085493985377,1.3454138276758496,-1.2252173810774687,3.063219458395896,-6.105939163433681,7.8927460905438,0,0,0,10.0,20.0,0.1,0.03,0.0,8.0,-1.3972085493985378
v3_penalties,1,23,1.3498958139036117,1.3472085493985377,-1.2252173810774687,3.8217320686156944,-8.0,0.6650515435789885,0,0,0,10.0,20.0,0.1,0.03,0.0,8.0,-1.3998958139036117
v3_penalties,1,24,1.3511819618433125,1.3498958139036117,-1.2252173810774687,4.650070092331248,-0.23876370148054138,3.162213068544107,0,0,0,10.0,20.0,0.1,0.03,0.0,8.0,-1.4011819618433126
v3_penalties,1,25,1.3494879544098597,1.3511819618433125,-1.2252173810774687,4.287265408850578,1.6937475991937905,-0.8809251182122698,0,0,0,10.0,20.0,0.1,0.03,0.0,8.0,-1.3994879544098597
v3_penalties,1,26,1.3465937895604638,1.3494879544098597,-1.2252173810774687,2.841794581559264,-8.0,-7.69583674291427,0,0,0,10.0,20.0,0.1,0.03,0.0,8.0,-1.3965937895604639
v3_penalties,1,27,1.3431642781614983,1.3465937895604638,-1.2252173810774687,3.345761410086009,0.49837508671600894,2.167651995488436,0,0,0,10.0,20.0,0.1,0.03,0.0,8.0,-1.3931642781614983
v3_penalties,1,28,1.336424987205984,1.3431642781614983,-1.2252173810774687,4.59571475372278,-8.0,2.144222537869501,0,0,0,10.0,20.0,0.1,0.03,0.0,8.0,-1.386424987205984
v3_penalties,1,29,1.3283205736651784,1.336424987205984,-1.2252173810774687,2.851859435099781,2.794840315924875,-4.771085946481635,0,0,0,10.0,20.0,0.1,0.03,0.0,8.0,-1.3783205736651785
v3_penalties,1,30,1.3199873047995097,1.3283205736651784,-1.2252173810774687,3.2835522741170733,4.702574295000977,3.4292035768073257,0,0,0,10.0,20.0,0.1,0.03,0.0,8.0,-1.3699873047995097
v3_penalties,1,31,1.3104476771199456,1.3199873047995097,-1.2252173810774687,2.6140033604493653,-1.3734609157306024,-2.415654532281457,0,0,0,10.0,20.0,0.1,0.03,0.0,8.0,-1.3604476771199456
v3_penalties,1,32,1.2979086846723558,1.3104476771199456,-1.2252173810774687,3.891967251079215,2.6357308802841413,6.10005163055535,0,0,0,10.0,20.0,0.1,0.03,0.0,8.0,-1.3479086846723558
v3_penalties,1,33,1.275639979150702,1.2979086846723558,-1.2252173810774687,5.570141804986078,-4.0833275818510275,6.2797079612352,0,0,0,10.0,20.0,0.1,0.03,0.0,8.0,-1.325639979150702
v3_penalties,1,34,1.2404447268787007,1.275639979150702,-1.2252173810774687,6.799534183876356,0.5996354655223544,7.404201396056381,0,0,0,10.0,20.0,0.1,0.03,0.0,8.0,-1.2904447268787007
v3_penalties,1,35,1.1898466364110734,1.2404447268787007,-1.2252173810774687,7.973663584189325,-6.065005303879213,7.073743223240689,0,0,0,10.0,20.0,0.1,0.03,0.0,8.0,-1.2398466364110734
v3_penalties,1,36,1.126705280186911,1.1898466364110734,-1.2252173810774687,7.656371608249276,3.782925618153056,3.8156366937283837,0,0,0,10.0,20.0,0.1,0.03,0.0,8.0,-1.1767052801869111
v3_penalties,1,37,1.0567648425597482,1.126705280186911,-1.2252173810774687,7.208944655932911,6.333310666076691,3.591350225394637,0,0,0,10.0,20.0,0.1,0.03,0.0,8.0,-1.1067648425597483
v3_penalties,1,38,0.9824076440191176,1.0567648425597482,-1.2252173810774687,6.8449064628474465,-6.244841757201203,-0.08781784670068385,0,0,0,10.0,20.0,0.1,0.03,0.0,8.0,-1.0324076440191177
v3_penalties,1,39,0.907361926109476,0.9824076440191176,-1.2252173810774687,6.152526624788873,-0.974668062924078,-2.121277356912636,0,0,0,10.0,20.0,0.1,0.03,0.0,8.0,-0.957361926109476
v3_penalties,1,40,0.8341157492276964,0.907361926109476,-1.2252173810774687,5.564882940896211,2.8347242688266516,-1.3293631386225377,0,0,0,10.0,20.0,0.1,0.03,0.0,8.0,-0.8841157492276964
v3_penalties,1,41,0.7558867116890853,0.8341157492276964,-1.2252173810774687,6.084622900438038,-4.265504758480587,8.0,0,0,0,10.0,20.0,0.1,0.03,0.0,8.0,-0.8058867116890853
v3_penalties,1,42,0.6729700128393848,0.7558867116890853,-1.2252173810774687,5.665143870244414,-6.3791468991582985,-2.911065411613524,0,0,0,10.0,20.0,0.1,0.03,0.0,8.0,-0.7229700128393849
v3_penalties,1,43,0.590972179176723,0.6729700128393848,-1.2252173810774687,5.44158243923948,-0.6643455600178095,0.2535594872049072,0,0,0,10.0,20.0,0.1,0.03,0.0,8.0,-0.640972179176723
v3_penalties,1,44,0.5058804862278236,0.590972179176723,-1.2252173810774687,5.618629538290875,-5.550475487472963,4.237347383224147,0,0,0,10.0,20.0,0.1,0.03,0.0,8.0,-0.5558804862278236
v3_penalties,1,45,0.4168515362112099,0.5058804862278236,-1.2252173810774687,5.577610004874029,-0.6288877695421508,2.3109568820917588,0,0,0,10.0,20.0,0.1,0.03,0.0,8.0,-0.4668515362112099
v3_penalties,1,46,0.33206301126785165,0.4168515362112099,-1.2252173810774687,4.874525876057234,0.7600901050100678,-8.0,0,0,0,10.0,20.0,0.1,0.03,0.0,8.0,-0.38206301126785164
v3_penalties,1,47,0.2516609447255874,0.33206301126785165,-1.2252173810774687,5.000994603553254,1.788658005732279,4.3432331286487,0,0,0,10.0,20.0,0.1,0.03,0.0,8.0,-0.3016609447255874
v3_penalties,1,48,0.17553960743489883,0.2516609447255874,-1.2252173810774687,4.883610763794426,-2.6111939419585863,-0.4595543544448359,0,0,0,10.0,20.0,0.1,0.03,0.0,8.0,-0.22553960743489881
v3_penalties,1,49,0.12055661875283685,0.17553960743489883,-1.2252173810774687,4.842451683965981,1.0802922910977277,0.9364238091898938,0,0,0,10.0,20.0,0.1,0.03,0.0,8.0,-0.17055661875283684
v3_penalties,1,50,0.12335754058991658,0.12055661875283685,-1.2252173810774687,4.925663206496669,-4.695948928804604,2.247980262838117,0,0,0,10.0,20.0,0.1,0.03,0.0,8.0,-0.1733575405899166
v3_penalties,1,51,0.18633663423304053,0.12335754058991658,-1.2252173810774687,5.069944389447691,1.0435258568464876,3.398068249447264,0,0,0,10.0,20.0,0.1,0.03,0.0,8.0,-0.23633663423304052
v3_penalties,1,52,0.26913018199284133,0.18633663423304053,-1.2252173810774687,4.558074036837121,-2.171723901405929,-8.0,0,0,0,10.0,20.0,0.1,0.03,0.0,8.0,-0.3191301819928413
v3_penalties,1,53,0.35694760073566867,0.26913018199284133,-1.2252173810774687,4.80096913536013,3.362776889395833,4.1673998686583715,0,0,0,10.0,20.0,0.1,0.03,0.0,8.0,-0.40694760073566866
v3_penalties,1,54,0.44698860357587056,0.35694760073566867,-1.2252173810774687,4.451264175147657,-7.201285073793584,-4.966051360812457,0,0,0,10.0,20.0,0.1,0.03,0.0,8.0,-0.49698860357587055
v3_penalties,1,55,0.5371535482758549,0.44698860357587056,-1.2252173810774687,4.670828185283978,8.0,2.440520190619124,0,0,0,10.0,20.0,0.1,0.03,0.0,8.0,-0.587153548275855
v3_penalties,1,56,0.6335331938330255,0.5371535482758549,-1.2252173810774687,4.979075674969722,-1.1311507223473916,4.729233167910927,0,0,0,10.0,20.0,0.1,0.03,0.0,8.0,-0.6835331938330256
v3_penalties,1,57,0.7304265408480692,0.6335331938330255,-1.2252173810774687,4.747269059584376,2.052266687332303,-4.109106735770588,0,0,0,10.0,20.0,0.1,0.03,0.0,8.0,-0.7804265408480693
v3_penalties,1,58,0.8269148888380727,0.7304265408480692,-1.2252173810774687,5.049437247138234,1.5704927017845933,4.023927849593783,0,0,0,10.0,20.0,0.1,0.03,0.0,8.0,-0.8769148888380728
v3_penalties,1,59,0.9260597150212254,0.8269148888380727,-1.2252173810774687,5.223187486369967,5.199433878887727,1.3449668636379124,0,0,0,10.0,20.0,0.1,0.03,0.0,8.0,-0.9760597150212255
v3_penalties,1,60,1.0251343184338488,0.9260597150212254,-1.2252173810774687,5.368315338299956,6.290086726216585,1.0060729858655113,0,0,0,10.0,20.0,0.1,0.03,0.0,8.0,-1.0751343184338489
v3_penalties,1,61,1.119257419032287,1.0251343184338488,-1.2252173810774687,5.049654455337224,-4.528144955328998,-2.1276682367701056,0,0,0,10.0,20.0,0.1,0.03,0.0,8.0,-1.169257419032287
v3_penalties,1,62,1.2114584290825359,1.119257419032287,-1.2252173810774687,5.514679382553798,2.4761588234365894,7.838620919323817,0,0,0,10.0,20.0,0.1,0.03,0.0,8.0,-1.261458429082536
v3_penalties,1,63,1.3006137846504628,1.2114584290825359,-1.2252173810774687,5.133368893849618,1.1106275683526934,-4.346545018010596,0,0,0,10.0,20.0,0.1,0.03,0.0,8.0,-1.350613784650463
v3_penalties,1,64,1.383614455779243,1.3006137846504628,-1.2252173810774687,5.143462202476525,-3.063935367910177,2.1392752299199373,0,0,0,10.0,20.0,0.1,0.03,0.0,8.0,-1.433614455779243
v3_penalties,1,65,1.4650861929017995,1.383614455779243,-1.2252173810774687,5.303876561425353,-0.5099608466283212,3.9023767712955877,0,0,0,10.0,20.0,0.1,0.03,0.0,8.0,-1.5150861929017996
v3_penalties,1,66,1.5457460611203488,1.4650861929017995,-1.2252173810774687,5.455811861524397,2.050818462472447,3.3390112026966663,0,0,0,10.0,20.0,0.1,0.03,0.0,8.0,-1.595746061120349
v3_penalties,1,67,1.621035158370542,1.5457460611203488,-1.2252173810774687,4.954276085421065,-4.160547099211841,-8.0,0,0,0,10.0,20.0,0.1,0.03,0.0,8.0,-1.671035158370542
v3_penalties,1,68,1.6915243924865615,1.621035158370542,-1.2252173810774687,5.11638888638256,1.822966587534468,2.7732840000220036,0,0,0,10.0,20.0,0.1,0.03,0.0,8.0,-1.7415243924865615
v3_penalties,1,69,1.7609915241678533,1.6915243924865615,-1.2252173810774687,5.269433945657817,8.0,2.8461285069812923,0,0,0,10.0,20.0,0.1,0.03,0.0,8.0,-1.8109915241678534
v3_penalties,1,70,1.8258630161478304,1.7609915241678533,-1.2252173810774687,4.850244863446693,-4.096078285682789,-8.0,0,0,0,10.0,20.0,0.1,0.03,0.0,8.0,-1.8758630161478305
v3_penalties,1,71,1.8828071522899512,1.8258630161478304,-1.2252173810774687,4.355358017590999,3.802409752637291,-8.0,0,0,0,10.0,20.0,0.1,0.03,0.0,8.0,-1.9328071522899513
v3_penalties,1,72,1.9351261806975188,1.8828071522899512,-1.2252173810774687,4.461799345088317,-0.34967913490021957,0.6952837625730014,0,0,0,10.0,20.0,0.1,0.03,0.0,8.0,-1.985126180697519
v3_penalties,1,73,1.9862478542471003,1.9351261806975188,-1.2252173810774687,4.524634181632194,0.5607533810594646,-0.013438804400446216,0,0,0,10.0,20.0,0.1,0.03,0.0,8.0,-2.0362478542471
v3_penalties,1,74,2.0354205054062917,1.9862478542471003,-1.2252173810774687,4.50885609901859,-1.6822657909839887,-1.7597107981198188,0,0,0,10.0,20.0,0.1,0.03,0.0,8.0,-2.0854205054062915
v3_penalties,1,75,2.0842472032128363,2.0354205054062917,-1.2252173810774687,4.844079846808277,-8.0,1.2388434216066635,0,0,0,10.0,20.0,0.1,0.03,0.0,8.0,-2.134247203212836
v3_penalties,1,76,2.1314235576514267,2.0842472032128363,-1.2252173810774687,4.680448790990738,6.454814832153779,-1.941404610875345,0,0,0,10.0,20.0,0.1,0.03,0.0,8.0,-2.1814235576514265
v3_penalties,1,77,2.177784431503166,2.1314235576514267,-1.2252173810774687,5.370136721186078,-2.51058946285187,5.754679772817153,0,0,0,10.0,20.0,0.1,0.03,0.0,8.0,-2.227784431503166
v3_penalties,1,78,2.2275420997988173,2.177784431503166,-1.2252173810774687,6.288691186495963,-4.954662140361144,6.225648205019806,0,0,0,10.0,20.0,0.1,0.03,0.0,8.0,-2.277542099798817
v3_penalties,1,79,2.276650970945362,2.2275420997988173,-1.2252173810774687,6.347640039829032,-2.227104445245127,-2.84424527065339,0,0,0,10.0,20.0,0.1,0.03,0.0,8.0,-2.3266509709453618
v3_penalties,1,80,2.3222771898449013,2.276650970945362,-1.2252173810774687,6.902190174621081,-2.6645350934124163,1.1310261118107916,0,0,0,10.0,20.0,0.1,0.03,0.0,8.0,-2.372277189844901
v3_penalties,1,81,2.3651839227010814,2.3222771898449013,-1.2252173810774687,7.590420773195461,-7.253316959708307,-0.18036780439381842,0,0,0,10.0,20.0,0.1,0.03,0.0,8.0,-2.415183922701081
v3_penalties,1,82,2.402013321689152,2.3651839227010814,-1.2252173810774687,7.359304138376221,-7.706665853709304,-6.937721498590898,0,0,0,10.0,20.0,0.1,0.03,0.0,8.0,-2.4520133216891518
v3_penalties,1,83,2.429985657737271,2.402013321689152,-1.2252173810774687,7.215877936046667,3.2811178849005507,-2.158811377877983,0,0,0,10.0,20.0,0.1,0.03,0.0,8.0,-2.479985657737271
v3_penalties,1,84,2.4496295417268534,2.429985657737271,-1.2252173810774687,7.321626844713741,-5.135806490896136,-2.8903259716789464,0,0,0,10.0,20.0,0.1,0.03,0.0,8.0,-2.4996295417268533
v3_penalties,1,85,2.460605353492252,2.4496295417268534,-1.2252173810774687,7.309935317537388,8.0,1.3138498536338856,0,0,0,10.0,20.0,0.1,0.03,0.0,8.0,-2.510605353492252
v3_penalties,1,86,2.462635513412783,2.460605353492252,-1.2252173810774687,7.086911618224867,-4.1095375485319385,-2.6463272219115255,0,0,0,10.0,20.0,0.1,0.03,0.0,8.0,-2.512635513412783
v3_penalties,1,87,2.4586457427165787,2.462635513412783,-1.2252173810774687,4.871023232014628,1.116638040271576,-7.359169736474001,0,0,0,10.0,20.0,0.1,0.03,0.0,8.0,-2.5086457427165785
v3_penalties,1,88,2.4529296364323265,2.4586457427165787,-1.2252173810774687,3.9122032868849357,3.62083200333754,-1.776946224499105,0,0,0,10.0,20.0,0.1,0.03,0.0,8.0,-2.5029296364323264
v3_penalties,1,89,2.4424444944218053,2.4529296364323265,-1.2252173810774687,5.727606619599135,-3.0041862153921004,6.045868427412626,0,0,0,10.0,20.0,0.1,0.03,0.0,8.0,-2.492444494421805
v3_penalties,1,90,2.420134598405811,2.4424444944218053,-1.2252173810774687,7.430883734466273,1.294464675181748,8.0,0,0,0,10.0,20.0,0.1,0.03,0.0,8.0,-2.470134598405811
v3_penalties,1,91,2.3872324539060967,2.420134598405811,-1.2252173810774687,6.880104753250177,-1.7043017340062148,-0.5176624714371703,0,0,0,10.0,20.0,0.1,0.03,0.0,8.0,-2.4372324539060966
v3_penalties,1,92,2.352633228855721,2.3872324539060967,-1.2252173810774687,5.4261725715509534,5.690914084364964,-2.44850491928422,0,0,0,10.0,20.0,0.1,0.03,0.0,8.0,-2.402633228855721
v3_penalties,1,93,2.321144587734982,2.352633228855721,-1.2252173810774687,4.300558336818834,5.211572037291953,-2.1955873715781484,0,0,0,10.0,20.0,0.1,0.03,0.0,8.0,-2.3711445877349817
v3_penalties,1,94,2.2962624380606376,2.321144587734982,-1.2252173810774687,2.9141762270274634,-1.9975518403655388,-6.908559201602075,0,0,0,10.0,20.0,0.1,0.03,0.0,8.0,-2.3462624380606374
v3_penalties,1,95,2.278133085185903,2.2962624380606376,-1.2252173810774687,2.3063981747423172,1.7548983098632374,-2.2208027164522077,0,0,0,10.0,20.0,0.1,0.03,0.0,8.0,-2.328133085185903
v3_penalties,1,96,2.2598237636766028,2.278133085185903,-1.2252173810774687,2.706238201646003,-1.8907348404292714,2.451392913874675,0,0,0,10.0,20.0,0.1,0.03,0.0,8.0,-2.3098237636766026
v3_penalties,1,97,2.2424132672916692,2.2598237636766028,-1.2252173810774687,1.942071039800977,2.0293676075287586,-3.5751200685088,0,0,0,10.0,20.0,0.1,0.03,0.0,8.0,-2.292413267291669
v3_penalties,1,98,2.2263728182617113,2.2424132672916692,-1.2252173810774687,2.284607770574484,-4.110851309338014,1.5042804859514922,0,0,0,10.0,20.0,0.1,0.03,0.0,8.0,-2.276372818261711
v3_penalties,1,99,2.207326919599355,2.2263728182617113,-1.2252173810774687,2.540083415765629,-5.4066231134536915,0.7555615121824967,0,0,0,10.0,20.0,0.1,0.03,0.0,8.0,-2.257326919599355
v3_penalties,1,100,2.187643242538116,2.207326919599355,-1.2252173810774687,2.3235903942993534,0.9234966029826549,-0.5908112355025144,0,0,0,10.0,20.0,0.1,0.03,0.0,8.0,-2.2376432425381156
v3_penalties,1,101,2.1659092309473666,2.187643242538116,-1.2252173810774687,2.8158467655064543,-5.884182887004185,2.7145853042054577,0,0,0,10.0,20.0,0.1,0.03,0.0,8.0,-2.2159092309473665
v3_penalties,1,102,2.140138325485168,2.1659092309473666,-1.2252173810774687,2.928460822801559,1.3781495354240938,2.2707463450669985,0,0,0,10.0,20.0,0.1,0.03,0.0,8.0,-2.190138325485168
v3_penalties,1,103,2.1125936892198376,2.140138325485168,-1.2252173810774687,2.8535668279722826,3.2989862310933424,1.3386119087588861,0,0,0,10.0,20.0,0.1,0.03,0.0,8.0,-2.1625936892198374
v3_penalties,1,104,2.0899995171358534,2.1125936892198376,-1.2252173810774687,1.8887886755630794,2.7414844631213717,-7.032191041430637,0,0,0,10.0,20.0,0.1,0.03,0.0,8.0,-2.1399995171358532
v3_penalties,1,105,2.075749123115385,2.0899995171358534,-1.2252173810774687,1.3724334213391087,1.8679347482746744,-3.8251183209165327,0,0,0,10.0,20.0,0.1,0.03,0.0,8.0,-2.125749123115385
v3_penalties,1,106,2.065788135225762,2.075749123115385,-1.2252173810774687,1.1390668373019328,1.382043108426123,-1.5444071716485637,0,0,0,10.0,20.0,0.1,0.03,0.0,8.0,-2.115788135225762
v3_penalties,1,107,2.058851494660139,2.065788135225762,-1.2252173810774687,0.888006459746789,-0.4852640434185037,-2.4403839076116247,0,0,0,10.0,20.0,0.1,0.03,0.0,8.0,-2.1088514946601387
v3_penalties,1,108,2.051344167962069,2.058851494660139,-1.2252173810774687,1.2217634838417821,-0.7463410287806107,3.361267283441879,0,0,0,10.0,20.0,0.1,0.03,0.0,8.0,-2.101344167962069
v3_penalties,1,109,2.045514321381285,2.051344167962069,-1.2252173810774687,0.6657843471492317,-0.2725297199293603,-5.716744448781563,0,0,0,10.0,20.0,0.1,0.03,0.0,8.0,-2.095514321381285
v3_penalties,1,110,2.0455327700020582,2.045514321381285,-1.2252173810774687,0.5311253937151245,-5.996654245040055,-3.6175309807503475,0,0,0,10.0,20.0,0.1,0.03,0.0,8.0,-2.095532770002058
v3_penalties,1,111,2.046344352226643,2.0455327700020582,-1.2252173810774687,0.7156826984721268,-3.5292060513552954,1.2687037898110283,0,0,0,10.0,20.0,0.1,0.03,0.0,8.0,-2.0963443522266427
v3_penalties,1,112,2.049230292891436,2.046344352226643,-1.2252173810774687,0.5172306102977873,-6.7577495718635125,-5.59260743371548,0,0,0,10.0,20.0,0.1,0.03,0.0,8.0,-2.099230292891436
v3_penalties,1,113,2.0555031783823003,2.049230292891436,-1.2252173810774687,0.5423881100998174,-2.737687339722456,-0.5900376130546034,0,0,0,10.0,20.0,0.1,0.03,0.0,8.0,-2.1055031783823
v3_penalties,1,114,2.061757742218925,2.0555031783823003,-1.2252173810774687,0.4447795199003141,8.0,1.5851164139924792,0,0,0,10.0,20.0,0.1,0.03,0.0,8.0,-2.111757742218925
v3_penalties,1,115,2.0639839806290774,2.061757742218925,-1.2252173810774687,0.8375460234620057,-1.93686939884499,5.489257874987128,0,0,0,10.0,20.0,0.1,0.03,0.0,8.0,-2.113983980629077
v3_penalties,1,116,2.064703650839583,2.0639839806290774,-1.2252173810774687,0.5773233503760529,0.2911380596623177,-3.204835125951617,0,0,0,10.0,20.0,0.1,0.03,0.0,8.0,-2.1147036508395827
v3_penalties,1,117,2.0685857792224485,2.064703650839583,-1.2252173810774687,0.5199689765114568,-1.2148411514981519,-1.4167238637129491,0,0,0,10.0,20.0,0.1,0.03,0.0,8.0,-2.1185857792224483
v3_penalties,1,118,2.0774717401637446,2.0685857792224485,-1.2252173810774687,0.5794309473310204,-2.1536171584873,-6.383884756947986,0,0,0,10.0,20.0,0.1,0.03,0.0,8.0,-2.1274717401637444
v3_penalties,1,119,2.0893453706114418,2.0774717401637446,-1.2252173810774687,0.557386907684765,-8.0,0.5218139509214479,0,0,0,10.0,20.0,0.1,0.03,0.0,8.0,-2.1393453706114416
v3_penalties,1,120,2.0983610601020515,2.0893453706114418,-1.2252173810774687,0.6009582624018979,-1.5435193854554767,2.534197978158858,0,0,0,10.0,20.0,0.1,0.03,0.0,8.0,-2.1483610601020513
v3_penalties,1,121,2.104273311115497,2.0983610601020515,-1.2252173810774687,0.6022131317301521,5.8585743428199155,2.9982358323495886,0,0,0,10.0,20.0,0.1,0.03,0.0,8.0,-2.154273311115497
v3_penalties,1,122,2.1134962367333108,2.104273311115497,-1.2252173810774687,0.6306911650696987,4.380983215854108,-6.245456298513468,0,0,0,10.0,20.0,0.1,0.03,0.0,8.0,-2.1634962367333106
v3_penalties,1,123,2.129495249976669,2.1134962367333108,-1.2252173810774687,0.8873660564406335,-0.20252641217650427,-3.291499616446812,0,0,0,10.0,20.0,0.1,0.03,0.0,8.0,-2.179495249976669
v3_penalties,1,124,2.152267847914516,2.129495249976669,-1.2252173810774687,1.6001263904674405,5.2460667090508535,-6.2533467935625415,0,0,0,10.0,20.0,0.1,0.03,0.0,8.0,-2.202267847914516
v3_penalties,1,125,2.179489022861929,2.152267847914516,-1.2252173810774687,1.5446352630812812,-8.0,-1.3086262451319446,0,0,0,10.0,20.0,0.1,0.03,0.0,8.0,-2.229489022861929
v3_penalties,1,126,2.2108307041191866,2.179489022861929,-1.2252173810774687,2.2638846560499855,0.9053947585627828,-6.474768570501602,0,0,0,10.0,20.0,0.1,0.03,0.0,8.0,-2.2608307041191864
v3_penalties,1,127,2.2470447436520975,2.2108307041191866,-1.2252173810774687,2.4720955341939304,1.2912807118887342,-1.2021058460799168,0,0,0,10.0,20.0,0.1,0.03,0.0,8.0,-2.2970447436520973
v3_penalties,1,128,2.2811181377564225,2.2470447436520975,-1.2252173810774687,2.0626214468287083,-4.746339372828394,2.600883814633186,0,0,0,10.0,20.0,0.1,0.03,0.0,8.0,-2.3311181377564223
v3_penalties,1,129,2.314816036811754,2.2811181377564225,-1.2252173810774687,2.5493807357876337,-1.252221472081885,-4.102835249137457,0,0,0,10.0,20.0,0.1,0.03,0.0,8.0,-2.364816036811754
v3_penalties,1,130,2.34988222657971,2.314816036811754,-1.2252173810774687,2.565453764480179,5.6669166658121375,1.8513410672299226,0,0,0,10.0,20.0,0.1,0.03,0.0,8.0,-2.39988222657971
v3_penalties,1,131,2.386108587034293,2.34988222657971,-1.2252173810774687,3.0545735058631007,-5.244472164544434,-4.736040447615801,0,0,0,10.0,20.0,0.1,0.03,0.0,8.0,-2.4361085870342927
v3_penalties,1,132,2.4244131199011214,2.386108587034293,-1.2252173810774687,3.2714884528267243,0.7893480784833348,-0.7582264842743839,0,0,0,10.0,20.0,0.1,0.03,0.0,8.0,-2.4744131199011212
v3_penalties,1,133,2.4628737664793183,2.4244131199011214,-1.2252173810774687,3.5811791708321667,1.7101358839608032,-0.9339437567944803,0,0,0,10.0,20.0,0.1,0.03,0.0,8.0,-2.512873766479318
v3_penalties,1,134,2.5049755217075407,2.4628737664793183,-1.2252173810774687,4.660026909250903,-7.69220374052578,-8.0,0,0,0,10.0,20.0,0.1,0.03,0.0,8.0,-2.5549755217075405
v3_penalties,1,135,2.552738622498874,2.5049755217075407,-1.2252173810774687,5.860955365696166,-4.8748433632887735,-6.809269870545093,0,0,0,10.0,20.0,0.1,0.03,0.0,8.0,-2.6027386224988738
v3_penalties,1,136,2.60149782275907,2.552738622498874,-1.2252173810774687,6.732272431259041,4.00672667867914,-1.5516617347894905,0,0,0,10.0,20.0,0.1,0.03,0.0,8.0,-2.6514978227590698
v3_penalties,1,137,2.644427987165519,2.60149782275907,-1.2252173810774687,6.577379169922347,-7.678235039127126,-0.7318989395955684,0,0,0,10.0,20.0,0.1,0.03,0.0,8.0,-2.694427987165519
v3_penalties,1,138,2.680185896706337,2.644427987165519,-1.2252173810774687,7.620198994374202,4.933719156023165,-1.87170529093474,0,0,0,10.0,20.0,0.1,0.03,0.0,8.0,-2.730185896706337
v3_penalties,1,139,2.706738177189715,2.680185896706337,-1.2252173810774687,7.730837311901441,7.456213192259027,1.7886695031892492,0,0,0,10.0,20.0,0.1,0.03,0.0,8.0,-2.756738177189715
v3_penalties,1,140,2.7211983548780427,2.706738177189715,-1.2252173810774687,7.137887082888586,3.4006020209245773,2.1190385971985037,0,0,0,10.0,20.0,0.1,0.03,0.0,8.0,-2.7711983548780426
v3_penalties,1,141,2.7253056093536463,2.7211983548780427,-1.2252173810774687,6.9931251816907585,-5.98890736750661,-3.0834966556545917,0,0,0,10.0,20.0,0.1,0.03,0.0,8.0,-2.775305609353646
v3_penalties,1,142,2.7204506070344325,2.7253056093536463,-1.2252173810774687,6.927921191255607,-8.0,-4.616220092570017,0,0,0,10.0,20.0,0.1,0.03,0.0,8.0,-2.7704506070344324
v3_penalties,1,143,2.708950654734782,2.7204506070344325,-1.2252173810774687,5.515553498362656,0.8072160663753551,4.22031356246246,0,0,0,10.0,20.0,0.1,0.03,0.0,8.0,-2.758950654734782
v3_penalties,1,144,2.691825209170962,2.708950654734782,-1.2252173810774687,5.978295573437305,1.3475237836863532,-4.468080300751089,0,0,0,10.0,20.0,0.1,0.03,0.0,8.0,-2.741825209170962
v3_penalties,1,145,2.669792788367067,2.691825209170962,-1.2252173810774687,4.960666380326211,4.5577504294091495,4.694004269815881,0,0,0,10.0,20.0,0.1,0.03,0.0,8.0,-2.7197927883670667
v3_penalties,1,146,2.643674471092589,2.669792788367067,-1.2252173810774687,5.350144735693037,2.7264600878758505,-4.253923121465588,0,0,0,10.0,20.0,0.1,0.03,0.0,8.0,-2.6936744710925886
v3_penalties,1,147,2.6150405567412944,2.643674471092589,-1.2252173810774687,4.237289567179429,6.926030655339906,7.682748356744594,0,0,0,10.0,20.0,0.1,0.03,0.0,8.0,-2.6650405567412943
v3_penalties,1,148,2.590964835968807,2.6150405567412944,-1.2252173810774687,3.0355834856646955,0.2500773092339715,8.0,0,0,0,10.0,20.0,0.1,0.03,0.0,8.0,-2.640964835968807
v3_penalties,1,149,2.5664580406561734,2.590964835968807,-1.2252173810774687,3.7037513578366803,-2.3246470742755494,-7.745928940433592,0,0,0,10.0,20.0,0.1,0.03,0.0,8.0,-2.6164580406561733
v3_penalties,1,150,2.536716511224294,2.5664580406561734,-1.2252173810774687,3.756668710832931,-2.805257341850733,-2.9918261601796163,0,0,0,10.0,20.0,0.1,0.03,0.0,8.0,-2.586716511224294
v3_penalties,1,151,2.503769054764802,2.536716511224294,-1.2252173810774687,3.836743257308315,-0.7316359800720241,-2.814382736050452,0,0,0,10.0,20.0,0.1,0.03,0.0,8.0,-2.553769054764802
v3_penalties,1,152,2.4672509993927756,2.503769054764802,-1.2252173810774687,3.8938558696246792,7.432005765248985,-0.5809610370738635,0,0,0,10.0,20.0,0.1,0.03,0.0,8.0,-2.5172509993927754
v3_penalties,1,153,2.429600624838893,2.4672509993927756,-1.2252173810774687,3.5369811222540544,-3.7467637793015283,1.252856205245303,0,0,0,10.0,20.0,0.1,0.03,0.0,8.0,-2.4796006248388927
v3_penalties,1,154,2.3942243258513116,2.429600624838893,-1.2252173810774687,3.0960420832814304,-3.9242973457025383,2.7966602864453987,0,0,0,10.0,20.0,0.1,0.03,0.0,8.0,-2.4442243258513114
v3_penalties,1,155,2.363033106579626,2.3942243258513116,-1.2252173810774687,2.539813906111971,-1.3124707953363177,5.5027233009745125,0,0,0,10.0,20.0,0.1,0.03,0.0,8.0,-2.413033106579626
v3_penalties,1,156,2.335409246180494,2.363033106579626,-1.2252173810774687,2.3270622476807543,-5.500078873376211,0.7847962517911289,0,0,0,10.0,20.0,0.1,0.03,0.0,8.0,-2.385409246180494
v3_penalties,1,157,2.309975614696374,2.335409246180494,-1.2252173810774687,2.060231788679316,1.16408925926794,3.087767698406901,0,0,0,10.0,20.0,0.1,0.03,0.0,8.0,-2.3599756146963737
v3_penalties,1,158,2.2841099066146757,2.309975614696374,-1.2252173810774687,2.2555840999035537,-3.650768628608738,-4.172331104489676,0,0,0,10.0,20.0,0.1,0.03,0.0,8.0,-2.3341099066146755
v3_penalties,1,159,2.2590227933829423,2.2841099066146757,-1.2252173810774687,1.8522284307327772,0.5565278563268964,5.389247193704678,0,0,0,10.0,20.0,0.1,0.03,0.0,8.0,-2.309022793382942
v3_penalties,1,160,2.235652722833287,2.2590227933829423,-1.2252173810774687,1.8804147497135342,6.085462698145774,-0.28059777814909365,0,0,0,10.0,20.0,0.1,0.03,0.0,8.0,-2.285652722833287
v3_penalties,1,161,2.213489937637542,2.235652722833287,-1.2252173810774687,1.557474082704692,5.109359123770956,5.1735527881401335,0,0,0,10.0,20.0,0.1,0.03,0.0,8.0,-2.2634899376375417
v3_penalties,1,162,2.1941170744715675,2.213489937637542,-1.2252173810774687,1.4398228492357403,0.31767575578262947,1.5618529544685074,0,0,0,10.0,20.0,0.1,0.03,0.0,8.0,-2.2441170744715673
v3_penalties,1,163,2.1746006493689634,2.1941170744715675,-1.2252173810774687,1.5362530181512224,-2.7038597182891206,-2.2422540416188164,0,0,0,10.0,20.0,0.1,0.03,0.0,8.0,-2.224600649368963
v3_penalties,1,164,2.1540471762935667,2.1746006493689634,-1.2252173810774687,1.5245735793710153,0.43517005448422597,-0.18185641021089094,0,0,0,10.0,20.0,0.1,0.03,0.0,8.0,-2.2040471762935665
v3_penalties,1,165,2.1360645362441892,2.1540471762935667,-1.2252173810774687,1.286124745014554,-7.467201940991542,4.090387178973741,0,0,0,10.0,20.0,0.1,0.03,0.0,8.0,-2.186064536244189
v3_penalties,1,166,2.1225332756701016,2.1360645362441892,-1.2252173810774687,1.123789749201549,0.9545820879351388,3.395908882791724,0,0,0,10.0,20.0,0.1,0.03,0.0,8.0,-2.1725332756701015
v3_penalties,1,167,2.106798046725089,2.1225332756701016,-1.2252173810774687,1.472572987498726,-1.4342525612048211,-7.961700256286258,0,0,0,10.0,20.0,0.1,0.03,0.0,8.0,-2.156798046725089
v3_penalties,1,168,2.0838191395530066,2.106798046725089,-1.2252173810774687,1.734477511394325,8.0,-5.240248781939536,0,0,0,10.0,20.0,0.1,0.03,0.0,8.0,-2.1338191395530064
v3_penalties,1,169,2.056071121597278,2.0838191395530066,-1.2252173810774687,1.8524181527559285,2.5543326158655755,-2.4266990810486595,0,0,0,10.0,20.0,0.1,0.03,0.0,8.0,-2.1060711215972776
v3_penalties,1,170,2.027638950595062,2.056071121597278,-1.2252173810774687,1.736836532869042,0.3409265841999483,1.6710545474588268,0,0,0,10.0,20.0,0.1,0.03,0.0,8.0,-2.0776389505950617
v3_penalties,1,171,2.0025207184681477,2.027638950595062,-1.2252173810774687,1.4805189249446025,-1.7461877634435488,4.576614855424832,0,0,0,10.0,20.0,0.1,0.03,0.0,8.0,-2.0525207184681475
v3_penalties,1,172,1.9793096088140818,2.0025207184681477,-1.2252173810774687,1.5106840438269427,1.8410720467043769,-1.0052337805164204,0,0,0,10.0,20.0,0.1,0.03,0.0,8.0,-2.029309608814082
v3_penalties,1,173,1.9537611976115574,1.9793096088140818,-1.2252173810774687,1.6725760009795285,-1.9178897663442533,-3.3120294159954264,0,0,0,10.0,20.0,0.1,0.03,0.0,8.0,-2.0037611976115572
v3_penalties,1,174,1.9241517763504379,1.9537611976115574,-1.2252173810774687,1.8584456592904786,3.2003249337812063,-4.016542306018718,0,0,0,10.0,20.0,0.1,0.03,0.0,8.0,-1.974151776350438
v3_penalties,1,175,1.8897738670177218,1.9241517763504379,-1.2252173810774687,2.0606333719069765,3.028737792123483,-4.149720864366174,0,0,0,10.0,20.0,0.1,0.03,0.0,8.0,-1.9397738670177218
v3_penalties,1,176,1.8519466948605543,1.8897738670177218,-1.2252173810774687,2.1365057713662856,-0.582599988941753,-1.605296155784153,0,0,0,10.0,20.0,0.1,0.03,0.0,8.0,-1.9019466948605543
v3_penalties,1,177,1.813701645346505,1.8519466948605543,-1.2252173810774687,2.0503888633742564,1.1178969742480167,1.254999071996734,0,0,0,10.0,20.0,0.1,0.03,0.0,8.0,-1.863701645346505
v3_penalties,1,178,1.7752738920455022,1.813701645346505,-1.2252173810774687,2.1472413374527473,-6.805976659294595,-1.139660947629277,0,0,0,10.0,20.0,0.1,0.03,0.0,8.0,-1.8252738920455023
v3_penalties,1,179,1.7377049472969193,1.7752738920455022,-1.2252173810774687,1.9615471308623305,3.2094640740452465,2.893394344376995,0,0,0,10.0,20.0,0.1,0.03,0.0,8.0,-1.7877049472969193
v3_penalties,1,180,1.700603696592211,1.7377049472969193,-1.2252173810774687,2.057882301329085,0.6018257930709668,-2.0893217755968974,0,0,0,10.0,20.0,0.1,0.03,0.0,8.0,-1.750603696592211
v3_penalties,1,181,1.6582063381434375,1.700603696592211,-1.2252173810774687,2.4349625579152545,-3.1999820217201687,-6.573531732191081,0,0,0,10.0,20.0,0.1,0.03,0.0,8.0,-1.7082063381434376
v3_penalties,1,182,1.61288221133136,1.6582063381434375,-1.2252173810774687,2.3709237316170295,-5.519259685165877,2.5294133273057655,0,0,0,10.0,20.0,0.1,0.03,0.0,8.0,-1.66288221133136
v3_penalties,1,183,1.5677440441445287,1.61288221133136,-1.2252173810774687,2.4908620478919787,-3.5078841918540165,-1.3285956906680825,0,0,0,10.0,20.0,0.1,0.03,0.0,8.0,-1.6177440441445288
v3_penalties,1,184,1.5214495505675967,1.5677440441445287,-1.2252173810774687,2.476642762372043,4.029652568678313,-0.9370354586374859,0,0,0,10.0,20.0,0.1,0.03,0.0,8.0,-1.5714495505675967
v3_penalties,1,185,1.478201929104524,1.5214495505675967,-1.2252173810774687,2.2586196690755136,-2.1278082791962034,5.214486508307602,0,0,0,10.0,20.0,0.1,0.03,0.0,8.0,-1.5282019291045241
v3_penalties,1,186,1.438668608475553,1.478201929104524,-1.2252173810774687,2.242470428572517,-0.3068233489367126,0.4873255045277234,0,0,0,10.0,20.0,0.1,0.03,0.0,8.0,-1.488668608475553
v3_penalties,1,187,1.3975500356199682,1.438668608475553,-1.2252173810774687,2.459424171263984,-2.257649938974772,-3.450400861202531,0,0,0,10.0,20.0,0.1,0.03,0.0,8.0,-1.4475500356199682
v3_penalties,1,188,1.3539462099421113,1.3975500356199682,-1.2252173810774687,2.5525471073000765,-2.0757525664454173,-0.8562029478093208,0,0,0,10.0,20.0,0.1,0.03,0.0,8.0,-1.4039462099421114
v3_penalties,1,189,1.3112889506069274,1.3539462099421113,-1.2252173810774687,2.4674932063387884,1.9814269060504373,0.8168579723456515,0,0,0,10.0,20.0,0.1,0.03,0.0,8.0,-1.3612889506069275
v3_penalties,1,190,1.2738152032064995,1.3112889506069274,-1.2252173810774687,2.1607713551736083,3.7104066163053915,4.4179504837133265,0,0,0,10.0,20.0,0.1,0.03,0.0,8.0,-1.3238152032064996
v3_penalties,1,191,1.2412070775972448,1.2738152032064995,-1.2252173810774687,2.0662866319575772,3.406248008115625,-0.04818493452611928,0,0,0,10.0,20.0,0.1,0.03,0.0,8.0,-1.2912070775972448
v3_penalties,1,192,1.2107970045127254,1.2412070775972448,-1.2252173810774687,2.027604319570979,-0.7365643218781612,1.2231120621398688,0,0,0,10.0,20.0,0.1,0.03,0.0,8.0,-1.2607970045127255
v3_penalties,1,193,1.1827890052948034,1.2107970045127254,-1.2252173810774687,2.0179918035059674,-2.6947979608183843,1.931317837540722,0,0,0,10.0,20.0,0.1,0.03,0.0,8.0,-1.2327890052948034
v3_penalties,1,194,1.1546089036252873,1.1827890052948034,-1.2252173810774687,2.273217415884189,-6.208150369016416,-1.6919433968890076,0,0,0,10.0,20.0,0.1,0.03,0.0,8.0,-1.2046089036252874
v3_penalties,1,195,1.1226098068767596,1.1546089036252873,-1.2252173810774687,2.6326706500440333,-5.5619047559587695,-4.297346594649913,0,0,0,10.0,20.0,0.1,0.03,0.0,8.0,-1.1726098068767596
v3_penalties,1,196,1.092917004828792,1.1226098068767596,-1.2252173810774687,2.288811344673295,2.509478430584579,5.854213868332816,0,0,0,10.0,20.0,0.1,0.03,0.0,8.0,-1.142917004828792
v3_penalties,1,197,1.06636838539883,1.092917004828792,-1.2252173810774687,2.6040408573410074,-7.519714410650019,-1.889344007267157,0,0,0,10.0,20.0,0.1,0.03,0.0,8.0,-1.11636838539883
v3_penalties,1,198,1.0363922718873737,1.06636838539883,-1.2252173810774687,2.9277826874748745,0.8871691769908505,-8.0,0,0,0,10.0,20.0,0.1,0.03,0.0,8.0,-1.0863922718873738
v3_penalties,1,199,1.0037020908127912,1.0363922718873737,-1.2252173810774687,3.3425113582186206,-3.714826813939064,-5.788732936126304,0,0,0,10.0,20.0,0.1,0.03,0.0,8.0,-1.0537020908127912
v3_penalties,1,200,0.9752058617486301,1.0037020908127912,-1.2252173810774687,2.9814528778771026,8.0,1.4765499913578652,0,0,0,10.0,20.0,0.1,0.03,0.0,8.0,-1.0252058617486302
v3_penalties,2,1,1.9770978476012058,1.9782916122103613,-1.9782916122103613,0.645706848561453,-6.520934457245149,-5.549614019645337,0,0,0,10.0,20.0,0.1,0.03,0.0,8.0,-2.0270978476012056
v3_penalties,2,2,1.9738278965641007,1.9770978476012058,-1.9782916122103613,1.0071037988845075,1.5541746385039579,-1.6328888291160228,0,0,0,10.0,20.0,0.1,0.03,0.0,8.0,-2.0238278965641006
v3_penalties,2,3,1.9664528384485156,1.9738278965641007,-1.9782916122103613,2.344599553598215,-0.41224931978949747,-8.0,0,0,0,10.0,20.0,0.1,0.03,0.0,8.0,-2.0164528384485156
v3_penalties,2,4,1.954865353989312,1.9664528384485156,-1.9782916122103613,2.4498418831154942,6.592762709993524,0.7939323077721223,0,0,0,10.0,20.0,0.1,0.03,0.0,8.0,-2.0048653539893118
v3_penalties,2,5,1.9419339754836837,1.954865353989312,-1.9782916122103613,2.3937152513449393,4.09121955527473,0.9613579544341745,0,0,0,10.0,20.0,0.1,0.03,0.0,8.0,-1.9919339754836838
v3_penalties,2,6,1.9271326571284533,1.9419339754836837,-1.9782916122103613,2.6916578270132545,3.7048692110842225,-1.5229282994429765,0,0,0,10.0,20.0,0.1,0.03,0.0,8.0,-1.9771326571284533
v3_penalties,2,7,1.90943634010914,1.9271326571284533,-1.9782916122103613,3.0227753286427292,-8.0,-5.593575210473743,0,0,0,10.0,20.0,0.1,0.03,0.0,8.0,-1.9594363401091401
v3_penalties,2,8,1.892715630843049,1.90943634010914,-1.9782916122103613,2.1229566170986707,-1.8005977841571585,5.259888184387626,0,0,0,10.0,20.0,0.1,0.03,0.0,8.0,-1.942715630843049
v3_penalties,2,9,1.875574098152111,1.892715630843049,-1.9782916122103613,2.7794337463608305,8.0,-3.386735567074245,0,0,0,10.0,20.0,0.1,0.03,0.0,8.0,-1.925574098152111
v3_penalties,2,10,1.8513609079045985,1.875574098152111,-1.9782916122103613,3.6816178573015446,1.6920642029257893,-8.0,0,0,0,10.0,20.0,0.1,0.03,0.0,8.0,-1.9013609079045986
v3_penalties,2,11,1.8182656978178198,1.8513609079045985,-1.9782916122103613,4.5363296235943205,4.406215891935098,-8.0,0,0,0,10.0,20.0,0.1,0.03,0.0,8.0,-1.8682656978178198
v3_penalties,2,12,1.7823357951703782,1.8182656978178198,-1.9782916122103613,3.7977783767509625,-2.129852206896448,4.420790781638537,0,0,0,10.0,20.0,0.1,0.03,0.0,8.0,-1.8323357951703783
v3_penalties,2,13,1.7477904505670694,1.7823357951703782,-1.9782916122103613,3.671435050132769,8.0,1.8962262072663734,0,0,0,10.0,20.0,0.1,0.03,0.0,8.0,-1.7977904505670694
v3_penalties,2,14,1.7108633775161877,1.7477904505670694,-1.9782916122103613,3.8604680700242042,-2.085804672924676,-4.234385600562472,0,0,0,10.0,20.0,0.1,0.03,0.0,8.0,-1.7608633775161877
v3_penalties,2,15,1.6724358655438807,1.7108633775161877,-1.9782916122103613,3.6275607038952837,-2.076342304920441,0.46711067206568074,0,0,0,10.0,20.0,0.1,0.03,0.0,8.0,-1.7224358655438807
v3_penalties,2,16,1.635211735756277,1.6724358655438807,-1.9782916122103613,3.2910198771996955,5.1359228764531615,3.938731002835268,0,0,0,10.0,20.0,0.1,0.03,0.0,8.0,-1.685211735756277
v3_penalties,2,17,1.597185237733053,1.635211735756277,-1.9782916122103613,3.462845752606733,3.084304633409648,-2.726062234962539,0,0,0,10.0,20.0,0.1,0.03,0.0,8.0,-1.6471852377330531
v3_penalties,2,18,1.55689823194346,1.597185237733053,-1.9782916122103613,3.425578276399364,3.1590581679450933,-0.11619704125278747,0,0,0,10.0,20.0,0.1,0.03,0.0,8.0,-1.6068982319434602
v3_penalties,2,19,1.5126088573673957,1.55689823194346,-1.9782916122103613,3.8894537593527545,-0.7031053389216813,-8.0,0,0,0,10.0,20.0,0.1,0.03,0.0,8.0,-1.5626088573673957
v3_penalties,2,20,1.4645238175404234,1.5126088573673957,-1.9782916122103613,3.8151009775179743,-0.3009680406168653,-0.588104569178005,0,0,0,10.0,20.0,0.1,0.03,0.0,8.0,-1.5145238175404234
v3_penalties,2,21,1.4163646285529752,1.4645238175404234,-1.9782916122103613,3.659180119833367,0.6447799739264369,0.996638987083015,0,0,0,10.0,20.0,0.1,0.03,0.0,8.0,-1.4663646285529752
v3_penalties,2,22,1.3683392181420841,1.4163646285529752,-1.9782916122103613,3.608515177281976,-6.1097851043275355,-1.6643472005000208,0,0,0,10.0,20.0,0.1,0.03,0.0,8.0,-1.4183392181420842
v3_penalties,2,23,1.3221354090203377,1.3683392181420841,-1.9782916122103613,3.228269479356399,0.5381858723471713,4.949326288965566,0,0,0,10.0,20.0,0.1,0.03,0.0,8.0,-1.3721354090203377
v3_penalties,2,24,1.2806408489253793,1.3221354090203377,-1.9782916122103613,2.774234859269027,-1.9461509297330797,6.134545233467949,0,0,0,10.0,20.0,0.1,0.03,0.0,8.0,-1.3306408489253794
v3_penalties,2,25,1.2445890836085078,1.2806408489253793,-1.9782916122103613,2.3126611055271256,7.50028893867524,8.0,0,0,0,10.0,20.0,0.1,0.03,0.0,8.0,-1.2945890836085079
v3_penalties,2,26,1.21160354121545,1.2445890836085078,-1.9782916122103613,2.2269168092638654,3.545241558811434,1.4272031041877555,0,0,0,10.0,20.0,0.1,0.03,0.0,8.0,-1.26160354121545
v3_penalties,2,27,1.1758666967237479,1.21160354121545,-1.9782916122103613,2.619476556503947,4.880382682709196,-6.498371090021573,0,0,0,10.0,20.0,0.1,0.03,0.0,8.0,-1.225866696723748
v3_penalties,2,28,1.135686778289475,1.1758666967237479,-1.9782916122103613,2.778793740146972,-1.068588537207979,-3.4535125011303793,0,0,0,10.0,20.0,0.1,0.03,0.0,8.0,-1.185686778289475
v3_penalties,2,29,1.0928339302956231,1.135686778289475,-1.9782916122103613,2.9131217547825226,4.284375951602649,-2.478539389166668,0,0,0,10.0,20.0,0.1,0.03,0.0,8.0,-1.1428339302956232
v3_penalties,2,30,1.0470812259470457,1.0928339302956231,-1.9782916122103613,3.0971870671739143,0.7021986596765136,-3.7242708598125103,0,0,0,10.0,20.0,0.1,0.03,0.0,8.0,-1.0970812259470457
v3_penalties,2,31,0.999918571000466,1.0470812259470457,-1.9782916122103613,3.051895273922753,-2.9575694790280935,0.05283003918753931,0,0,0,10.0,20.0,0.1,0.03,0.0,8.0,-1.049918571000466
v3_penalties,2,32,0.9531321919968122,0.999918571000466,-1.9782916122103613,3.00481055782165,-0.8795252698855732,0.3191397433309759,0,0,0,10.0,20.0,0.1,0.03,0.0,8.0,-1.0031321919968121
v3_penalties,2,33,0.9056431815065258,0.9531321919968122,-1.9782916122103613,3.110231698017463,-1.3563341756288114,-2.1511427629257676,0,0,0,10.0,20.0,0.1,0.03,0.0,8.0,-0.9556431815065258
v3_penalties,2,34,0.8573805784054492,0.9056431815065258,-1.9782916122103613,3.1072275342158386,-6.324623410906837,0.08324155967941371,0,0,0,10.0,20.0,0.1,0.03,0.0,8.0,-0.9073805784054493
v3_penalties,2,35,0.808940836787347,0.8573805784054492,-1.9782916122103613,3.1800894911583546,-7.698257505020549,-0.5113835073337081,0,0,0,10.0,20.0,0.1,0.03,0.0,8.0,-0.858940836787347
v3_penalties,2,36,0.7620665613315889,0.808940836787347,-1.9782916122103613,2.888126853756509,2.722749358329948,4.259457240022525,0,0,0,10.0,20.0,0.1,0.03,0.0,8.0,-0.8120665613315889
v3_penalties,2,37,0.7154071713593172,0.7620665613315889,-1.9782916122103613,3.1566367755656732,-5.72252597280129,-3.198947761839162,0,0,0,10.0,20.0,0.1,0.03,0.0,8.0,-0.7654071713593172
v3_penalties,2,38,0.6676515641452622,0.7154071713593172,-1.9782916122103613,2.995886325790656,7.264776839309551,1.0803122873830158,0,0,0,10.0,20.0,0.1,0.03,0.0,8.0,-0.7176515641452622
v3_penalties,2,39,0.6197546797504575,0.6676515641452622,-1.9782916122103613,3.105398739529265,2.9184252227053364,-2.2840034166371663,0,0,0,10.0,20.0,0.1,0.03,0.0,8.0,-0.6697546797504575
v3_penalties,2,40,0.5721470837724485,0.6197546797504575,-1.9782916122103613,2.948606128857621,2.210032975342553,1.8133709566148117,0,0,0,10.0,20.0,0.1,0.03,0.0,8.0,-0.6221470837724485
v3_penalties,2,41,0.5281602378670703,0.5721470837724485,-1.9782916122103613,2.658887411732948,4.020551444279046,3.394485889721166,0,0,0,10.0,20.0,0.1,0.03,0.0,8.0,-0.5781602378670704
v3_penalties,2,42,0.4893261958887386,0.5281602378670703,-1.9782916122103613,2.370324458603479,5.992387796909255,3.238351235957181,0,0,0,10.0,20.0,0.1,0.03,0.0,8.0,-0.5393261958887386
v3_penalties,2,43,0.4500309514947527,0.4893261958887386,-1.9782916122103613,2.8429850682267954,-3.714214053023604,-6.834193928494232,0,0,0,10.0,20.0,0.1,0.03,0.0,8.0,-0.5000309514947527
v3_penalties,2,44,0.41266500424158814,0.4500309514947527,-1.9782916122103613,2.281028408549914,2.0147444825550607,8.0,0,0,0,10.0,20.0,0.1,0.03,0.0,8.0,-0.46266500424158813
v3_penalties,2,45,0.38155497428486934,0.41266500424158814,-1.9782916122103613,2.196178691336422,-6.058495559601161,2.1254961031510273,0,0,0,10.0,20.0,0.1,0.03,0.0,8.0,-0.43155497428486933
v3_penalties,2,46,0.34923658908356936,0.38155497428486934,-1.9782916122103613,2.6417433750841837,-5.452140916840958,-5.743587341293836,0,0,0,10.0,20.0,0.1,0.03,0.0,8.0,-0.39923658908356935
v3_penalties,2,47,0.3134784839174996,0.34923658908356936,-1.9782916122103613,3.09070940881865,3.330673699881448,-7.805608301651319,0,0,0,10.0,20.0,0.1,0.03,0.0,8.0,-0.3634784839174996
v3_penalties,2,48,0.27982961682090896,0.3134784839174996,-1.9782916122103613,3.0710602339478457,-1.339222433496688,0.10069014653148474,0,0,0,10.0,20.0,0.1,0.03,0.0,8.0,-0.32982961682090894
v3_penalties,2,49,0.25247325655835723,0.27982961682090896,-1.9782916122103613,3.1969042068931754,-4.5058843018507595,-1.4572562055219798,0,0,0,10.0,20.0,0.1,0.03,0.0,8.0,-0.3024732565583572
v3_penalties,2,50,0.23394393083672171,0.25247325655835723,-1.9782916122103613,3.382073435828835,0.42988029012722934,-3.590061179048373,0,0,0,10.0,20.0,0.1,0.03,0.0,8.0,-0.2839439308367217
v3_penalties,2,51,0.22908092436535468,0.23394393083672171,-1.9782916122103613,3.550524512290457,0.27368999822621515,-3.4201266028404214,0,0,0,10.0,20.0,0.1,0.03,0.0,8.0,-0.2790809243653547
v3_penalties,2,52,0.2412039442835942,0.22908092436535468,-1.9782916122103613,3.469301083141388,4.631360372714794,-0.1248942219821691,0,0,0,10.0,20.0,0.1,0.03,0.0,8.0,-0.2912039442835942
v3_penalties,2,53,0.26973257328400735,0.2412039442835942,-1.9782916122103613,3.9365681105576944,-2.108672706013401,-8.0,1,0,0,10.0,20.0,0.1,0.03,0.0,8.0,-5.319732573284007
v3_penalties,3,1,1.7970501587440422,1.8017785072621708,-1.8017785072621708,0.5178605312094436,-8.0,-8.0,0,0,0,10.0,20.0,0.1,0.03,0.0,8.0,-1.8470501587440422
v3_penalties,3,2,1.7828987563781633,1.7970501587440422,-1.8017785072621708,1.0237757594186239,-8.0,-8.0,0,0,0,10.0,20.0,0.1,0.03,0.0,8.0,-1.8328987563781634
v3_penalties,3,3,1.7600971510497476,1.7828987563781633,-1.8017785072621708,1.4167166399125122,-8.0,-6.8440542786024166,0,0,0,10.0,20.0,0.1,0.03,0.0,8.0,-1.8100971510497477
v3_penalties,3,4,1.7311988444809079,1.7600971510497476,-1.8017785072621708,1.5656368920363475,-8.0,-3.9940821054405102,0,0,0,10.0,20.0,0.1,0.03,0.0,8.0,-1.781198844480908
v3_penalties,3,5,1.698920350514105,1.7311988444809079,-1.8017785072621708,1.5966726256151953,-8.0,-2.500391420403462,0,0,0,10.0,20.0,0.1,0.03,0.0,8.0,-1.748920350514105
v3_penalties,3,6,1.664639149737753,1.698920350514105,-1.8017785072621708,1.5753116386624857,-8.0,-1.7104039123010182,0,0,0,10.0,20.0,0.1,0.03,0.0,8.0,-1.714639149737753
v3_penalties,3,7,1.6290473780278092,1.664639149737753,-1.8017785072621708,1.5358047341174978,-8.0,-1.2918060549939892,0,0,0,10.0,20.0,0.1,0.03,0.0,8.0,-1.6790473780278092
v3_penalties,3,8,1.592482428769112,1.6290473780278092,-1.8017785072621708,1.496640131339814,-8.0,-1.0767592279808902,0,0,0,10.0,20.0,0.1,0.03,0.0,8.0,-1.642482428769112
v3_penalties,3,9,1.5550938812090613,1.592482428769112,-1.8017785072621708,1.4680976769770095,-8.0,-0.9795868930295377,0,0,0,10.0,20.0,0.1,0.03,0.0,8.0,-1.6050938812090614
v3_penalties,3,10,1.5169290796750794,1.5550938812090613,-1.8017785072621708,1.4558101292788455,-8.0,-0.9557439715621889,0,0,0,10.0,20.0,0.1,0.03,0.0,8.0,-1.5669290796750794
v3_penalties,3,11,1.4779780288454447,1.5169290796750794,-1.8017785072621708,1.46244082478863,-8.0,-0.9815732739529706,0,0,0,10.0,20.0,0.1,0.03,0.0,8.0,-1.5279780288454448
v3_penalties,3,12,1.438197604191706,1.4779780288454447,-1.8017785072621708,1.488566698541596,-8.0,-1.0442208589740893,0,0,0,10.0,20.0,0.1,0.03,0.0,8.0,-1.488197604191706
v3_penalties,3,13,1.397525038946968,1.438197604191706,-1.8017785072621708,1.5332911016953548,-8.0,-1.136521215973664,0,0,0,10.0,20.0,0.1,0.03,0.0,8.0,-1.447525038946968
v3_penalties,3,14,1.355885750912235,1.397525038946968,-1.8017785072621708,1.5947757761201309,-8.0,-1.2543479910778395,0,0,0,10.0,20.0,0.1,0.03,0.0,8.0,-1.405885750912235
v3_penalties,3,15,1.3131981456837467,1.355885750912235,-1.8017785072621708,1.6707044096617152,-8.0,-1.3952118012646109,0,0,0,10.0,20.0,0.1,0.03,0.0,8.0,-1.3631981456837468
v3_penalties,3,16,1.2693768077529448,1.3131981456837467,-1.8017785072621708,1.758639355629901,-8.0,-1.5575024331991845,0,0,0,10.0,20.0,0.1,0.03,0.0,8.0,-1.3193768077529449
v3_penalties,3,17,1.224334861312211,1.2693768077529448,-1.8017785072621708,1.8562531823138535,-8.0,-1.7400713463511197,0,0,0,10.0,20.0,0.1,0.03,0.0,8.0,-1.274334861312211
v3_penalties,3,18,1.1779859555355248,1.224334861312211,-1.8017785072621708,1.9614498481373146,-8.0,-1.9419978536150082,0,0,0,10.0,20.0,0.1,0.03,0.0,8.0,-1.2279859555355248
v3_penalties,3,19,1.1302733593278813,1.1779859555355248,-1.8017785072621708,2.064466743236789,-7.355070098685781,-2.1624566273066073,0,0,0,10.0,20.0,0.1,0.03,0.0,8.0,-1.1802733593278814
v3_penalties,3,20,1.0812316674131428,1.1302733593278813,-1.8017785072621708,2.1511996899788466,-5.8271504645388905,-2.3559824746279117,0,0,0,10.0,20.0,0.1,0.03,0.0,8.0,-1.1312316674131428
v3_penalties,3,21,1.0309946523854931,1.0812316674131428,-1.8017785072621708,2.22030159143795,-4.402105986879292,-2.4709167147143023,0,0,0,10.0,20.0,0.1,0.03,0.0,8.0,-1.0809946523854932
v3_penalties,3,22,0.9797553488879049,1.0309946523854931,-1.8017785072621708,2.2717620378289256,-3.0762950392824457,-2.5301090820511165,0,0,0,10.0,20.0,0.1,0.03,0.0,8.0,-1.029755348887905
v3_penalties,3,23,0.9277398451580943,0.9797553488879049,-1.8017785072621708,2.3062045121053267,-1.8474194600605056,-2.5463723884528817,0,0,0,10.0,20.0,0.1,0.03,0.0,8.0,-0.9777398451580943
v3_penalties,3,24,0.8751916313119762,0.9277398451580943,-1.8017785072621708,2.3245754430182095,-0.7135975432057418,-2.527080885146454,0,0,0,10.0,20.0,0.1,0.03,0.0,8.0,-0.9251916313119762
v3_penalties,3,25,0.8223620251971507,0.8751916313119762,-1.8017785072621708,2.3279915578127808,0.32709854401263705,-2.47682560404122,0,0,0,10.0,20.0,0.1,0.03,0.0,8.0,-0.8723620251971508
v3_penalties,3,26,0.7695040864580514,0.8223620251971507,-1.8017785072621708,2.3176546869780736,1.2768418045377654,-2.3989254983567503,0,0,0,10.0,20.0,0.1,0.03,0.0,8.0,-0.8195040864580514
v3_penalties,3,27,0.7168685263899901,0.7695040864580514,-1.8017785072621708,2.2947979221044927,2.1381036716414688,-2.296254525028943,0,0,0,10.0,20.0,0.1,0.03,0.0,8.0,-0.7668685263899901
v3_penalties,3,28,0.6647007708246422,0.7168685263899901,-1.8017785072621708,2.2606485782716064,2.9136321694293894,-2.1716583410470633,0,0,0,10.0,20.0,0.1,0.03,0.0,8.0,-0.7147007708246422
v3_penalties,3,29,0.6132387240403088,0.6647007708246422,-1.8017785072621708,2.216401969878791,3.6063974085629855,-2.0281276203506793,0,0,0,10.0,20.0,0.1,0.03,0.0,8.0,-0.6632387240403088
v3_penalties,3,30,0.562711020242957,0.6132387240403088,-1.8017785072621708,2.163203326284216,4.219529206691902,-1.8688317243438366,0,0,0,10.0,20.0,0.1,0.03,0.0,8.0,-0.6127110202429571
v3_penalties,3,31,0.5133356990159388,0.562711020242957,-1.8017785072621708,2.1021363610795514,4.756260370936685,-1.6970775928622368,0,0,0,10.0,20.0,0.1,0.03,0.0,8.0,-0.5633356990159388
v3_penalties,3,32,0.4653193431463375,0.5133356990159388,-1.8017785072621708,2.0342173624013897,5.219881999384306,-1.5162341031381144,0,0,0,10.0,20.0,0.1,0.03,0.0,8.0,-0.5153193431463375
v3_penalties,3,33,0.41885680170470746,0.4653193431463375,-1.8017785072621708,1.9603937412948405,5.61371267119217,-1.3296462020526905,0,0,0,10.0,20.0,0.1,0.03,0.0,8.0,-0.46885680170470745
v3_penalties,3,34,0.37413171668382356,0.41885680170470746,-1.8017785072621708,1.881545988403114,5.941080723081113,-1.1405527035365006,0,0,0,10.0,20.0,0.1,0.03,0.0,8.0,-0.42413171668382355
v3_penalties,3,35,0.33131821382846083,0.37413171668382356,-1.8017785072621708,1.7984920297051816,6.205317363687017,-0.952014897938156,0,0,0,10.0,20.0,0.1,0.03,0.0,8.0,-0.3813182138284608
v3_penalties,3,36,0.2905843649080617,0.33131821382846083,-1.8017785072621708,1.711993058935847,6.40975774550453,-0.7668588766687008,0,0,0,10.0,20.0,0.1,0.03,0.0,8.0,-0.3405843649080617
v3_penalties,3,37,0.2520984840433237,0.2905843649080617,-1.8017785072621708,1.622760050426837,6.557747006825165,-0.5876319522337816,0,0,0,10.0,20.0,0.1,0.03,0.0,8.0,-0.3020984840433237
v3_penalties,3,38,0.21604018419693397,0.2520984840433237,-1.8017785072621708,1.5314603059066494,6.652648509256974,-0.41657219835275106,0,0,0,10.0,20.0,0.1,0.03,0.0,8.0,-0.266040184196934
v3_penalties,3,39,0.182619763495072,0.21604018419693397,-1.8017785072621708,1.438723547195314,6.697851889702905,-0.2555895437599487,0,0,0,10.0,20.0,0.1,0.03,0.0,8.0,-0.23261976349507202
v3_penalties,3,40,0.15211250081833494,0.182619763495072,-1.8017785072621708,1.3451472225604608,6.696779025385389,-0.10625673025912707,0,0,0,10.0,20.0,0.1,0.03,0.0,8.0,-0.20211250081833493
v3_penalties,3,41,0.12491906788263117,0.15211250081833494,-1.8017785072621708,1.2513008414099502,6.652886516525605,0.030191422799700884,0,0,0,10.0,20.0,0.1,0.03,0.0,8.0,-0.17491906788263117
v3_penalties,3,42,0.10166522100171049,0.12491906788263117,-1.8017785072621708,1.1577292881713324,6.569663786559582,0.15285176685682833,0,0,0,10.0,20.0,0.1,0.03,0.0,8.0,-0.15166522100171048
v3_penalties,3,43,0.08332453531376284,0.10166522100171049,-1.8017785072621708,1.0649551939263573,6.450626362045812,0.2611406543327037,0,0,0,10.0,20.0,0.1,0.03,0.0,8.0,-0.13332453531376284
v3_penalties,3,44,0.07118964097843218,0.08332453531376284,-1.8017785072621708,0.9734805701133834,6.299304310128797,0.3547767128058199,0,0,0,10.0,20.0,0.1,0.03,0.0,8.0,-0.12118964097843218
v3_penalties,3,45,0.06622520538174537,0.07118964097843218,-1.8017785072621708,0.8837880445099253,6.119226171573424,0.4337592863389901,0,0,0,10.0,20.0,0.1,0.03,0.0,8.0,-0.11622520538174537
v3_penalties,3,46,0.0678722355576639,0.06622520538174537,-1.8017785072621708,0.7963422073973987,5.913899025184417,0.49834319924664605,0,0,0,10.0,20.0,0.1,0.03,0.0,8.0,-0.1178722355576639
v3_penalties,3,47,0.07400519575856142,0.0678722355576639,-1.8017785072621708,0.7115918148109467,5.686785549363112,0.5490104899583641,0,0,0,10.0,20.0,0.1,0.03,0.0,8.0,-0.12400519575856142
v3_penalties,3,48,0.08232937727911858,0.07400519575856142,-1.8017785072621708,0.629973980697428,5.441279104516648,0.5864397963717058,0,0,0,10.0,20.0,0.1,0.03,0.0,8.0,-0.1323293772791186
v3_penalties,3,49,0.09125413531159547,0.08232937727911858,-1.8017785072621708,0.5519221652778823,5.180677944017632,0.6114741272683544,0,0,0,10.0,20.0,0.1,0.03,0.0,8.0,-0.14125413531159547
v3_penalties,3,50,0.09986886242189658,0.09125413531159547,-1.8017785072621708,0.4778810174953603,4.908159672400057,0.6250878057653502,0,0,0,10.0,20.0,0.1,0.03,0.0,8.0,-0.14986886242189656
v3_penalties,3,51,0.10769169756785006,0.09986886242189658,-1.8017785072621708,0.4083335102351587,4.626757012130305,0.6283534026265609,0,0,0,10.0,20.0,0.1,0.03,0.0,8.0,-0.15769169756785006
v3_penalties,3,52,0.11448233140937955,0.10769169756785006,-1.8017785072621708,0.343850327391889,4.339335823180463,0.6224094770216388,0,0,0,10.0,20.0,0.1,0.03,0.0,8.0,-0.16448233140937957
v3_penalties,3,53,0.12013525469620977,0.11448233140937955,-1.8017785072621708,0.2851794671377081,4.048576154900941,0.6084299034636662,0,0,0,10.0,20.0,0.1,0.03,0.0,8.0,-0.17013525469620977
v3_penalties,3,54,0.12462206182619008,0.12013525469620977,-1.8017785072621708,0.23340431074070878,3.7569569121743744,0.5875954856103476,0,0,0,10.0,20.0,0.1,0.03,0.0,8.0,-0.17462206182619008
v3_penalties,3,55,0.1279598462097358,0.12462206182619008,-1.8017785072621708,0.19018920911660855,3.4667445037570754,0.5610684449782011,0,0,0,10.0,20.0,0.1,0.03,0.0,8.0,-0.17795984620973582
v3_penalties,3,56,0.13019323325521745,0.1279598462097358,-1.8017785072621708,0.1579904868065676,3.1799856261971327,0.529970233878382,0,0,0,10.0,20.0,0.1,0.03,0.0,8.0,-0.18019323325521747
v3_penalties,3,57,0.13138369736951708,0.13019323325521745,-1.8017785072621708,0.13958755232888226,2.898504136323546,0.49536296782844613,0,0,0,10.0,20.0,0.1,0.03,0.0,8.0,-0.1813836973695171
v3_penalties,3,58,0.13160291071210584,0.13138369736951708,-1.8017785072621708,0.13598942065934919,2.623901790844493,0.4582346148405,0,0,0,10.0,20.0,0.1,0.03,0.0,8.0,-0.18160291071210583
v3_penalties,3,59,0.1309284160233798,0.13160291071210584,-1.8017785072621708,0.14443436862543327,2.357562491364315,0.4194879281457624,0,0,0,10.0,20.0,0.1,0.03,0.0,8.0,-0.18092841602337978
v3_penalties,3,60,0.12944069685149456,0.1309284160233798,-1.8017785072621708,0.15999327782852935,2.1006595715814633,0.3799329741275286,0,0,0,10.0,20.0,0.1,0.03,0.0,8.0,-0.17944069685149455
v3_penalties,3,61,0.12722112450924403,0.12944069685149456,-1.8017785072621708,0.17846187620435386,1.8541656013338697,0.3402829950879014,0,0,0,10.0,20.0,0.1,0.03,0.0,8.0,-0.17722112450924404
v3_penalties,3,62,0.1243504789186133,0.12722112450924403,-1.8017785072621708,0.19721927524331737,1.6188641571217,0.3011532608470348,0,0,0,10.0,20.0,0.1,0.03,0.0,8.0,-0.1743504789186133
v3_penalties,3,63,0.12090786113037491,0.1243504789186133,-1.8017785072621708,0.21482750822938318,1.3953630159698684,0.26306250533590997,0,0,0,10.0,20.0,0.1,0.03,0.0,8.0,-0.17090786113037493
v3_penalties,3,64,0.11696988416613475,0.12090786113037491,-1.8017785072621708,0.23054310164481795,1.1841082626775292,0.22643651331185843,0,0,0,10.0,20.0,0.1,0.03,0.0,8.0,-0.16696988416613476
v3_penalties,3,65,0.11261006926798853,0.11696988416613475,-1.8017785072621708,0.24400949396406504,0.9853988526476187,0.19161341539136822,0,0,0,10.0,20.0,0.1,0.03,0.0,8.0,-0.16261006926798854
v3_penalties,3,66,0.10789839901958313,0.11261006926798853,-1.8017785072621708,0.2550882342941215,0.7994012366683281,0.15885026290187781,0,0,0,10.0,20.0,0.1,0.03,0.0,8.0,-0.15789839901958314
v3_penalties,3,67,0.10290099386299166,0.10789839901958313,-1.8017785072621708,0.2637675434860463,0.6261637239319082,0.1283304831625217,0,0,0,10.0,20.0,0.1,0.03,0.0,8.0,-0.15290099386299166
v3_penalties,3,68,0.09767988805860703,0.10290099386299166,-1.8017785072621708,0.2701113177442904,0.46563032992904674,0.10017185616682256,0,0,0,10.0,20.0,0.1,0.03,0.0,8.0,-0.14767988805860705
v3_penalties,3,69,0.09229288729722038,0.09767988805860703,-1.8017785072621708,0.2742294262942815,0.3176539225441455,0.07443470097935143,0,0,0,10.0,20.0,0.1,0.03,0.0,8.0,-0.1422928872972204
v3_penalties,3,70,0.08679349425998577,0.09229288729722038,-1.8017785072621708,0.2762595896740916,0.1820085398150204,0.05113001071313643,0,0,0,10.0,20.0,0.1,0.03,0.0,8.0,-0.13679349425998577
v3_penalties,3,71,0.08123089121026288,0.08679349425998577,-1.8017785072621708,0.2763558241099473,0.05840080466269337,0.030227325629021848,0,0,0,10.0,20.0,0.1,0.03,0.0,8.0,-0.13123089121026288
v3_penalties,3,72,0.07564997067217126,0.08123089121026288,-1.8017785072621708,0.27468077933306767,-0.05351959533135231,0.011662182307714958,0,0,0,10.0,20.0,0.1,0.03,0.0,8.0,-0.12564997067217126
v3_penalties,3,73,0.07009140670932883,0.07564997067217126,-1.8017785072621708,0.27140049145372774,-0.1541503613237467,-0.004656978703395875,0,0,0,10.0,20.0,0.1,0.03,0.0,8.0,-0.12009140670932883
v3_penalties,3,74,0.06459176046475316,0.07009140670932883,-1.8017785072621708,0.2666807005658985,-0.24392794281780406,-0.018842524943215377,0,0,0,10.0,20.0,0.1,0.03,0.0,8.0,-0.11459176046475317
v3_penalties,3,75,0.059183614601199024,0.06459176046475316,-1.8017785072621708,0.2606842242105931,-0.3233197589064436,-0.03102200811311919,0,0,0,10.0,20.0,0.1,0.03,0.0,8.0,-0.10918361460119902
v3_penalties,3,76,0.05389573220581136,0.059183614601199024,-1.8017785072621708,0.2535690698362855,-0.3928172254119988,-0.04133322034563098,0,0,0,10.0,20.0,0.1,0.03,0.0,8.0,-0.10389573220581136
v3_penalties,3,77,0.048753236713174025,0.05389573220581136,-1.8017785072621708,0.2454870810827225,-0.45292952627012983,-0.04991992419046983,0,0,0,10.0,20.0,0.1,0.03,0.0,8.0,-0.09875323671317403
v3_penalties,3,78,0.04377781062003563,0.048753236713174025,-1.8017785072621708,0.23658297993065758,-0.5041780656690151,-0.056928232302866505,0,0,0,10.0,20.0,0.1,0.03,0.0,8.0,-0.09377781062003562
v3_penalties,3,79,0.03898791249128598,0.04377781062003563,-1.8017785072621708,0.22699370863114698,-0.5470915386256923,-0.06250359984771142,0,0,0,10.0,20.0,0.1,0.03,0.0,8.0,-0.08898791249128599
v3_penalties,3,80,0.034399014530169525,0.03898791249128598,-1.8017785072621708,0.2168480023360295,-0.5822015609257087,-0.06678838362457007,0,0,0,10.0,20.0,0.1,0.03,0.0,8.0,-0.08439901453016953
v3_penalties,3,81,0.03002386794748945,0.034399014530169525,-1.8017785072621708,0.206266141387855,-0.610038803890828,-0.06991991625497096,0,0,0,10.0,20.0,0.1,0.03,0.0,8.0,-0.08002386794748945
v3_penalties,3,82,0.025872813100196068,0.03002386794748945,-1.8017785072621708,0.1953598446856463,-0.6311295846499818,-0.07202904085502101,0,0,0,10.0,20.0,0.1,0.03,0.0,8.0,-0.07587281310019607
v3_penalties,3,83,0.02195417217409615,0.025872813100196068,-1.8017785072621708,0.1842322744233628,-0.6459928679957563,-0.07323905089116348,0,0,0,10.0,20.0,0.1,0.03,0.0,8.0,-0.07195417217409615
v3_penalties,3,84,0.018274810697564498,0.02195417217409615,-1.8017785072621708,0.17297812901026346,-0.655137641169087,-0.07366498088942919,0,0,0,10.0,20.0,0.1,0.03,0.0,8.0,-0.0682748106975645
v3_penalties,3,85,0.014841078912274897,0.018274810697564498,-1.8017785072621708,0.16168380587776268,-0.6590606277956286,-0.07341319591193811,0,0,0,10.0,20.0,0.1,0.03,0.0,8.0,-0.0648410789122749
v3_penalties,3,86,0.011660704501951797,0.014841078912274897,-1.8017785072621708,0.15042761963759893,-0.658244311559513,-0.07258123086449977,0,0,0,10.0,20.0,0.1,0.03,0.0,8.0,-0.061660704501951796
v3_penalties,3,87,0.008747412780722913,0.011660704501951797,-1.8017785072621708,0.13928006400299991,-0.6531552439744431,-0.07125783445702394,0,0,0,10.0,20.0,0.1,0.03,0.0,8.0,-0.058747412780722916
v3_penalties,3,88,0.006134881639800559,0.008747412780722913,-1.8017785072621708,0.1283041082454635,-0.6442426137850346,-0.06952317676065108,0,0,0,10.0,20.0,0.1,0.03,0.0,8.0,-0.056134881639800564
v3_penalties,3,89,0.00393033582980502,0.006134881639800559,-1.8017785072621708,0.11755552090972296,-0.6319370581275945,-0.06744918359982219,0,0,0,10.0,20.0,0.1,0.03,0.0,8.0,-0.053930335829805026
v3_penalties,3,90,0.002541586917408497,0.00393033582980502,-1.8017785072621708,0.10708321520178263,-0.6166496976491096,-0.06509996533346259,0,0,0,10.0,20.0,0.1,0.03,0.0,8.0,-0.0525415869174085
v3_penalties,3,91,0.0027538165009405114,0.002541586917408497,-1.8017785072621708,0.09692961206146149,-0.5987713793928963,-0.06253231180418167,0,1,0,10.0,20.0,0.1,0.03,0.0,8.0,-0.05275381650094051
v3_penalties,3,92,0.004015701987666499,0.0027538165009405114,-1.8017785072621708,0.08713101864357575,-0.5786721124809177,-0.05979622928355702,0,1,0,10.0,20.0,0.1,0.03,0.0,8.0,-0.0540157019876665
v3_penalties,3,93,0.005456873768025095,0.004015701987666499,-1.8017785072621708,0.07771802209717298,-0.5567006825311236,-0.05693549905465569,0,1,0,10.0,20.0,0.1,0.03,0.0,8.0,-0.0554568737680251
v3_penalties,3,94,0.006825956614446571,0.005456873768025095,-1.8017785072621708,0.06871590176595112,-0.5331844314134508,-0.053988240810141884,0,1,0,10.0,20.0,0.1,0.03,0.0,8.0,-0.056825956614446574
v3_penalties,3,95,0.008060399982390937,0.006825956614446571,-1.8017785072621708,0.06014506848164289,-0.508429189435142,-0.050987467279293805,0,1,0,10.0,20.0,0.1,0.03,0.0,8.0,-0.05806039998239094
v3_penalties,3,96,0.009144086748157467,0.008060399982390937,-1.8017785072621708,0.052021550218262595,-0.4827193474109053,-0.04796161941689997,0,1,0,10.0,20.0,0.1,0.03,0.0,8.0,-0.05914408674815747
v3_penalties,3,97,0.010075527872426524,0.009144086748157467,-1.8017785072621708,0.04435756547803579,-0.45631805636440304,-0.04493507408698844,0,1,0,10.0,20.0,0.1,0.03,0.0,8.0,-0.060075527872426523
v3_penalties,3,98,0.010858928137129187,0.010075527872426524,-1.8017785072621708,0.03716227595300375,-0.4294675428629047,-0.04192861845876737,0,1,0,10.0,20.0,0.1,0.03,0.0,8.0,-0.06085892813712919
v3_penalties,3,99,0.01150105362624778,0.010858928137129187,-1.8017785072621708,0.030442934941636423,-0.4023895282370954,-0.03895988730864177,0,1,0,10.0,20.0,0.1,0.03,0.0,8.0,-0.06150105362624778
v3_penalties,3,100,0.012009923946953532,0.01150105362624778,-1.8017785072621708,0.024206995368745248,-0.37528574020545735,-0.036043761106291025,0,1,1,10.0,20.0,0.1,0.03,0.0,8.0,9.937990076053046
v4_potential,0,1,1.8023797450807917,1.8017785072621708,-1.8017785072621708,0.21294897189318918,-7.698416665902247,0.3076795872180677,0,0,0,10.0,20.0,0.1,0.03,0.0,8.0,-0.03160777361952888
v4_potential,0,2,1.8038540193058465,1.8023797450807917,-1.8017785072621708,0.18501695769417506,3.556278220208284,0.7325721291151347,0,0,0,10.0,20.0,0.1,0.03,0.0,8.0,0.05645377643225006
v4_potential,0,3,1.8105242046491414,1.8038540193058465,-1.8017785072621708,0.781137800986163,4.1459706783519925,8.0,0,0,0,10.0,20.0,0.1,0.03,0.0,8.0,-0.10520286221552674
v4_potential,0,4,1.825378909442806,1.8105242046491414,-1.8017785072621708,1.3444775461885854,-7.0983521311891264,4.538270278300128,0,0,0,10.0,20.0,0.1,0.03,0.0,8.0,-0.12496957869070091
v4_potential,0,5,1.8449716057707382,1.825378909442806,-1.8017785072621708,1.690656984656432,-7.997450195126229,1.6499739909728623,0,0,0,10.0,20.0,0.1,0.03,0.0,8.0,-0.13907814893994777
v4_potential,0,6,1.8702574358304374,1.8449716057707382,-1.8017785072621708,2.3515383427009198,-2.459729804567317,6.354042992105146,0,0,0,10.0,20.0,0.1,0.03,0.0,8.0,-0.12576454462096825
v4_potential,0,7,1.9015396814849734,1.8702574358304374,-1.8017785072621708,2.728287667423928,-4.129344929208112,2.4935673552881283,0,0,0,10.0,20.0,0.1,0.03,0.0,8.0,-0.1078729795979029
v4_potential,0,8,1.9294767596072504,1.9015396814849734,-1.8017785072621708,2.131655264642733,-6.072689844237705,-8.0,0,0,0,10.0,20.0,0.1,0.03,0.0,8.0,-0.24496667651963724
v4_potential,0,9,1.9574391292416926,1.9294767596072504,-1.8017785072621708,2.9265560817285996,2.0867229599602752,8.0,0,0,0,10.0,20.0,0.1,0.03,0.0,8.0,-0.17864871713337732
v4_potential,0,10,1.9866598815382561,1.9574391292416926,-1.8017785072621708,2.36000598344596,2.4966439499304967,-4.810395810021313,0,0,0,10.0,20.0,0.1,0.03,0.0,8.0,-0.10551704512949511
v4_potential,0,11,2.0142582410347942,1.9866598815382561,-1.8017785072621708,2.7670238457763303,1.2880585938822515,3.682438562304461,0,0,0,10.0,20.0,0.1,0.03,0.0,8.0,-0.067717782843792
v4_potential,0,12,2.039165523605461,2.0142582410347942,-1.8017785072621708,1.926958359026208,5.718105728575955,-5.555571875025351,0,0,0,10.0,20.0,0.1,0.03,0.0,8.0,-0.14970036063655098
v4_potential,0,13,2.0597879887029498,2.039165523605461,-1.8017785072621708,2.025578072025615,3.3421410972266035,1.686641691802222,0,0,0,10.0,20.0,0.1,0.03,0.0,8.0,-0.02815226067289026
v4_potential,0,14,2.0808726660172447,2.0597879887029498,-1.8017785072621708,2.0538244533534953,-0.15559239845403655,0.06327157976995067,0,0,0,10.0,20.0,0.1,0.03,0.0,8.0,-0.0014361778451382132
v4_potential,0,15,2.099779832935239,2.0808726660172447,-1.8017785072621708,1.7962742639142557,-3.260399854536541,-2.9785537321283004,0,0,0,10.0,20.0,0.1,0.03,0.0,8.0,-0.02855082203648348
v4_potential,0,16,2.116551259440595,2.099779832935239,-1.8017785072621708,1.7050547241320704,6.3898282395260635,1.2424248612848379,0,0,0,10.0,20.0,0.1,0.03,0.0,8.0,-0.06277661848791842
v4_potential,0,17,2.1272703847794263,2.116551259440595,-1.8017785072621708,0.6548818595807239,-2.311122802174115,-8.0,0,0,0,10.0,20.0,0.1,0.03,0.0,8.0,-0.08591468466864222
v4_potential,0,18,2.130812174542236,2.1272703847794263,-1.8017785072621708,0.49076911968706144,-4.207506115535933,-2.426443811936932,0,0,0,10.0,20.0,0.1,0.03,0.0,8.0,0.041650185343545906
v4_potential,0,19,2.1290377758448384,2.130812174542236,-1.8017785072621708,0.26202712731610234,-6.159020015762976,-6.3855764399010315,0,0,0,10.0,20.0,0.1,0.03,0.0,8.0,-0.042094345769546015
v4_potential,0,20,2.1217986163113665,2.1290377758448384,-1.8017785072621708,0.5542295836313358,3.9647644050197535,-1.1866320708480547,0,0,0,10.0,20.0,0.1,0.03,0.0,8.0,0.10803082356517574
v4_potential,0,21,2.1093837161846842,2.1217986163113665,-1.8017785072621708,1.1125394417175547,-8.0,-6.408733757302516,0,0,0,10.0,20.0,0.1,0.03,0.0,8.0,-0.04260005030133157
v4_potential,0,22,2.097567161826659,2.1093837161846842,-1.8017785072621708,0.3358817529952039,-1.438266669953434,5.351073112856299,0,0,0,10.0,20.0,0.1,0.03,0.0,8.0,0.10255594093539519
v4_potential,0,23,2.096863144084487,2.097567161826659,-1.8017785072621708,1.1748994631638805,-7.23076246355598,7.6325379623118454,0,0,0,10.0,20.0,0.1,0.03,0.0,8.0,-0.11271587718591916
v4_potential,0,24,2.097123886633326,2.096863144084487,-1.8017785072621708,0.31528945082682147,-2.339160848106734,-8.0,0,0,0,10.0,20.0,0.1,0.03,0.0,8.0,-0.03539086535916086
v4_potential,0,25,2.0965152088989196,2.097123886633326,-1.8017785072621708,1.0208434421058568,2.462833029837876,6.898041207305775,0,0,0,10.0,20.0,0.1,0.03,0.0,8.0,0.0005721110558813552
v4_potential,0,26,2.103270066903507,2.0965152088989196,-1.8017785072621708,1.514549423838284,-1.0646597241910178,3.1143192077965507,0,0,0,10.0,20.0,0.1,0.03,0.0,8.0,0.049724244409509295
v4_potential,0,27,2.1125303237151485,2.103270066903507,-1.8017785072621708,1.5799338883442404,-1.5258777341059588,-0.052695624874220706,0,0,0,10.0,20.0,0.1,0.03,0.0,8.0,0.05466307275090704
v4_potential,0,28,2.1238365587083163,2.1125303237151485,-1.8017785072621708,1.8613777659396347,7.993999218489088,4.299774884435536,0,0,0,10.0,20.0,0.1,0.03,0.0,8.0,-0.1151235221544771
v4_potential,0,29,2.1439684828363808,2.1238365587083163,-1.8017785072621708,3.481520837572195,-5.772485704001382,8.0,0,0,0,10.0,20.0,0.1,0.03,0.0,8.0,-0.18810437890430382
v4_potential,0,30,2.174170098035544,2.1439684828363808,-1.8017785072621708,4.553046296210327,-4.901741985287238,4.070913584632323,0,0,0,10.0,20.0,0.1,0.03,0.0,8.0,-0.12349839490178104
v4_potential,0,31,2.205777625146855,2.174170098035544,-1.8017785072621708,4.450443952518005,2.3907965043281534,-0.40531986604472686,0,0,0,10.0,20.0,0.1,0.03,0.0,8.0,-0.05950913853704924
v4_potential,0,32,2.2336402600007164,2.205777625146855,-1.8017785072621708,4.315245903798431,0.9719679641191825,-0.7862677338780862,0,0,0,10.0,20.0,0.1,0.03,0.0,8.0,-0.030757038614493883
v4_potential,0,33,2.2551102553171614,2.2336402600007164,-1.8017785072621708,3.2997321318496646,4.017886606192838,-3.419710391606852,0,0,0,10.0,20.0,0.1,0.03,0.0,8.0,-0.05027012770174179
v4_potential,0,34,2.2740195433611157,2.2551102553171614,-1.8017785072621708,4.302714378446778,-5.63591937124729,2.2812861602862435,0,0,0,10.0,20.0,0.1,0.03,0.0,8.0,-0.05478117046034317
v4_potential,0,35,2.2914233261725334,2.2740195433611157,-1.8017785072621708,3.485166116820386,8.0,-0.6558895805487569,0,0,0,10.0,20.0,0.1,0.03,0.0,8.0,-0.10130813003220784
v4_potential,0,36,2.3036069778402366,2.2914233261725334,-1.8017785072621708,2.6559285487643005,8.0,-0.4234480601226903,0,0,0,10.0,20.0,0.1,0.03,0.0,8.0,-0.07409652596574703
v4_potential,0,37,2.3148103643933378,2.3036069778402366,-1.8017785072621708,3.2229443890802565,7.474762334748682,4.624367447014334,0,0,0,10.0,20.0,0.1,0.03,0.0,8.0,-0.09479010703780577
v4_potential,0,38,2.328266308223711,2.3148103643933378,-1.8017785072621708,4.195597310218891,2.509085552482668,4.498321868409636,0,0,0,10.0,20.0,0.1,0.03,0.0,8.0,-0.003927223623660554
v4_potential,0,39,2.341443461147104,2.328266308223711,-1.8017785072621708,4.583035910886984,-4.01716465992668,0.47072682706376473,0,0,0,10.0,20.0,0.1,0.03,0.0,8.0,0.018468017139028528
v4_potential,0,40,2.349069472872292,2.341443461147104,-1.8017785072621708,2.85852174827297,-7.538656253940834,-8.0,0,0,0,10.0,20.0,0.1,0.03,0.0,8.0,-0.16233926121248893
v4_potential,0,41,2.3519789501425614,2.349069472872292,-1.8017785072621708,2.164449158232398,4.410414260681922,-0.7155253364249501,0,0,0,10.0,20.0,0.1,0.03,0.0,8.0,0.06312410023999529
v4_potential,0,42,2.3536897057727435,2.3519789501425614,-1.8017785072621708,1.834409617963977,4.827055010350675,0.6288858600879208,0,0,0,10.0,20.0,0.1,0.03,0.0,8.0,0.06173879214178773
v4_potential,0,43,2.356151892722217,2.3536897057727435,-1.8017785072621708,4.198672477054113,-3.710626109306889,8.0,0,0,0,10.0,20.0,0.1,0.03,0.0,8.0,-0.050040832357398035
v4_potential,0,44,2.357875367776049,2.356151892722217,-1.8017785072621708,3.6542134744190156,6.609976552748867,0.8229879591033583,0,0,0,10.0,20.0,0.1,0.03,0.0,8.0,0.020538194702203846
v4_potential,0,45,2.357493697705359,2.357875367776049,-1.8017785072621708,5.3128637920558175,0.10676270571990062,7.932891918088657,0,0,0,10.0,20.0,0.1,0.03,0.0,8.0,-0.006101309680099337
v4_potential,0,46,2.352284323487548,2.357493697705359,-1.8017785072621708,6.585732774689382,-1.5450009623956507,7.317910138400408,0,0,0,10.0,20.0,0.1,0.03,0.0,8.0,0.031783413728419696
v4_potential,0,47,2.342385418202594,2.352284323487548,-1.8017785072621708,4.684707676511022,3.1421056699018397,-6.344764883533619,0,0,0,10.0,20.0,0.1,0.03,0.0,8.0,0.06635605839859667
v4_potential,0,48,2.330091704037759,2.342385418202594,-1.8017785072621708,5.100292871528234,3.5675778229746933,5.36342762765124,0,0,0,10.0,20.0,0.1,0.03,0.0,8.0,0.09498522114599642
v4_potential,0,49,2.3134715594147974,2.330091704037759,-1.8017785072621708,5.335679578249811,2.623005324816105,4.627454680575212,0,0,0,10.0,20.0,0.1,0.03,0.0,8.0,0.142187313575967
v4_potential,0,50,2.295072013000241,2.3134715594147974,-1.8017785072621708,4.384360385424437,6.598937592326516,-2.3581577460725516,0,0,0,10.0,20.0,0.1,0.03,0.0,8.0,0.10853756211723023
v4_potential,0,51,2.2775953585570705,2.295072013000241,-1.8017785072621708,3.9374531945430284,8.0,0.7757481374727973,0,0,0,10.0,20.0,0.1,0.03,0.0,8.0,0.0720594697981215
v4_potential,0,52,2.2629583194486886,2.2775953585570705,-1.8017785072621708,2.713650700099344,4.002138305763635,-7.584525467979427,0,0,0,10.0,20.0,0.1,0.03,0.0,8.0,0.03924883632856463
v4_potential,0,53,2.2503894644563953,2.2629583194486886,-1.8017785072621708,2.8425079363616437,4.8508093721722085,3.464965737406913,0,0,0,10.0,20.0,0.1,0.03,0.0,8.0,0.10429106993117221
v4_potential,0,54,2.235491172449099,2.2503894644563953,-1.8017785072621708,3.1617906760054564,-2.8014337868090933,3.2776578410660426,0,0,0,10.0,20.0,0.1,0.03,0.0,8.0,0.1490838742889815
v4_potential,0,55,2.21734810050603,2.235491172449099,-1.8017785072621708,3.449909720407811,2.4257557480869925,4.806997338889704,0,0,0,10.0,20.0,0.1,0.03,0.0,8.0,0.14359973600970696
v4_potential,0,56,2.1988258753725836,2.21734810050603,-1.8017785072621708,2.9765008996638787,3.4358212591910817,-2.660950117296011,0,0,0,10.0,20.0,0.1,0.03,0.0,8.0,0.1647813729321678
v4_potential,0,57,2.184006443302784,2.1988258753725836,-1.8017785072621708,2.1488173124591152,0.2634262638224102,-8.0,0,0,0,10.0,20.0,0.1,0.03,0.0,8.0,0.055158695721194695
v4_potential,0,58,2.172542118945359,2.184006443302784,-1.8017785072621708,1.872795164655287,0.10302230302511407,-2.4754386810723945,0,0,0,10.0,20.0,0.1,0.03,0.0,8.0,0.15367190721705287
v4_potential,0,59,2.1603903100980033,2.172542118945359,-1.8017785072621708,2.2649701094508226,5.130428339544292,6.444355692517118,0,0,0,10.0,20.0,0.1,0.03,0.0,8.0,0.033076529263924015
v4_potential,0,60,2.14984350101787,2.1603903100980033,-1.8017785072621708,1.5015272852825177,3.078285801692774,-8.0,0,0,0,10.0,20.0,0.1,0.03,0.0,8.0,0.013274533497753677
v4_potential,0,61,2.144569484997008,2.14984350101787,-1.8017785072621708,1.0251874440181752,2.500615955255586,-5.3035976883826175,0,0,0,10.0,20.0,0.1,0.03,0.0,8.0,0.06483609716236706
v4_potential,0,62,2.1415071432012494,2.144569484997008,-1.8017785072621708,1.0345158392935823,2.1017389577437164,0.7596765551473202,0,0,0,10.0,20.0,0.1,0.03,0.0,8.0,0.11239823590897968
v4_potential,0,63,2.1399167090660542,2.1415071432012494,-1.8017785072621708,0.6436332532198235,-5.234696758136948,-6.334636505482656,0,0,0,10.0,20.0,0.1,0.03,0.0,8.0,-0.02011133348320751
v4_potential,0,64,2.137581863343704,2.1399167090660542,-1.8017785072621708,1.1373461430762357,4.025527046646766,8.0,0,0,0,10.0,20.0,0.1,0.03,0.0,8.0,-0.04185641422763342
v4_potential,0,65,2.1324744872766317,2.137581863343704,-1.8017785072621708,1.2317444749212374,-0.23794769941969476,1.5633496794541146,0,0,0,10.0,20.0,0.1,0.03,0.0,8.0,0.12715924204337728
v4_potential,0,66,2.126854801388938,2.1324744872766317,-1.8017785072621708,1.1501622451115392,-2.631952175851693,-1.2975315138138488,0,0,0,10.0,20.0,0.1,0.03,0.0,8.0,0.11721964893729403
v4_potential,0,67,2.120044379669163,2.126854801388938,-1.8017785072621708,1.259324839102804,-8.0,0.39759266106757823,0,0,0,10.0,20.0,0.1,0.03,0.0,8.0,0.011738167734065552
v4_potential,0,68,2.1126060439638263,2.120044379669163,-1.8017785072621708,1.1227439787959739,0.9129251344644748,-1.4793943039126551,0,0,0,10.0,20.0,0.1,0.03,0.0,8.0,0.13677790110970192
v4_potential,0,69,2.1064808358284886,2.1126060439638263,-1.8017785072621708,0.9824579764932613,0.5140240555645684,-1.7135045565305,0,0,0,10.0,20.0,0.1,0.03,0.0,8.0,0.1295494452782129
v4_potential,0,70,2.1020318027162905,2.1064808358284886,-1.8017785072621708,0.8888139136259654,6.420128672643081,-0.3658464122953558,0,0,0,10.0,20.0,0.1,0.03,0.0,8.0,0.044642964155438045
v4_potential,0,71,2.0970980676345348,2.1020318027162905,-1.8017785072621708,1.1608358266414083,1.264191348425364,4.612502899088039,0,0,0,10.0,20.0,0.1,0.03,0.0,8.0,0.08377685327144649
v4_potential,0,72,2.0900806534901224,2.0970980676345348,-1.8017785072621708,1.2612886899297597,0.912871138571862,1.9395558072502999,0,0,0,10.0,20.0,0.1,0.03,0.0,8.0,0.1304006825064163
v4_potential,0,73,2.0818380552361075,2.0900806534901224,-1.8017785072621708,1.234485218364341,-8.0,-1.1947343594901445,0,0,0,10.0,20.0,0.1,0.03,0.0,8.0,0.014450113652386437
v4_potential,0,74,2.073297560337861,2.0818380552361075,-1.8017785072621708,1.2727736985804659,8.0,1.8749204651847118,0,0,0,10.0,20.0,0.1,0.03,0.0,8.0,0.011336699006588596
v4_potential,0,75,2.0649793446420324,2.073297560337861,-1.8017785072621708,1.3398445473916776,4.914916990595655,1.8868794716641761,0,0,0,10.0,20.0,0.1,0.03,0.0,8.0,0.08940659938117826
v4_potential,0,76,2.058866997404508,2.0649793446420324,-1.8017785072621708,1.090089041554611,8.0,-3.591643013693985,0,0,0,10.0,20.0,0.1,0.03,0.0,8.0,-0.02029471301778568
v4_potential,0,77,2.0534086376284826,2.058866997404508,-1.8017785072621708,1.255561847535338,-3.873744445187382,3.155402654492477,0,0,0,10.0,20.0,0.1,0.03,0.0,8.0,0.08003730688435458
v4_potential,0,78,2.04613591499275,2.0534086376284826,-1.8017785072621708,1.3153957999247903,3.774053988299954,1.522940469595705,0,0,0,10.0,20.0,0.1,0.03,0.0,8.0,0.1055447465672305
v4_potential,0,79,2.040080683320941,2.04613591499275,-1.8017785072621708,1.1318443097813975,1.421220873330052,-3.1951205669465295,0,0,0,10.0,20.0,0.1,0.03,0.0,8.0,0.10782286410886632
v4_potential,0,80,2.0359052878844297,2.040080683320941,-1.8017785072621708,1.1393864435428478,4.96983742799765,0.17473221308068837,0,0,0,10.0,20.0,0.1,0.03,0.0,8.0,0.07321261076274907
v4_potential,0,81,2.033403009919365,2.0359052878844297,-1.8017785072621708,1.0479653950194452,2.393007845854921,-2.2943542192739086,0,0,0,10.0,20.0,0.1,0.03,0.0,8.0,0.09220044465364563
v4_potential,0,82,2.0338455474020827,2.033403009919365,-1.8017785072621708,1.0507857741788462,8.0,-2.159742844418398,0,0,0,10.0,20.0,0.1,0.03,0.0,8.0,-0.037849388351515884
v4_potential,0,83,2.038320709464251,2.0338455474020827,-1.8017785072621708,1.0121000590272764,0.8003547301077883,-5.292827112776167,0,0,0,10.0,20.0,0.1,0.03,0.0,8.0,0.02223105208288232
v4_potential,0,84,2.044821846060271,2.038320709464251,-1.8017785072621708,0.9536759022940756,-3.8975182932035883,-0.21937575780639704,0,0,0,10.0,20.0,0.1,0.03,0.0,8.0,0.039257860184973514
v4_potential,0,85,2.0504763811362445,2.044821846060271,-1.8017785072621708,0.8929415094429262,-3.9482580635327245,0.6046893168349148,0,0,0,10.0,20.0,0.1,0.03,0.0,8.0,0.0423423618646535
v4_potential,0,86,2.0549318235555134,2.0504763811362445,-1.8017785072621708,0.8346328205164253,-4.030600933224846,0.5847039972579755,0,0,0,10.0,20.0,0.1,0.03,0.0,8.0,0.047294133786786575
v4_potential,0,87,2.0563913961335896,2.0549318235555134,-1.8017785072621708,0.9327907207025599,0.1341594180223405,5.912625838563922,0,0,0,10.0,20.0,0.1,0.03,0.0,8.0,0.025567420803703833
v4_potential,0,88,2.0574547656820386,2.0563913961335896,-1.8017785072621708,0.8074338187302876,-2.4231843640393507,-5.280678559082436,0,0,0,10.0,20.0,0.1,0.03,0.0,8.0,0.030041113528900598
v4_potential,0,89,2.063583968812534,2.0574547656820386,-1.8017785072621708,0.8534776813229348,-3.8501445760198036,-8.0,0,0,0,10.0,20.0,0.1,0.03,0.0,8.0,-0.0851140437243613
v4_potential,0,90,2.0699622237837483,2.063583968812534,-1.8017785072621708,0.6217317830673005,-8.0,4.829234525610023,0,0,0,10.0,20.0,0.1,0.03,0.0,8.0,-0.10303617587356981
v4_potential,0,91,2.075139362151638,2.0699622237837483,-1.8017785072621708,0.7814619250487279,8.0,-1.8380180507316057,0,0,0,10.0,20.0,0.1,0.03,0.0,8.0,-0.05688534444149715
v4_potential,0,92,2.0829563475075554,2.075139362151638,-1.8017785072621708,0.8489020919039552,0.4436086341603469,-2.1696672183617576,0,0,0,10.0,20.0,0.1,0.03,0.0,8.0,0.05525440167832012
v4_potential,0,93,2.0926566352077196,2.0829563475075554,-1.8017785072621708,0.9620536759110907,4.568712541810793,-0.8313064208776727,0,0,0,10.0,20.0,0.1,0.03,0.0,8.0,0.013002983949380813
v4_potential,0,94,2.103536182084251,2.0926566352077196,-1.8017785072621708,0.9833474742375369,-0.5957591450145073,-0.7360956171903457,0,0,0,10.0,20.0,0.1,0.03,0.0,8.0,0.0489855432885259
v4_potential,0,95,2.112281953718586,2.103536182084251,-1.8017785072621708,0.7205359160875386,-7.769956447018533,3.9719576505842102,0,0,0,10.0,20.0,0.1,0.03,0.0,8.0,-0.09041210201894645
v4_potential,0,96,2.114514041637418,2.112281953718586,-1.8017785072621708,0.6546036331504105,-5.867172760318278,8.0,0,0,0,10.0,20.0,0.1,0.03,0.0,8.0,-0.10228216991113023
v4_potential,0,97,2.112931661135963,2.114514041637418,-1.8017785072621708,0.7359650108557976,6.466047393770291,0.9096744779292314,0,0,0,10.0,20.0,0.1,0.03,0.0,8.0,0.028283932455514887
v4_potential,0,98,2.1107897136631975,2.112931661135963,-1.8017785072621708,0.666757336404195,-8.0,0.17589956079105812,0,0,0,10.0,20.0,0.1,0.03,0.0,8.0,-0.011812658263986059
v4_potential,0,99,2.107386490441474,2.1107897136631975,-1.8017785072621708,0.7514700484923837,3.545957570647739,1.7986416070728835,0,0,0,10.0,20.0,0.1,0.03,0.0,8.0,0.09076758718363465
v4_potential,0,100,2.0996508683098356,2.107386490441474,-1.8017785072621708,1.1114094690068963,-3.1021197053085343,8.0,0,0,0,10.0,20.0,0.1,0.03,0.0,8.0,-0.0035856392584419083
v4_potential,0,101,2.088818564127043,2.0996508683098356,-1.8017785072621708,1.0482123585859406,3.5097056293080744,-1.10230586969971,0,0,0,10.0,20.0,0.1,0.03,0.0,8.0,0.13153622545077284
v4_potential,0,102,2.0785912835410367,2.088818564127043,-1.8017785072621708,1.1582451163424148,8.0,1.9063001068678256,0,0,0,10.0,20.0,0.1,0.03,0.0,8.0,0.01979800691219563
v4_potential,0,103,2.067358381947797,2.0785912835410367,-1.8017785072621708,1.2389851003944126,0.7654395926001369,1.860788580141703,0,0,0,10.0,20.0,0.1,0.03,0.0,8.0,0.15143556324377766
v4_potential,0,104,2.0550619555759417,2.067358381947797,-1.8017785072621708,1.3266189637973864,5.830420903352646,1.502551685949174,0,0,0,10.0,20.0,0.1,0.03,0.0,8.0,0.09173229067967409
v4_potential,0,105,2.042002413184177,2.0550619555759417,-1.8017785072621708,1.376146299399846,1.0549355911703118,1.206452426326879,0,0,0,10.0,20.0,0.1,0.03,0.0,8.0,0.1622609995010168
v4_potential,0,106,2.028808253953998,2.042002413184177,-1.8017785072621708,1.4389397949373381,8.0,0.37785776355054485,0,0,0,10.0,20.0,0.1,0.03,0.0,8.0,0.039125655869644865
v4_potential,0,107,2.01737845816156,2.028808253953998,-1.8017785072621708,1.226161499506902,-6.4892182614072915,-3.6995556875506908,0,0,0,10.0,20.0,0.1,0.03,0.0,8.0,0.04642457001132658
v4_potential,0,108,2.0047255817956895,2.01737845816156,-1.8017785072621708,1.4087459375845766,-2.355011522187112,5.181980199909306,0,0,0,10.0,20.0,0.1,0.03,0.0,8.0,0.09870266479536575
v4_potential,0,109,1.9905053595165056,2.0047255817956895,-1.8017785072621708,1.3828868769059364,5.6378439615329095,-1.605689788421044,0,0,0,10.0,20.0,0.1,0.03,0.0,8.0,0.101899330909279
v4_potential,0,110,1.9781389828911438,1.9905053595165056,-1.8017785072621708,1.3222641031434037,0.0036048217784907456,-1.414347639577463,0,0,0,10.0,20.0,0.1,0.03,0.0,8.0,0.15673804779072975
v4_potential,0,111,1.9689608517070318,1.9781389828911438,-1.8017785072621708,1.064047814102832,-6.886422710427522,-5.285195284073686,0,0,0,10.0,20.0,0.1,0.03,0.0,8.0,-0.006373515369061916
v4_potential,0,112,1.9613842743968988,1.9689608517070318,-1.8017785072621708,1.008101164905682,-6.2942750553193125,1.309669858525558,0,0,0,10.0,20.0,0.1,0.03,0.0,8.0,0.053285833049819376
v4_potential,0,113,1.9535044238539063,1.9613842743968988,-1.8017785072621708,1.0373054589708885,3.8347048432977533,-0.701450261342628,0,0,0,10.0,20.0,0.1,0.03,0.0,8.0,0.10668048649896014
v4_potential,0,114,1.944452805170471,1.9535044238539063,-1.8017785072621708,1.1004461330466362,-2.3291994022945883,3.301324031718902,0,0,0,10.0,20.0,0.1,0.03,0.0,8.0,0.10983291323959216
v4_potential,0,115,1.9377822340408954,1.944452805170471,-1.8017785072621708,0.8347629783924014,-4.472157272963682,-8.0,0,0,0,10.0,20.0,0.1,0.03,0.0,8.0,-0.037758413998320584
v4_potential,0,116,1.9344983913882177,1.9377822340408954,-1.8017785072621708,0.846770313614551,-0.35320895576809797,1.552345350407382,0,0,0,10.0,20.0,0.1,0.03,0.0,8.0,0.10807506752606737
v4_potential,0,117,1.934048452863864,1.9344983913882177,-1.8017785072621708,0.7441490395855411,-5.2060797304044595,-6.883178697207376,0,0,0,10.0,20.0,0.1,0.03,0.0,8.0,-0.05001071500907328
v4_potential,0,118,1.940753705356548,1.934048452863864,-1.8017785072621708,0.8841154882107097,-3.3657513188220496,-6.726952861075125,0,0,0,10.0,20.0,0.1,0.03,0.0,8.0,-0.04964893066615077
v4_potential,0,119,1.9517307200477125,1.940753705356548,-1.8017785072621708,0.9216094617493211,-1.4813682308163372,-1.3702108549084098,0,0,0,10.0,20.0,0.1,0.03,0.0,8.0,0.03455760330220119
v4_potential,0,120,1.961189494298272,1.9517307200477125,-1.8017785072621708,0.7609035839141272,0.6721217520946375,4.285099290771225,0,0,0,10.0,20.0,0.1,0.03,0.0,8.0,0.013137956299302589
v4_potential,0,121,1.9670291800219044,1.961189494298272,-1.8017785072621708,0.6785019028721676,-0.1412107346723652,2.670875589555165,0,0,0,10.0,20.0,0.1,0.03,0.0,8.0,0.054845996609995694
v4_potential,0,122,1.9757284652715843,1.9670291800219044,-1.8017785072621708,1.007935903302289,2.0991282915481215,-7.782238293484992,0,0,0,10.0,20.0,0.1,0.03,0.0,8.0,-0.07464914786674398
v4_potential,0,123,1.9914423640045433,1.9757284652715843,-1.8017785072621708,1.2561867540762943,-1.1740623217535262,-5.238751775040221,0,0,0,10.0,20.0,0.1,0.03,0.0,8.0,-0.03664326045626447
v4_potential,0,124,2.0095681061712187,1.9914423640045433,-1.8017785072621708,1.1724296665165377,-5.670163010993725,0.2749707357242887,0,0,0,10.0,20.0,0.1,0.03,0.0,8.0,-0.054603020478308784
v4_potential,0,125,2.0259031479596703,2.0095681061712187,-1.8017785072621708,1.0805288889110418,5.025539613786299,2.9800003879019767,0,0,0,10.0,20.0,0.1,0.03,0.0,8.0,-0.048652952987537884
v4_potential,0,126,2.0373116732844547,2.0259031479596703,-1.8017785072621708,0.7993402148578374,2.0616502377358508,6.786211280819521,0,0,0,10.0,20.0,0.1,0.03,0.0,8.0,-0.05578317346105657
v4_potential,0,127,2.0469982784986422,2.0373116732844547,-1.8017785072621708,0.9407353727136545,-0.28069431214698515,-3.308649437959885,0,0,0,10.0,20.0,0.1,0.03,0.0,8.0,0.03186498705362742
v4_potential,0,128,2.0597898545114877,2.0469982784986422,-1.8017785072621708,1.041188385597846,-2.223256288352315,-2.64796993559852,0,0,0,10.0,20.0,0.1,0.03,0.0,8.0,0.0151223860542831
v4_potential,0,129,2.0704857755515564,2.0597898545114877,-1.8017785072621708,0.6314958542937369,-8.0,5.7994803288837184,0,0,0,10.0,20.0,0.1,0.03,0.0,8.0,-0.1452232605929834
v4_potential,0,130,2.0780347307073015,2.0704857755515564,-1.8017785072621708,0.6456300072381954,-0.8366190667887616,-0.5782217139767146,0,0,0,10.0,20.0,0.1,0.03,0.0,8.0,0.06408841712978301
v4_potential,0,131,2.0856908783590304,2.0780347307073015,-1.8017785072621708,0.6040311768518187,-2.280766437020558,0.11637370301054342,0,0,0,10.0,20.0,0.1,0.03,0.0,8.0,0.055572928901323405
v4_potential,0,132,2.0906971265851695,2.0856908783590304,-1.8017785072621708,0.36771114111066433,-2.7734970848192035,4.4304437443319715,0,0,0,10.0,20.0,0.1,0.03,0.0,8.0,0.024861379496182133
v4_potential,0,133,2.091164122940428,2.0906971265851695,-1.8017785072621708,0.20140226110244133,-7.817033865570619,3.204710098321727,0,0,0,10.0,20.0,0.1,0.03,0.0,8.0,-0.04052914616879866
v4_potential,0,134,2.086680340965885,2.091164122940428,-1.8017785072621708,0.4496390732685598,0.36927914349035174,5.476935499013267,0,0,0,10.0,20.0,0.1,0.03,0.0,8.0,0.06648654782867257
v4_potential,0,135,2.07611598137029,2.086680340965885,-1.8017785072621708,0.8169855863983443,6.649045750141276,6.537433276313399,0,0,0,10.0,20.0,0.1,0.03,0.0,8.0,-0.017268089412952714
v4_potential,0,136,2.0646178912601556,2.07611598137029,-1.8017785072621708,0.578375973186844,-0.016680906096180913,-4.220068047573979,0,0,0,10.0,20.0,0.1,0.03,0.0,8.0,0.1251028399561152
v4_potential,0,137,2.0583908707176994,2.0646178912601556,-1.8017785072621708,0.4427153348907761,6.954532566203735,-5.047180448041893,0,0,0,10.0,20.0,0.1,0.03,0.0,8.0,-0.01362446113080426
v4_potential,0,138,2.0565249384252944,2.0583908707176994,-1.8017785072621708,0.44794150951668654,1.3379084063524693,-2.3866998573952833,0,0,0,10.0,20.0,0.1,0.03,0.0,8.0,0.0971832381571305
v4_potential,0,139,2.0517561447983006,2.0565249384252944,-1.8017785072621708,0.641960322088228,0.8570745475090562,8.0,0,0,0,10.0,20.0,0.1,0.03,0.0,8.0,-0.0030373781850912274
v4_potential,0,140,2.041896898750496,2.0517561447983006,-1.8017785072621708,0.7363135948508361,3.0409176689312805,1.7457111204010594,0,0,0,10.0,20.0,0.1,0.03,0.0,8.0,0.12680170000632718
v4_potential,0,141,2.030195815881488,2.041896898750496,-1.8017785072621708,0.8169624198539537,-0.2517275759513254,1.8983222853974016,0,0,0,10.0,20.0,0.1,0.03,0.0,8.0,0.15268121659565312
v4_potential,0,142,2.0160369687435225,2.030195815881488,-1.8017785072621708,0.9734234507007589,4.015957844219115,2.860446178193957,0,0,0,10.0,20.0,0.1,0.03,0.0,8.0,0.12297594463722586
v4_potential,0,143,2.002030514278843,2.0160369687435225,-1.8017785072621708,0.7945585977716155,-4.255229223634285,-3.0507913001368343,0,0,0,10.0,20.0,0.1,0.03,0.0,8.0,0.11530519143201595
v4_potential,0,144,1.9876145546896915,2.002030514278843,-1.8017785072621708,0.9708095226535693,0.20879424770102387,3.6931328020582876,0,0,0,10.0,20.0,0.1,0.03,0.0,8.0,0.14409487581721875
v4_potential,0,145,1.971640768917399,1.9876145546896915,-1.8017785072621708,0.9408721727139162,2.0979102560083973,-0.7624113389925036,0,0,0,10.0,20.0,0.1,0.03,0.0,8.0,0.168485970323154
v4_potential,0,146,1.9593241217533082,1.971640768917399,-1.8017785072621708,0.6024516090941695,-8.0,-5.823411851836573,0,0,0,10.0,20.0,0.1,0.03,0.0,8.0,-0.0362748092841024
v4_potential,0,147,1.951583742341716,1.9593241217533082,-1.8017785072621708,0.6106012757294376,6.888713762325178,-2.299638464405455,0,0,0,10.0,20.0,0.1,0.03,0.0,8.0,0.030795655442604458
v4_potential,0,148,1.944534589201816,1.951583742341716,-1.8017785072621708,0.7325027965556039,6.093560541882806,1.3525947681243473,0,0,0,10.0,20.0,0.1,0.03,0.0,8.0,0.05455050979089328
v4_potential,0,149,1.9413662908615434,1.944534589201816,-1.8017785072621708,0.6487837657638886,-2.8360634338507054,-8.0,0,0,0,10.0,20.0,0.1,0.03,0.0,8.0,-0.031176705357210066
v4_potential,0,150,1.944575603039367,1.9413662908615434,-1.8017785072621708,0.7034467237692095,-1.477615623953499,-3.1254397627874635,0,0,0,10.0,20.0,0.1,0.03,0.0,8.0,0.057278775976921964
v4_potential,0,151,1.9505696570166635,1.944575603039367,-1.8017785072621708,0.674463116893942,-5.686065922640621,-1.7016769542716406,0,0,0,10.0,20.0,0.1,0.03,0.0,8.0,-0.002895887302277911
v4_potential,0,152,1.953056860520534,1.9505696570166635,-1.8017785072621708,0.5980879464954785,6.56309889633469,8.0,0,0,0,10.0,20.0,0.1,0.03,0.0,8.0,-0.12893170873946497
v4_potential,0,153,1.9518725942597257,1.953056860520534,-1.8017785072621708,0.4599943670692753,-8.0,-1.3699727854338757,0,0,0,10.0,20.0,0.1,0.03,0.0,8.0,-0.02823868984863062
v4_potential,0,154,1.9506144095310158,1.9518725942597257,-1.8017785072621708,0.422527277356995,-1.7253187602947686,1.5580589209770896,0,0,0,10.0,20.0,0.1,0.03,0.0,8.0,0.09301309926837735
v4_potential,0,155,1.947541533409181,1.9506144095310158,-1.8017785072621708,0.49806478147168853,3.6256048349355976,1.737993302495291,0,0,0,10.0,20.0,0.1,0.03,0.0,8.0,0.08041019500237995
v4_potential,0,156,1.9477256750960008,1.947541533409181,-1.8017785072621708,0.5992529428226405,0.2565162582543124,-7.336461272182603,0,0,0,10.0,20.0,0.1,0.03,0.0,8.0,-0.011313353857266825
v4_potential,0,157,1.95328266305671,1.9477256750960008,-1.8017785072621708,0.6088686035494226,-4.475713117797443,-2.0251167431545563,0,0,0,10.0,20.0,0.1,0.03,0.0,8.0,0.021612981876832332
v4_potential,0,158,1.9643028076804891,1.95328266305671,-1.8017785072621708,0.9677591067620414,-3.019824280914021,-7.591418798766064,0,0,0,10.0,20.0,0.1,0.03,0.0,8.0,-0.0903835388665846
v4_potential,0,159,1.9775855218898204,1.9643028076804891,-1.8017785072621708,0.7062180641619977,-6.01745773876883,3.429227616378897,0,0,0,10.0,20.0,0.1,0.03,0.0,8.0,-0.06347309431777419
v4_potential,0,160,1.9900028915709747,1.9775855218898204,-1.8017785072621708,0.7812883263543628,-5.444184856040953,-2.191486580945505,0,0,0,10.0,20.0,0.1,0.03,0.0,8.0,-0.031470228189641736
v4_potential,0,161,2.002568083207029,1.9900028915709747,-1.8017785072621708,0.6562384048644525,-3.081773125569358,1.6032646201476337,0,0,0,10.0,20.0,0.1,0.03,0.0,8.0,0.013166879900682365
v4_potential,0,162,2.017108859370726,2.002568083207029,-1.8017785072621708,0.9661675496886567,-2.662214906924209,-5.435820299621038,0,0,0,10.0,20.0,0.1,0.03,0.0,8.0,-0.045119498930792715
v4_potential,0,163,2.031864437174265,2.017108859370726,-1.8017785072621708,0.659381731559969,-2.6952356743309656,4.630245352330917,0,0,0,10.0,20.0,0.1,0.03,0.0,8.0,-0.029591601884917586
v4_potential,0,164,2.0421878100896755,2.031864437174265,-1.8017785072621708,0.5199606101414905,7.226598446603698,3.206464021741299,0,0,0,10.0,20.0,0.1,0.03,0.0,8.0,-0.0745177473349225
v4_potential,0,165,2.052201194398329,2.0421878100896755,-1.8017785072621708,0.6823397544928778,1.4571414953085173,-2.469275445207821,0,0,0,10.0,20.0,0.1,0.03,0.0,8.0,0.0361019730533359
v4_potential,0,166,2.0594588784655237,2.052201194398329,-1.8017785072621708,0.2899353082820961,2.831006684625833,7.436775962336641,0,0,0,10.0,20.0,0.1,0.03,0.0,8.0,-0.05995594753746475
v4_potential,0,167,2.0664497397047974,2.0594588784655237,-1.8017785072621708,0.7568805848216171,8.0,-6.52443457255803,0,0,0,10.0,20.0,0.1,0.03,0.0,8.0,-0.14476831219430955
v4_potential,0,168,2.072665891528898,2.0664497397047974,-1.8017785072621708,0.28288642081677673,-4.514895432264713,8.0,0,0,0,10.0,20.0,0.1,0.03,0.0,8.0,-0.09621602607262866
v4_potential,0,169,2.0711654868371165,2.072665891528898,-1.8017785072621708,0.2879204758622978,-1.4746166742849969,5.47175328100003,0,0,0,10.0,20.0,0.1,0.03,0.0,8.0,0.04683114119233456
v4_potential,0,170,2.063602761627189,2.0711654868371165,-1.8017785072621708,0.5614117250148164,-2.8690465503780027,5.166499261397708,0,0,0,10.0,20.0,0.1,0.03,0.0,8.0,0.07114547867848088
v4_potential,0,171,2.05733592784784,2.063602761627189,-1.8017785072621708,0.27327746032991795,6.453902008421215,-7.26490275937494,0,0,0,10.0,20.0,0.1,0.03,0.0,8.0,-0.05466236118581885
v4_potential,0,172,2.054885514170028,2.05733592784784,-1.8017785072621708,0.1846564554738195,-8.0,0.463108051746842,0,0,0,10.0,20.0,0.1,0.03,0.0,8.0,-0.013432594037623424
v4_potential,0,173,2.0525081091007493,2.054885514170028,-1.8017785072621708,0.10241077622069895,-5.430095934788888,-1.1205349470989754,0,0,0,10.0,20.0,0.1,0.03,0.0,8.0,0.053029349944068216
v4_potential,0,174,2.0480738834574317,2.0525081091007493,-1.8017785072621708,0.37224850494223066,5.310019969863718,4.784950276934713,0,0,0,10.0,20.0,0.1,0.03,0.0,8.0,0.022390699923282367
v4_potential,0,175,2.0457045147809594,2.0480738834574317,-1.8017785072621708,0.29819485561237236,5.417629984014765,-7.993809000077703,0,0,0,10.0,20.0,0.1,0.03,0.0,8.0,-0.07237132482542949
v4_potential,0,176,2.051529957213605,2.0457045147809594,-1.8017785072621708,0.6594086730346608,2.966075387654416,-6.216684089153457,0,0,0,10.0,20.0,0.1,0.03,0.0,8.0,-0.02144024284171496
v4_potential,0,177,2.0588831531807,2.051529957213605,-1.8017785072621708,0.4214716661685066,-3.3742173229944448,3.4288240008051596,0,0,0,10.0,20.0,0.1,0.03,0.0,8.0,0.019893824680974906
v4_potential,0,178,2.0635806858128216,2.0588831531807,-1.8017785072621708,0.4231002066263558,4.232269078959076,1.2781850676528996,0,0,0,10.0,20.0,0.1,0.03,0.0,8.0,0.040599653882264976
v4_potential,0,179,2.068120356150993,2.0635806858128216,-1.8017785072621708,0.4963868173582407,2.440137905026735,-0.7204804796596844,0,0,0,10.0,20.0,0.1,0.03,0.0,8.0,0.06776093588245495
v4_potential,0,180,2.0746814292046345,2.068120356150993,-1.8017785072621708,0.5708506080268346,-5.7253899759542595,-3.029569998992212,0,0,0,10.0,20.0,0.1,0.03,0.0,8.0,-0.012988063319078522
v4_potential,0,181,2.0856072110019612,2.0746814292046345,-1.8017785072621708,0.8912457003390947,2.2951773920513148,-4.9426797240959095,0,0,0,10.0,20.0,0.1,0.03,0.0,8.0,-0.009744392668480734
v4_potential,0,182,2.103243371192793,2.0856072110019612,-1.8017785072621708,1.286003277494716,-4.5731761921375655,-7.282497108389749,0,0,0,10.0,20.0,0.1,0.03,0.0,8.0,-0.13091604163059584
v4_potential,0,183,2.125024145791912,2.103243371192793,-1.8017785072621708,1.2937654801991947,-5.068766927726213,-1.0067240503262376,0,0,0,10.0,20.0,0.1,0.03,0.0,8.0,-0.05606444866823258
v4_potential,0,184,2.1424374184050996,2.125024145791912,-1.8017785072621708,0.7708340580130381,-0.8960828696279693,8.0,0,0,0,10.0,20.0,0.1,0.03,0.0,8.0,-0.10955042116416397
v4_potential,0,185,2.1590401175720384,2.1424374184050996,-1.8017785072621708,1.257753181330917,6.615472096615721,-6.407422516474569,0,0,0,10.0,20.0,0.1,0.03,0.0,8.0,-0.14470055868754486
v4_potential,0,186,2.180547934651473,2.1590401175720384,-1.8017785072621708,1.4505735025993656,6.8237110333850985,-1.6350891952750752,0,0,0,10.0,20.0,0.1,0.03,0.0,8.0,-0.09698478655189337
v4_potential,0,187,2.2051554758464014,2.180547934651473,-1.8017785072621708,1.7591366161438686,8.0,-3.0200524568965457,0,0,0,10.0,20.0,0.1,0.03,0.0,8.0,-0.15902136586713672
v4_potential,0,188,2.2301794618360997,2.2051554758464014,-1.8017785072621708,1.6043216166911582,0.9779119459678346,2.6780462451242104,0,0,0,10.0,20.0,0.1,0.03,0.0,8.0,-0.029867443786867634
v4_potential,0,189,2.2510105352850487,2.2301794618360997,-1.8017785072621708,1.3580497718040225,5.071747805407852,5.102893781632153,0,0,0,10.0,20.0,0.1,0.03,0.0,8.0,-0.09512914197705137
v4_potential,0,190,2.2722711072873567,2.2510105352850487,-1.8017785072621708,1.7430034578225466,1.914209138787267,-5.3296372825854865,0,0,0,10.0,20.0,0.1,0.03,0.0,8.0,-0.05682776502905701
v4_potential,0,191,2.2980734124217364,2.2722711072873567,-1.8017785072621708,1.9230734435056882,-2.6262705180429036,-3.193388482362965,0,0,0,10.0,20.0,0.1,0.03,0.0,8.0,-0.0482979087172707
v4_potential,0,192,2.327666985367423,2.2980734124217364,-1.8017785072621708,2.2232670914739945,-1.8958387764471358,-4.6131128136278425,0,0,0,10.0,20.0,0.1,0.03,0.0,8.0,-0.08133454445513728
v4_potential,0,193,2.3638116862472267,2.327666985367423,-1.8017785072621708,2.818018434778661,0.027138767561057136,-8.0,0,0,0,10.0,20.0,0.1,0.03,0.0,8.0,-0.19053439311206702
v4_potential,0,194,2.404374267733619,2.3638116862472267,-1.8017785072621708,2.908013795275933,-1.1476494760721416,-1.0792783091805016,0,0,0,10.0,20.0,0.1,0.03,0.0,8.0,-0.0875580760224725
v4_potential,0,195,2.443823689140214,2.404374267733619,-1.8017785072621708,2.813765272486182,0.07395849512474031,1.6689276407121534,0,0,0,10.0,20.0,0.1,0.03,0.0,8.0,-0.08063750123383225
v4_potential,0,196,2.482048843724987,2.443823689140214,-1.8017785072621708,2.9202869688534485,2.577761641983073,-0.23611232170351532,0,0,0,10.0,20.0,0.1,0.03,0.0,8.0,-0.08042453896029567
v4_potential,0,197,2.5150293650849918,2.482048843724987,-1.8017785072621708,2.2026934187996496,-3.8271164692121697,8.0,0,0,0,10.0,20.0,0.1,0.03,0.0,8.0,-0.1964447794836044
v4_potential,0,198,2.538514881396819,2.5150293650849918,-1.8017785072621708,1.632992712337668,1.6446327049089309,7.317260284996019,0,0,0,10.0,20.0,0.1,0.03,0.0,8.0,-0.10299606711416617
v4_potential,0,199,2.5622991325642555,2.538514881396819,-1.8017785072621708,2.3684015228917845,3.240983407271176,-7.389826145058471,0,0,0,10.0,20.0,0.1,0.03,0.0,8.0,-0.12103330700976334
v4_potential,0,200,2.5910620456277513,2.5622991325642555,-1.8017785072621708,2.5066745414747866,-0.9318231635131822,-1.5095833923123518,0,0,0,10.0,20.0,0.1,0.03,0.0,8.0,-0.020555735888901513
v4_potential,1,1,1.2261898951319892,1.2252173810774687,-1.2252173810774687,0.27584495356967487,-4.366393842962006,1.2732902476602819,0,0,0,10.0,20.0,0.1,0.03,0.0,8.0,0.015073597990710529
v4_potential,1,2,1.2302688636535206,1.2261898951319892,-1.2252173810774687,1.053838267397638,-4.907337993735488,5.711671416600774,0,0,0,10.0,20.0,0.1,0.03,0.0,8.0,-0.07229171253692968
v4_potential,1,3,1.236815093243022,1.2302688636535206,-1.2252173810774687,1.336325792081968,2.942853834024079,3.392777183244613,0,0,0,10.0,20.0,0.1,0.03,0.0,8.0,-0.01123304469250637
v4_potential,1,4,1.2448081137841378,1.236815093243022,-1.2252173810774687,1.9379418637643637,1.3179666056311545,5.577873252650528,0,0,0,10.0,20.0,0.1,0.03,0.0,8.0,-0.04342410900875862
v4_potential,1,5,1.2536755492010196,1.2448081137841378,-1.2252173810774687,1.825656812508558,-2.18019913619486,-1.67769869571026,0,0,0,10.0,20.0,0.1,0.03,0.0,8.0,0.0032107180015361787
v4_potential,1,6,1.2611361133004664,1.2536755492010196,-1.2252173810774687,1.384817707972493,2.1703259505941133,-2.9930161006219898,0,0,0,10.0,20.0,0.1,0.03,0.0,8.0,-0.0015829350530192528
v4_potential,1,7,1.2674827868189193,1.2611361133004664,-1.2252173810774687,1.3052524413341664,-4.082039764038836,-1.8467211457152328,0,0,0,10.0,20.0,0.1,0.03,0.0,8.0,-0.008506083501770956
v4_potential,1,8,1.272302651742512,1.2674827868189193,-1.2252173810774687,0.530675244489697,0.4018146071686854,-5.8684106643652685,0,0,0,10.0,20.0,0.1,0.03,0.0,8.0,-0.02968358943917762
v4_potential,1,9,1.2770028900340225,1.272302651742512,-1.2252173810774687,0.9999659534503614,-8.0,1.2013616344067697,0,0,0,10.0,20.0,0.1,0.03,0.0,8.0,-0.0905375865090998
v4_potential,1,10,1.2837160988723801,1.2770028900340225,-1.2252173810774687,1.2636461435477062,-2.238884995634224,1.3255669637274594,0,0,0,10.0,20.0,0.1,0.03,0.0,8.0,0.01708029315382765
v4_potential,1,11,1.2935849866886449,1.2837160988723801,-1.2252173810774687,2.525907310621932,-6.894284411566232,7.054280014719855,0,0,0,10.0,20.0,0.1,0.03,0.0,8.0,-0.179253237894173
v4_potential,1,12,1.3044773946344046,1.2935849866886449,-1.2252173810774687,2.078501476933229,5.815428844234894,-1.4870415267406356,0,0,0,10.0,20.0,0.1,0.03,0.0,8.0,-0.06129918028629955
v4_potential,1,13,1.3149377794120658,1.3044773946344046,-1.2252173810774687,3.1308193584628197,3.932300387790419,8.0,0,0,0,10.0,20.0,0.1,0.03,0.0,8.0,-0.14548100759733573
v4_potential,1,14,1.3253687118181243,1.3149377794120658,-1.2252173810774687,3.2777783567180276,8.0,3.0335813298703456,0,0,0,10.0,20.0,0.1,0.03,0.0,8.0,-0.1322914578092625
v4_potential,1,15,1.3328433808954867,1.3253687118181243,-1.2252173810774687,2.316210457672388,4.436592448532435,-4.45218527068634,0,0,0,10.0,20.0,0.1,0.03,0.0,8.0,-0.049741788819819846
v4_potential,1,16,1.338227119037657,1.3328433808954867,-1.2252173810774687,2.706162607700366,3.8158252191364883,3.233995846311803,0,0,0,10.0,20.0,0.1,0.03,0.0,8.0,-0.010045837232887982
v4_potential,1,17,1.3418630405955296,1.338227119037657,-1.2252173810774687,1.6571667055202666,2.635047865661129,-4.7412963977759155,0,0,0,10.0,20.0,0.1,0.03,0.0,8.0,-0.009933193331363131
v4_potential,1,18,1.3428251657243482,1.3418630405955296,-1.2252173810774687,0.29348933787736703,1.7493688928676732,-6.362039499194839,0,0,0,10.0,20.0,0.1,0.03,0.0,8.0,-0.024741043583172084
v4_potential,1,19,1.3431972650703494,1.3428251657243482,-1.2252173810774687,1.233992617928213,0.7095646101293144,4.993454754354708,0,0,0,10.0,20.0,0.1,0.03,0.0,8.0,0.014423221884040098
v4_potential,1,20,1.3444454662050258,1.3431972650703494,-1.2252173810774687,2.016925259773831,1.7144166800325769,4.400537346115306,0,0,0,10.0,20.0,0.1,0.03,0.0,8.0,0.01637336066221036
v4_potential,1,21,1.3454138276758496,1.3444454662050258,-1.2252173810774687,0.9299510195305046,-5.070656825573335,-6.684618590982859,0,0,0,10.0,20.0,0.1,0.03,0.0,8.0,-0.07836248866962034
v4_potential,1,22,1.3472085493985377,1.3454138276758496,-1.2252173810774687,3.063219458395896,-6.105939163433681,7.8927460905438,0,0,0,10.0,20.0,0.1,0.03,0.0,8.0,-0.14076904897820905
v4_potential,1,23,1.3498958139036117,1.3472085493985377,-1.2252173810774687,3.8217320686156944,-8.0,0.6650515435789885,0,0,0,10.0,20.0,0.1,0.03,0.0,8.0,-0.07482611894142274
v4_potential,1,24,1.3511819618433125,1.3498958139036117,-1.2252173810774687,4.650070092331248,-0.23876370148054138,3.162213068544107,0,0,0,10.0,20.0,0.1,0.03,0.0,8.0,0.041015159201630055
v4_potential,1,25,1.3494879544098597,1.3511819618433125,-1.2252173810774687,4.287265408850578,1.6937475991937905,-0.8809251182122698,0,0,0,10.0,20.0,0.1,0.03,0.0,8.0,0.06865481490041286
v4_potential,1,26,1.3465937895604638,1.3494879544098597,-1.2252173810774687,2.841794581559264,-8.0,-7.69583674291427,0,0,0,10.0,20.0,0.1,0.03,0.0,8.0,-0.16465129262217645
v4_potential,1,27,1.3431642781614983,1.3465937895604638,-1.2252173810774687,3.345761410086009,0.49837508671600894,2.167651995488436,0,0,0,10.0,20.0,0.1,0.03,0.0,8.0,0.07441158510169432
v4_potential,1,28,1.336424987205984,1.3431642781614983,-1.2252173810774687,4.59571475372278,-8.0,2.144222537869501,0,0,0,10.0,20.0,0.1,0.03,0.0,8.0,-0.03667767644594375
v4_potential,1,29,1.3283205736651784,1.336424987205984,-1.2252173810774687,2.851859435099781,2.794840315924875,-4.771085946481635,0,0,0,10.0,20.0,0.1,0.03,0.0,8.0,0.04578930938681957
v4_potential,1,30,1.3199873047995097,1.3283205736651784,-1.2252173810774687,3.2835522741170733,4.702574295000977,3.4292035768073257,0,0,0,10.0,20.0,0.1,0.03,0.0,8.0,0.0399184252259356
v4_potential,1,31,1.3104476771199456,1.3199873047995097,-1.2252173810774687,2.6140033604493653,-1.3734609157306024,-2.415654532281457,0,0,0,10.0,20.0,0.1,0.03,0.0,8.0,0.09777695884107442
v4_potential,1,32,1.2979086846723558,1.3104476771199456,-1.2252173810774687,3.891967251079215,2.6357308802841413,6.10005163055535,0,0,0,10.0,20.0,0.1,0.03,0.0,8.0,0.03927498213411866
v4_potential,1,33,1.275639979150702,1.2979086846723558,-1.2252173810774687,5.570141804986078,-4.0833275818510275,6.2797079612352,0,0,0,10.0,20.0,0.1,0.03,0.0,8.0,0.06290893412759138
v4_potential,1,34,1.2404447268787007,1.275639979150702,-1.2252173810774687,6.799534183876356,0.5996354655223544,7.404201396056381,0,0,0,10.0,20.0,0.1,0.03,0.0,8.0,0.12763497569419083
v4_potential,1,35,1.1898466364110734,1.2404447268787007,-1.2252173810774687,7.973663584189325,-6.065005303879213,7.073743223240689,0,0,0,10.0,20.0,0.1,0.03,0.0,8.0,0.13883851910983766
v4_potential,1,36,1.126705280186911,1.1898466364110734,-1.2252173810774687,7.656371608249276,3.782925618153056,3.8156366937283837,0,0,0,10.0,20.0,0.1,0.03,0.0,8.0,0.3143028259081462
v4_potential,1,37,1.0567648425597482,1.126705280186911,-1.2252173810774687,7.208944655932911,6.333310666076691,3.591350225394637,0,0,0,10.0,20.0,0.1,0.03,0.0,8.0,0.2965231893948356
v4_potential,1,38,0.9824076440191176,1.0567648425597482,-1.2252173810774687,6.8449064628474465,-6.244841757201203,-0.08781784670068385,0,0,0,10.0,20.0,0.1,0.03,0.0,8.0,0.3428948538107433
v4_potential,1,39,0.907361926109476,0.9824076440191176,-1.2252173810774687,6.152526624788873,-0.974668062924078,-2.121277356912636,0,0,0,10.0,20.0,0.1,0.03,0.0,8.0,0.40969709493801304
v4_potential,1,40,0.8341157492276964,0.907361926109476,-1.2252173810774687,5.564882940896211,2.8347242688266516,-1.3293631386225377,0,0,0,10.0,20.0,0.1,0.03,0.0,8.0,0.3883309358010763
v4_potential,1,41,0.7558867116890853,0.8341157492276964,-1.2252173810774687,6.084622900438038,-4.265504758480587,8.0,0,0,0,10.0,20.0,0.1,0.03,0.0,8.0,0.264550461588269
v4_potential,1,42,0.6729700128393848,0.7558867116890853,-1.2252173810774687,5.665143870244414,-6.3791468991582985,-2.911065411613524,0,0,0,10.0,20.0,0.1,0.03,0.0,8.0,0.34989636090700404
v4_potential,1,43,0.590972179176723,0.6729700128393848,-1.2252173810774687,5.44158243923948,-0.6643455600178095,0.2535594872049072,0,0,0,10.0,20.0,0.1,0.03,0.0,8.0,0.43852648239881137
v4_potential,1,44,0.5058804862278236,0.590972179176723,-1.2252173810774687,5.618629538290875,-5.550475487472963,4.237347383224147,0,0,0,10.0,20.0,0.1,0.03,0.0,8.0,0.3532267070895789
v4_potential,1,45,0.4168515362112099,0.5058804862278236,-1.2252173810774687,5.577610004874029,-0.6288877695421508,2.3109568820917588,0,0,0,10.0,20.0,0.1,0.03,0.0,8.0,0.4545152838184948
v4_potential,1,46,0.33206301126785165,0.4168515362112099,-1.2252173810774687,4.874525876057234,0.7600901050100678,-8.0,0,0,0,10.0,20.0,0.1,0.03,0.0,8.0,0.31139030134471546
v4_potential,1,47,0.2516609447255874,0.33206301126785165,-1.2252173810774687,5.000994603553254,1.788658005732279,4.3432331286487,0,0,0,10.0,20.0,0.1,0.03,0.0,8.0,0.370467437005077
v4_potential,1,48,0.17553960743489883,0.2516609447255874,-1.2252173810774687,4.883610763794426,-2.6111939419585863,-0.4595543544448359,0,0,0,10.0,20.0,0.1,0.03,0.0,8.0,0.37532461881076706
v4_potential,1,49,0.12055661875283685,0.17553960743489883,-1.2252173810774687,4.842451683965981,1.0802922910977277,0.9364238091898938,0,0,0,10.0,20.0,0.1,0.03,0.0,8.0,0.27685493237870595
v4_potential,1,50,0.12335754058991658,0.12055661875283685,-1.2252173810774687,4.925663206496669,-4.695948928804604,2.247980262838117,0,0,0,10.0,20.0,0.1,0.03,0.0,8.0,-0.06204743536400449
v4_potential,1,51,0.18633663423304053,0.12335754058991658,-1.2252173810774687,5.069944389447691,1.0435258568464876,3.398068249447264,0,0,0,10.0,20.0,0.1,0.03,0.0,8.0,-0.33085026458758526
v4_potential,1,52,0.26913018199284133,0.18633663423304053,-1.2252173810774687,4.558074036837121,-2.171723901405929,-8.0,0,0,0,10.0,20.0,0.1,0.03,0.0,8.0,-0.5379439991072374
v4_potential,1,53,0.35694760073566867,0.26913018199284133,-1.2252173810774687,4.80096913536013,3.362776889395833,4.1673998686583715,0,0,0,10.0,20.0,0.1,0.03,0.0,8.0,-0.47859069382365027
v4_potential,1,54,0.44698860357587056,0.35694760073566867,-1.2252173810774687,4.451264175147657,-7.201285073793584,-4.966051360812457,0,0,0,10.0,20.0,0.1,0.03,0.0,8.0,-0.580895929686755
v4_potential,1,55,0.5371535482758549,0.44698860357587056,-1.2252173810774687,4.670828185283978,8.0,2.440520190619124,0,0,0,10.0,20.0,0.1,0.03,0.0,8.0,-0.5638793236877682
v4_potential,1,56,0.6335331938330255,0.5371535482758549,-1.2252173810774687,4.979075674969722,-1.1311507223473916,4.729233167910927,0,0,0,10.0,20.0,0.1,0.03,0.0,8.0,-0.4975118647204735
v4_potential,1,57,0.7304265408480692,0.6335331938330255,-1.2252173810774687,4.747269059584376,2.052266687332303,-4.109106735770588,0,0,0,10.0,20.0,0.1,0.03,0.0,8.0,-0.49013852147659315
v4_potential,1,58,0.8269148888380727,0.7304265408480692,-1.2252173810774687,5.049437247138234,1.5704927017845933,4.023927849593783,0,0,0,10.0,20.0,0.1,0.03,0.0,8.0,-0.4784128808383042
v4_potential,1,59,0.9260597150212254,0.8269148888380727,-1.2252173810774687,5.223187486369967,5.199433878887727,1.3449668636379124,0,0,0,10.0,20.0,0.1,0.03,0.0,8.0,-0.5071072422151213
v4_potential,1,60,1.0251343184338488,0.9260597150212254,-1.2252173810774687,5.368315338299956,6.290086726216585,1.0060729858655113,0,0,0,10.0,20.0,0.1,0.03,0.0,8.0,-0.5252710488938533
v4_potential,1,61,1.119257419032287,1.0251343184338488,-1.2252173810774687,5.049654455337224,-4.528144955328998,-2.1276682367701056,0,0,0,10.0,20.0,0.1,0.03,0.0,8.0,-0.46471476976504006
v4_potential,1,62,1.2114584290825359,1.119257419032287,-1.2252173810774687,5.514679382553798,2.4761588234365894,7.838620919323817,0,0,0,10.0,20.0,0.1,0.03,0.0,8.0,-0.5355828096686046
v4_potential,1,63,1.3006137846504628,1.2114584290825359,-1.2252173810774687,5.133368893849618,1.1106275683526934,-4.346545018010596,0,0,0,10.0,20.0,0.1,0.03,0.0,8.0,-0.42099798298546676
v4_potential,1,64,1.383614455779243,1.3006137846504628,-1.2252173810774687,5.143462202476525,-3.063935367910177,2.1392752299199373,0,0,0,10.0,20.0,0.1,0.03,0.0,8.0,-0.37375102975109825
v4_potential,1,65,1.4650861929017995,1.383614455779243,-1.2252173810774687,5.303876561425353,-0.5099608466283212,3.9023767712955877,0,0,0,10.0,20.0,0.1,0.03,0.0,8.0,-0.36508158502817567
v4_potential,1,66,1.5457460611203488,1.4650861929017995,-1.2252173810774687,5.455811861524397,2.050818462472447,3.3390112026966663,0,0,0,10.0,20.0,0.1,0.03,0.0,8.0,-0.35672174239223264
v4_potential,1,67,1.621035158370542,1.5457460611203488,-1.2252173810774687,4.954276085421065,-4.160547099211841,-8.0,0,0,0,10.0,20.0,0.1,0.03,0.0,8.0,-0.4580140326619583
v4_potential,1,68,1.6915243924865615,1.621035158370542,-1.2252173810774687,5.11638888638256,1.822966587534468,2.7732840000220036,0,0,0,10.0,20.0,0.1,0.03,0.0,8.0,-0.2898985736038594
v4_potential,1,69,1.7609915241678533,1.6915243924865615,-1.2252173810774687,5.269433945657817,8.0,2.8461285069812923,0,0,0,10.0,20.0,0.1,0.03,0.0,8.0,-0.40348697715456894
v4_potential,1,70,1.8258630161478304,1.7609915241678533,-1.2252173810774687,4.850244863446693,-4.096078285682789,-8.0,0,0,0,10.0,20.0,0.1,0.03,0.0,8.0,-0.3946200237373786
v4_potential,1,71,1.8828071522899512,1.8258630161478304,-1.2252173810774687,4.355358017590999,3.802409752637291,-8.0,0,0,0,10.0,20.0,0.1,0.03,0.0,8.0,-0.3474969629500091
v4_potential,1,72,1.9351261806975188,1.8828071522899512,-1.2252173810774687,4.461799345088317,-0.34967913490021957,0.6952837625730014,0,0,0,10.0,20.0,0.1,0.03,0.0,8.0,-0.16605022301872713
v4_potential,1,73,1.9862478542471003,1.9351261806975188,-1.2252173810774687,4.524634181632194,0.5607533810594646,-0.013438804400446216,0,0,0,10.0,20.0,0.1,0.03,0.0,8.0,-0.15692522494721858
v4_potential,1,74,2.0354205054062917,1.9862478542471003,-1.2252173810774687,4.50885609901859,-1.6822657909839887,-1.7597107981198188,0,0,0,10.0,20.0,0.1,0.03,0.0,8.0,-0.15594543109471207
v4_potential,1,75,2.0842472032128363,2.0354205054062917,-1.2252173810774687,4.844079846808277,-8.0,1.2388434216066635,0,0,0,10.0,20.0,0.1,0.03,0.0,8.0,-0.2709905949185965
v4_potential,1,76,2.1314235576514267,2.0842472032128363,-1.2252173810774687,4.680448790990738,6.454814832153779,-1.941404610875345,0,0,0,10.0,20.0,0.1,0.03,0.0,8.0,-0.2201779670714221
v4_potential,1,77,2.177784431503166,2.1314235576514267,-1.2252173810774687,5.370136721186078,-2.51058946285187,5.754679772817153,0,0,0,10.0,20.0,0.1,0.03,0.0,8.0,-0.20175394516084516
v4_potential,1,78,2.2275420997988173,2.177784431503166,-1.2252173810774687,6.288691186495963,-4.954662140361144,6.225648205019806,0,0,0,10.0,20.0,0.1,0.03,0.0,8.0,-0.264025981483905
v4_potential,1,79,2.276650970945362,2.2275420997988173,-1.2252173810774687,6.347640039829032,-2.227104445245127,-2.84424527065339,0,0,0,10.0,20.0,0.1,0.03,0.0,8.0,-0.15781125792478462
v4_potential,1,80,2.3222771898449013,2.276650970945362,-1.2252173810774687,6.902190174621081,-2.6645350934124163,1.1310261118107916,0,0,0,10.0,20.0,0.1,0.03,0.0,8.0,-0.12877516966469876
v4_potential,1,81,2.3651839227010814,2.3222771898449013,-1.2252173810774687,7.590420773195461,-7.253316959708307,-0.18036780439381842,0,0,0,10.0,20.0,0.1,0.03,0.0,8.0,-0.2015607470715552
v4_potential,1,82,2.402013321689152,2.3651839227010814,-1.2252173810774687,7.359304138376221,-7.706665853709304,-6.937721498590898,0,0,0,10.0,20.0,0.1,0.03,0.0,8.0,-0.2790956852013743
v4_potential,1,83,2.429985657737271,2.402013321689152,-1.2252173810774687,7.215877936046667,3.2811178849005507,-2.158811377877983,0,0,0,10.0,20.0,0.1,0.03,0.0,8.0,-0.049214799633472195
v4_potential,1,84,2.4496295417268534,2.429985657737271,-1.2252173810774687,7.321626844713741,-5.135806490896136,-2.8903259716789464,0,0,0,10.0,20.0,0.1,0.03,0.0,8.0,-0.045198927930554356
v4_potential,1,85,2.460605353492252,2.4496295417268534,-1.2252173810774687,7.309935317537388,8.0,1.3138498536338856,0,0,0,10.0,20.0,0.1,0.03,0.0,8.0,-0.06330119402816761
v4_potential,1,86,2.462635513412783,2.460605353492252,-1.2252173810774687,7.086911618224867,-4.1095375485319385,-2.6463272219115255,0,0,0,10.0,20.0,0.1,0.03,0.0,8.0,0.06519828281153678
v4_potential,1,87,2.4586457427165787,2.462635513412783,-1.2252173810774687,4.871023232014628,1.116638040271576,-7.359169736474001,0,0,0,10.0,20.0,0.1,0.03,0.0,8.0,0.0320726211704179
v4_potential,1,88,2.4529296364323265,2.4586457427165787,-1.2252173810774687,3.9122032868849357,3.62083200333754,-1.776946224499105,0,0,0,10.0,20.0,0.1,0.03,0.0,8.0,0.1186910886805662
v4_potential,1,89,2.4424444944218053,2.4529296364323265,-1.2252173810774687,5.727606619599135,-3.0041862153921004,6.045868427412626,0,0,0,10.0,20.0,0.1,0.03,0.0,8.0,0.08339261505702321
v4_potential,1,90,2.420134598405811,2.4424444944218053,-1.2252173810774687,7.430883734466273,1.294464675181748,8.0,0,0,0,10.0,20.0,0.1,0.03,0.0,8.0,0.10120493240967415
v4_potential,1,91,2.3872324539060967,2.420134598405811,-1.2252173810774687,6.880104753250177,-1.7043017340062148,-0.5176624714371703,0,0,0,10.0,20.0,0.1,0.03,0.0,8.0,0.27752710752413423
v4_potential,1,92,2.352633228855721,2.3872324539060967,-1.2252173810774687,5.4261725715509534,5.690914084364964,-2.44850491928422,0,0,0,10.0,20.0,0.1,0.03,0.0,8.0,0.21386442778389875
v4_potential,1,93,2.321144587734982,2.352633228855721,-1.2252173810774687,4.300558336818834,5.211572037291953,-2.1955873715781484,0,0,0,10.0,20.0,0.1,0.03,0.0,8.0,0.20953826097821207
v4_potential,1,94,2.2962624380606376,2.321144587734982,-1.2252173810774687,2.9141762270274634,-1.9975518403655388,-6.908559201602075,0,0,0,10.0,20.0,0.1,0.03,0.0,8.0,0.1357870630807771
v4_potential,1,95,2.278133085185903,2.2962624380606376,-1.2252173810774687,2.3063981747423172,1.7548983098632374,-2.2208027164522077,0,0,0,10.0,20.0,0.1,0.03,0.0,8.0,0.18853015306624202
v4_potential,1,96,2.2598237636766028,2.278133085185903,-1.2252173810774687,2.706238201646003,-1.8907348404292714,2.451392913874675,0,0,0,10.0,20.0,0.1,0.03,0.0,8.0,0.18536938482031678
v4_potential,1,97,2.2424132672916692,2.2598237636766028,-1.2252173810774687,1.942071039800977,2.0293676075287586,-3.5751200685088,0,0,0,10.0,20.0,0.1,0.03,0.0,8.0,0.16537351250776816
v4_potential,1,98,2.2263728182617113,2.2424132672916692,-1.2252173810774687,2.284607770574484,-4.110851309338014,1.5042804859514922,0,0,0,10.0,20.0,0.1,0.03,0.0,8.0,0.1531969695270737
v4_potential,1,99,2.207326919599355,2.2263728182617113,-1.2252173810774687,2.540083415765629,-5.4066231134536915,0.7555615121824967,0,0,0,10.0,20.0,0.1,0.03,0.0,8.0,0.1459909459125037
v4_potential,1,100,2.187643242538116,2.207326919599355,-1.2252173810774687,2.3235903942993534,0.9234966029826549,-0.5908112355025144,0,0,0,10.0,20.0,0.1,0.03,0.0,8.0,0.20539673964966826
v4_potential,1,101,2.1659092309473666,2.187643242538116,-1.2252173810774687,2.8158467655064543,-5.884182887004185,2.7145853042054577,0,0,0,10.0,20.0,0.1,0.03,0.0,8.0,0.13298035625807103
v4_potential,1,102,2.140138325485168,2.1659092309473666,-1.2252173810774687,2.928460822801559,1.3781495354240938,2.2707463450669985,0,0,0,10.0,20.0,0.1,0.03,0.0,8.0,0.22175027337400285
v4_potential,1,103,2.1125936892198376,2.140138325485168,-1.2252173810774687,2.8535668279722826,3.2989862310933424,1.3386119087588861,0,0,0,10.0,20.0,0.1,0.03,0.0,8.0,0.2180024817972158
v4_potential,1,104,2.0899995171358534,2.1125936892198376,-1.2252173810774687,1.8887886755630794,2.7414844631213717,-7.032191041430637,0,0,0,10.0,20.0,0.1,0.03,0.0,8.0,0.1035359404672878
v4_potential,1,105,2.075749123115385,2.0899995171358534,-1.2252173810774687,1.3724334213391087,1.8679347482746744,-3.8251183209165327,0,0,0,10.0,20.0,0.1,0.03,0.0,8.0,0.13879800547246351
v4_potential,1,106,2.065788135225762,2.075749123115385,-1.2252173810774687,1.1390668373019328,1.382043108426123,-1.5444071716485637,0,0,0,10.0,20.0,0.1,0.03,0.0,8.0,0.14450387287862834
v4_potential,1,107,2.058851494660139,2.065788135225762,-1.2252173810774687,0.888006459746789,-0.4852640434185037,-2.4403839076116247,0,0,0,10.0,20.0,0.1,0.03,0.0,8.0,0.12524386794439407
v4_potential,1,108,2.051344167962069,2.058851494660139,-1.2252173810774687,1.2217634838417821,-0.7463410287806107,3.361267283441879,0,0,0,10.0,20.0,0.1,0.03,0.0,8.0,0.1163935565244965
v4_potential,1,109,2.045514321381285,2.051344167962069,-1.2252173810774687,0.6657843471492317,-0.2725297199293603,-5.716744448781563,0,0,0,10.0,20.0,0.1,0.03,0.0,8.0,0.06591406989114543
v4_potential,1,110,2.0455327700020582,2.045514321381285,-1.2252173810774687,0.5311253937151245,-5.996654245040055,-3.6175309807503475,0,0,0,10.0,20.0,0.1,0.03,0.0,8.0,0.004091610333745499
v4_potential,1,111,2.046344352226643,2.0455327700020582,-1.2252173810774687,0.7156826984721268,-3.5292060513552954,1.2687037898110283,0,0,0,10.0,20.0,0.1,0.03,0.0,8.0,0.07012949717000112
v4_potential,1,112,2.049230292891436,2.046344352226643,-1.2252173810774687,0.5172306102977873,-6.7577495718635125,-5.59260743371548,0,0,0,10.0,20.0,0.1,0.03,0.0,8.0,-0.06585706304673647
v4_potential,1,113,2.0555031783823003,2.049230292891436,-1.2252173810774687,0.5423881100998174,-2.737687339722456,-0.5900376130546034,0,0,0,10.0,20.0,0.1,0.03,0.0,8.0,0.05572457875500223
v4_potential,1,114,2.061757742218925,2.0555031783823003,-1.2252173810774687,0.4447795199003141,8.0,1.5851164139924792,0,0,0,10.0,20.0,0.1,0.03,0.0,8.0,-0.06121012016399385
v4_potential,1,115,2.0639839806290774,2.061757742218925,-1.2252173810774687,0.8375460234620057,-1.93686939884499,5.489257874987128,0,0,0,10.0,20.0,0.1,0.03,0.0,8.0,0.02430117680811157
v4_potential,1,116,2.064703650839583,2.0639839806290774,-1.2252173810774687,0.5773233503760529,0.2911380596623177,-3.204835125951617,0,0,0,10.0,20.0,0.1,0.03,0.0,8.0,0.07892537238081684
v4_potential,1,117,2.0685857792224485,2.064703650839583,-1.2252173810774687,0.5199689765114568,-1.2148411514981519,-1.4167238637129491,0,0,0,10.0,20.0,0.1,0.03,0.0,8.0,0.07705275598802097
v4_potential,1,118,2.0774717401637446,2.0685857792224485,-1.2252173810774687,0.5794309473310204,-2.1536171584873,-6.383884756947986,0,0,0,10.0,20.0,0.1,0.03,0.0,8.0,-0.03134032060894064
v4_potential,1,119,2.0893453706114418,2.0774717401637446,-1.2252173810774687,0.557386907684765,-8.0,0.5218139509214479,0,0,0,10.0,20.0,0.1,0.03,0.0,8.0,-0.08344546330666588
v4_potential,1,120,2.0983610601020515,2.0893453706114418,-1.2252173810774687,0.6009582624018979,-1.5435193854554767,2.534197978158858,0,0,0,10.0,20.0,0.1,0.03,0.0,8.0,0.04223038258049188
v4_potential,1,121,2.104273311115497,2.0983610601020515,-1.2252173810774687,0.6022131317301521,5.8585743428199155,2.9982358323495886,0,0,0,10.0,20.0,0.1,0.03,0.0,8.0,-0.01097221238491869
v4_potential,1,122,2.1134962367333108,2.104273311115497,-1.2252173810774687,0.6306911650696987,4.380983215854108,-6.245456298513468,0,0,0,10.0,20.0,0.1,0.03,0.0,8.0,-0.056837292880878285
v4_potential,1,123,2.129495249976669,2.1134962367333108,-1.2252173810774687,0.8873660564406335,-0.20252641217650427,-3.291499616446812,0,0,0,10.0,20.0,0.1,0.03,0.0,8.0,0.004729722936645187
v4_potential,1,124,2.152267847914516,2.129495249976669,-1.2252173810774687,1.6001263904674405,5.2460667090508535,-6.2533467935625415,0,0,0,10.0,20.0,0.1,0.03,0.0,8.0,-0.13950072136624955
v4_potential,1,125,2.179489022861929,2.152267847914516,-1.2252173810774687,1.5446352630812812,-8.0,-1.3086262451319446,0,0,0,10.0,20.0,0.1,0.03,0.0,8.0,-0.15855642889286528
v4_potential,1,126,2.2108307041191866,2.179489022861929,-1.2252173810774687,2.2638846560499855,0.9053947585627828,-6.474768570501602,0,0,0,10.0,20.0,0.1,0.03,0.0,8.0,-0.1316516065011053
v4_potential,1,127,2.2470447436520975,2.2108307041191866,-1.2252173810774687,2.4720955341939304,1.2912807118887342,-1.2021058460799168,0,0,0,10.0,20.0,0.1,0.03,0.0,8.0,-0.07494288916610067
v4_potential,1,128,2.2811181377564225,2.2470447436520975,-1.2252173810774687,2.0626214468287083,-4.746339372828394,2.600883814633186,0,0,0,10.0,20.0,0.1,0.03,0.0,8.0,-0.11489573175236648
v4_potential,1,129,2.314816036811754,2.2811181377564225,-1.2252173810774687,2.5493807357876337,-1.252221472081885,-4.102835249137457,0,0,0,10.0,20.0,0.1,0.03,0.0,8.0,-0.08955132482948652
v4_potential,1,130,2.34988222657971,2.314816036811754,-1.2252173810774687,2.565453764480179,5.6669166658121375,1.8513410672299226,0,0,0,10.0,20.0,0.1,0.03,0.0,8.0,-0.12891965399973682
v4_potential,1,131,2.386108587034293,2.34988222657971,-1.2252173810774687,3.0545735058631007,-5.244472164544434,-4.736040447615801,0,0,0,10.0,20.0,0.1,0.03,0.0,8.0,-0.16169550773346728
v4_potential,1,132,2.4244131199011214,2.386108587034293,-1.2252173810774687,3.2714884528267243,0.7893480784833348,-0.7582264842743839,0,0,0,10.0,20.0,0.1,0.03,0.0,8.0,-0.07269796392000791
v4_potential,1,133,2.4628737664793183,2.4244131199011214,-1.2252173810774687,3.5811791708321667,1.7101358839608032,-0.9339437567944803,0,0,0,10.0,20.0,0.1,0.03,0.0,8.0,-0.07675317593195058
v4_potential,1,134,2.5049755217075407,2.4628737664793183,-1.2252173810774687,4.660026909250903,-7.69220374052578,-8.0,0,0,0,10.0,20.0,0.1,0.03,0.0,8.0,-0.33159999682725116
v4_potential,1,135,2.552738622498874,2.5049755217075407,-1.2252173810774687,5.860955365696166,-4.8748433632887735,-6.809269870545093,0,0,0,10.0,20.0,0.1,0.03,0.0,8.0,-0.2514390808047503
v4_potential,1,136,2.60149782275907,2.552738622498874,-1.2252173810774687,6.732272431259041,4.00672667867914,-1.5516617347894905,0,0,0,10.0,20.0,0.1,0.03,0.0,8.0,-0.15064413579672353
v4_potential,1,137,2.644427987165519,2.60149782275907,-1.2252173810774687,6.577379169922347,-7.678235039127126,-0.7318989395955684,0,0,0,10.0,20.0,0.1,0.03,0.0,8.0,-0.20141136142168992
v4_potential,1,138,2.680185896706337,2.644427987165519,-1.2252173810774687,7.620198994374202,4.933719156023165,-1.87170529093474,0,0,0,10.0,20.0,0.1,0.03,0.0,8.0,-0.10046998368201847
v4_potential,1,139,2.706738177189715,2.680185896706337,-1.2252173810774687,7.730837311901441,7.456213192259027,1.7886695031892492,0,0,0,10.0,20.0,0.1,0.03,0.0,8.0,-0.1150134010775167
v4_potential,1,140,2.7211983548780427,2.706738177189715,-1.2252173810774687,7.137887082888586,3.4006020209245773,2.1190385971985037,0,0,0,10.0,20.0,0.1,0.03,0.0,8.0,0.031650191939997206
v4_potential,1,141,2.7253056093536463,2.7211983548780427,-1.2252173810774687,6.9931251816907585,-5.98890736750661,-3.0834966556545917,0,0,0,10.0,20.0,0.1,0.03,0.0,8.0,0.024979081925648447
v4_potential,1,142,2.7204506070344325,2.7253056093536463,-1.2252173810774687,6.927921191255607,-8.0,-4.616220092570017,0,0,0,10.0,20.0,0.1,0.03,0.0,8.0,-0.010321433938302815
v4_potential,1,143,2.708950654734782,2.7204506070344325,-1.2252173810774687,5.515553498362656,0.8072160663753551,4.22031356246246,0,0,0,10.0,20.0,0.1,0.03,0.0,8.0,0.15602200554835263
v4_potential,1,144,2.691825209170962,2.708950654734782,-1.2252173810774687,5.978295573437305,1.3475237836863532,-4.468080300751089,0,0,0,10.0,20.0,0.1,0.03,0.0,8.0,0.17665936443452745
v4_potential,1,145,2.669792788367067,2.691825209170962,-1.2252173810774687,4.960666380326211,4.5577504294091495,4.694004269815881,0,0,0,10.0,20.0,0.1,0.03,0.0,8.0,0.15803821331417134
v4_potential,1,146,2.643674471092589,2.669792788367067,-1.2252173810774687,5.350144735693037,2.7264600878758505,-4.253923121465588,0,0,0,10.0,20.0,0.1,0.03,0.0,8.0,0.2117164168587801
v4_potential,1,147,2.6150405567412944,2.643674471092589,-1.2252173810774687,4.237289567179429,6.926030655339906,7.682748356744594,0,0,0,10.0,20.0,0.1,0.03,0.0,8.0,0.059932553689996476
v4_potential,1,148,2.590964835968807,2.6150405567412944,-1.2252173810774687,3.0355834856646955,0.2500773092339715,8.0,0,0,0,10.0,20.0,0.1,0.03,0.0,8.0,0.12180176833968978
v4_potential,1,149,2.5664580406561734,2.590964835968807,-1.2252173810774687,3.7037513578366803,-2.3246470742755494,-7.745928940433592,0,0,0,10.0,20.0,0.1,0.03,0.0,8.0,0.12005008025560843
v4_potential,1,150,2.536716511224294,2.5664580406561734,-1.2252173810774687,3.756668710832931,-2.805257341850733,-2.9918261601796163,0,0,0,10.0,20.0,0.1,0.03,0.0,8.0,0.24190248766712677
v4_potential,1,151,2.503769054764802,2.536716511224294,-1.2252173810774687,3.836743257308315,-0.7316359800720241,-2.814382736050452,0,0,0,10.0,20.0,0.1,0.03,0.0,8.0,0.2730136522510714
v4_potential,1,152,2.4672509993927756,2.503769054764802,-1.2252173810774687,3.8938558696246792,7.432005765248985,-0.5809610370738635,0,0,0,10.0,20.0,0.1,0.03,0.0,8.0,0.1948083759871876
v4_potential,1,153,2.429600624838893,2.4672509993927756,-1.2252173810774687,3.5369811222540544,-3.7467637793015283,1.252856205245303,0,0,0,10.0,20.0,0.1,0.03,0.0,8.0,0.2785161290335438
v4_potential,1,154,2.3942243258513116,2.429600624838893,-1.2252173810774687,3.0960420832814304,-3.9242973457025383,2.7966602864453987,0,0,0,10.0,20.0,0.1,0.03,0.0,8.0,0.2501498743999346
v4_potential,1,155,2.363033106579626,2.3942243258513116,-1.2252173810774687,2.539813906111971,-1.3124707953363177,5.5027233009745125,0,0,0,10.0,20.0,0.1,0.03,0.0,8.0,0.21010266505601194
v4_potential,1,156,2.335409246180494,2.363033106579626,-1.2252173810774687,2.3270622476807543,-5.500078873376211,0.7847962517911289,0,0,0,10.0,20.0,0.1,0.03,0.0,8.0,0.19315621876431488
v4_potential,1,157,2.309975614696374,2.335409246180494,-1.2252173810774687,2.060231788679316,1.16408925926794,3.087767698406901,0,0,0,10.0,20.0,0.1,0.03,0.0,8.0,0.2208881118296842
v4_potential,1,158,2.2841099066146757,2.309975614696374,-1.2252173810774687,2.2555840999035537,-3.650768628608738,-4.172331104489676,0,0,0,10.0,20.0,0.1,0.03,0.0,8.0,0.1820611188889742
v4_potential,1,159,2.2590227933829423,2.2841099066146757,-1.2252173810774687,1.8522284307327772,0.5565278563268964,5.389247193704678,0,0,0,10.0,20.0,0.1,0.03,0.0,8.0,0.1796792886883702
v4_potential,1,160,2.235652722833287,2.2590227933829423,-1.2252173810774687,1.8804147497135342,6.085462698145774,-0.28059777814909365,0,0,0,10.0,20.0,0.1,0.03,0.0,8.0,0.15440980616268907
v4_potential,1,161,2.213489937637542,2.235652722833287,-1.2252173810774687,1.557474082704692,5.109359123770956,5.1735527881401335,0,0,0,10.0,20.0,0.1,0.03,0.0,8.0,0.11574602464593477
v4_potential,1,162,2.1941170744715675,2.213489937637542,-1.2252173810774687,1.4398228492357403,0.31767575578262947,1.5618529544685074,0,0,0,10.0,20.0,0.1,0.03,0.0,8.0,0.20148956447906238
v4_potential,1,163,2.1746006493689634,2.1941170744715675,-1.2252173810774687,1.5362530181512224,-2.7038597182891206,-2.2422540416188164,0,0,0,10.0,20.0,0.1,0.03,0.0,8.0,0.18163503685478485
v4_potential,1,164,2.1540471762935667,2.1746006493689634,-1.2252173810774687,1.5245735793710153,0.43517005448422597,-0.18185641021089094,0,0,0,10.0,20.0,0.1,0.03,0.0,8.0,0.2100248347311528
v4_potential,1,165,2.1360645362441892,2.1540471762935667,-1.2252173810774687,1.286124745014554,-7.467201940991542,4.090387178973741,0,0,0,10.0,20.0,0.1,0.03,0.0,8.0,0.05173568285617472
v4_potential,1,166,2.1225332756701016,2.1360645362441892,-1.2252173810774687,1.123789749201549,0.9545820879351388,3.395908882791724,0,0,0,10.0,20.0,0.1,0.03,0.0,8.0,0.14889611844828296
v4_potential,1,167,2.106798046725089,2.1225332756701016,-1.2252173810774687,1.472572987498726,-1.4342525612048211,-7.961700256286258,0,0,0,10.0,20.0,0.1,0.03,0.0,8.0,0.053124544300774706
v4_potential,1,168,2.0838191395530066,2.106798046725089,-1.2252173810774687,1.734477511394325,8.0,-5.240248781939536,0,0,0,10.0,20.0,0.1,0.03,0.0,8.0,0.03616507824482498
v4_potential,1,169,2.056071121597278,2.0838191395530066,-1.2252173810774687,1.8524181527559285,2.5543326158655755,-2.4266990810486595,0,0,0,10.0,20.0,0.1,0.03,0.0,8.0,0.21671667877363435
v4_potential,1,170,2.027638950595062,2.056071121597278,-1.2252173810774687,1.736836532869042,0.3409265841999483,1.6710545474588268,0,0,0,10.0,20.0,0.1,0.03,0.0,8.0,0.23772549406803847
v4_potential,1,171,2.0025207184681477,2.027638950595062,-1.2252173810774687,1.4805189249446025,-1.7461877634435488,4.576614855424832,0,0,0,10.0,20.0,0.1,0.03,0.0,8.0,0.17772804607778803
v4_potential,1,172,1.9793096088140818,2.0025207184681477,-1.2252173810774687,1.5106840438269427,1.8410720467043769,-1.0052337805164204,0,0,0,10.0,20.0,0.1,0.03,0.0,8.0,0.2062209462417381
v4_potential,1,173,1.9537611976115574,1.9793096088140818,-1.2252173810774687,1.6725760009795285,-1.9178897663442533,-3.3120294159954264,0,0,0,10.0,20.0,0.1,0.03,0.0,8.0,0.19613443587666635
v4_potential,1,174,1.9241517763504379,1.9537611976115574,-1.2252173810774687,1.8584456592904786,3.2003249337812063,-4.016542306018718,0,0,0,10.0,20.0,0.1,0.03,0.0,8.0,0.1915053115674798
v4_potential,1,175,1.8897738670177218,1.9241517763504379,-1.2252173810774687,2.0606333719069765,3.028737792123483,-4.149720864366174,0,0,0,10.0,20.0,0.1,0.03,0.0,8.0,0.21359136828328057
v4_potential,1,176,1.8519466948605543,1.8897738670177218,-1.2252173810774687,2.1365057713662856,-0.582599988941753,-1.605296155784153,0,0,0,10.0,20.0,0.1,0.03,0.0,8.0,0.27590039853908427
v4_potential,1,177,1.813701645346505,1.8519466948605543,-1.2252173810774687,2.0503888633742564,1.1178969742480167,1.254999071996734,0,0,0,10.0,20.0,0.1,0.03,0.0,8.0,0.2762608972060814
v4_potential,1,178,1.7752738920455022,1.813701645346505,-1.2252173810774687,2.1472413374527473,-6.805976659294595,-1.139660947629277,0,0,0,10.0,20.0,0.1,0.03,0.0,8.0,0.1856621703824604
v4_potential,1,179,1.7377049472969193,1.7752738920455022,-1.2252173810774687,1.9615471308623305,3.2094640740452465,2.893394344376995,0,0,0,10.0,20.0,0.1,0.03,0.0,8.0,0.2373851901584413
v4_potential,1,180,1.700603696592211,1.7377049472969193,-1.2252173810774687,2.057882301329085,0.6018257930709668,-2.0893217755968974,0,0,0,10.0,20.0,0.1,0.03,0.0,8.0,0.26108151881877506
v4_potential,1,181,1.6582063381434375,1.700603696592211,-1.2252173810774687,2.4349625579152545,-3.1999820217201687,-6.573531732191081,0,0,0,10.0,20.0,0.1,0.03,0.0,8.0,0.18799470040412808
v4_potential,1,182,1.61288221133136,1.6582063381434375,-1.2252173810774687,2.3709237316170295,-5.519259685165877,2.5294133273057655,0,0,0,10.0,20.0,0.1,0.03,0.0,8.0,0.23354442612165738
v4_potential,1,183,1.5677440441445287,1.61288221133136,-1.2252173810774687,2.4908620478919787,-3.5078841918540165,-1.3285956906680825,0,0,0,10.0,20.0,0.1,0.03,0.0,8.0,0.2759372021159399
v4_potential,1,184,1.5214495505675967,1.5677440441445287,-1.2252173810774687,2.476642762372043,4.029652568678313,-0.9370354586374859,0,0,0,10.0,20.0,0.1,0.03,0.0,8.0,0.2733126748630403
v4_potential,1,185,1.478201929104524,1.5214495505675967,-1.2252173810774687,2.2586196690755136,-2.1278082791962034,5.214486508307602,0,0,0,10.0,20.0,0.1,0.03,0.0,8.0,0.22671132853391351
v4_potential,1,186,1.438668608475553,1.478201929104524,-1.2252173810774687,2.242470428572517,-0.3068233489367126,0.4873255045277234,0,0,0,10.0,20.0,0.1,0.03,0.0,8.0,0.2689367801390014
v4_potential,1,187,1.3975500356199682,1.438668608475553,-1.2252173810774687,2.459424171263984,-2.257649938974772,-3.450400861202531,0,0,0,10.0,20.0,0.1,0.03,0.0,8.0,0.24146586735904202
v4_potential,1,188,1.3539462099421113,1.3975500356199682,-1.2252173810774687,2.5525471073000765,-2.0757525664454173,-0.8562029478093208,0,0,0,10.0,20.0,0.1,0.03,0.0,8.0,0.2756327744765055
v4_potential,1,189,1.3112889506069274,1.3539462099421113,-1.2252173810774687,2.4674932063387884,1.9814269060504373,0.8168579723456515,0,0,0,10.0,20.0,0.1,0.03,0.0,8.0,0.2696641251442555
v4_potential,1,190,1.2738152032064995,1.3112889506069274,-1.2252173810774687,2.1607713551736083,3.7104066163053915,4.4179504837133265,0,0,0,10.0,20.0,0.1,0.03,0.0,8.0,0.1844886896927334
v4_potential,1,191,1.2412070775972448,1.2738152032064995,-1.2252173810774687,2.0662866319575772,3.406248008115625,-0.04818493452611928,0,0,0,10.0,20.0,0.1,0.03,0.0,8.0,0.20189128736472237
v4_potential,1,192,1.2107970045127254,1.2412070775972448,-1.2252173810774687,2.027604319570979,-0.7365643218781612,1.2231120621398688,0,0,0,10.0,20.0,0.1,0.03,0.0,8.0,0.20851315541460114
v4_potential,1,193,1.1827890052948034,1.2107970045127254,-1.2252173810774687,2.0179918035059674,-2.6947979608183843,1.931317837540722,0,0,0,10.0,20.0,0.1,0.03,0.0,8.0,0.1771955970758828
v4_potential,1,194,1.1546089036252873,1.1827890052948034,-1.2252173810774687,2.273217415884189,-6.208150369016416,-1.6919433968890076,0,0,0,10.0,20.0,0.1,0.03,0.0,8.0,0.11582334660365445
v4_potential,1,195,1.1226098068767596,1.1546089036252873,-1.2252173810774687,2.6326706500440333,-5.5619047559587695,-4.297346594649913,0,0,0,10.0,20.0,0.1,0.03,0.0,8.0,0.11732202954866429
v4_potential,1,196,1.092917004828792,1.1226098068767596,-1.2252173810774687,2.288811344673295,2.509478430584579,5.854213868332816,0,0,0,10.0,20.0,0.1,0.03,0.0,8.0,0.12197125646177852
v4_potential,1,197,1.06636838539883,1.092917004828792,-1.2252173810774687,2.6040408573410074,-7.519714410650019,-1.889344007267157,0,0,0,10.0,20.0,0.1,0.03,0.0,8.0,0.06583006522868434
v4_potential,1,198,1.0363922718873737,1.06636838539883,-1.2252173810774687,2.9277826874748745,0.8871691769908505,-8.0,0,0,0,10.0,20.0,0.1,0.03,0.0,8.0,0.07212604285444418
v4_potential,1,199,1.0037020908127912,1.0363922718873737,-1.2252173810774687,3.3425113582186206,-3.714826813939064,-5.788732936126304,0,0,0,10.0,20.0,0.1,0.03,0.0,8.0,0.11901727538684434
v4_potential,1,200,0.9752058617486301,1.0037020908127912,-1.2252173810774687,2.9814528778771026,8.0,1.4765499913578652,0,0,0,10.0,20.0,0.1,0.03,0.0,8.0,0.05888103865427888
v4_potential,2,1,1.9770978476012058,1.9782916122103613,-1.9782916122103613,0.645706848561453,-6.520934457245149,-5.549614019645337,0,0,0,10.0,20.0,0.1,0.03,0.0,8.0,-0.041817888499624284
v4_potential,2,2,1.9738278965641007,1.9770978476012058,-1.9782916122103613,1.0071037988845075,1.5541746385039579,-1.6328888291160228,0,0,0,10.0,20.0,0.1,0.03,0.0,8.0,0.10487758054328888
v4_potential,2,3,1.9664528384485156,1.9738278965641007,-1.9782916122103613,2.344599553598215,-0.41224931978949747,-8.0,0,0,0,10.0,20.0,0.1,0.03,0.0,8.0,0.006858033497017801
v4_potential,2,4,1.954865353989312,1.9664528384485156,-1.9782916122103613,2.4498418831154942,6.592762709993524,0.7939323077721223,0,0,0,10.0,20.0,0.1,0.03,0.0,8.0,0.0674909926762733
v4_potential,2,5,1.9419339754836837,1.954865353989312,-1.9782916122103613,2.3937152513449393,4.09121955527473,0.9613579544341745,0,0,0,10.0,20.0,0.1,0.03,0.0,8.0,0.12642901817029248
v4_potential,2,6,1.9271326571284533,1.9419339754836837,-1.9782916122103613,2.6916578270132545,3.7048692110842225,-1.5229282994429765,0,0,0,10.0,20.0,0.1,0.03,0.0,8.0,0.1382724916796066
v4_potential,2,7,1.90943634010914,1.9271326571284533,-1.9782916122103613,3.0227753286427292,-8.0,-5.593575210473743,0,0,0,10.0,20.0,0.1,0.03,0.0,8.0,-0.006622765168429912
v4_potential,2,8,1.892715630843049,1.90943634010914,-1.9782916122103613,2.1229566170986707,-1.8005977841571585,5.259888184387626,0,0,0,10.0,20.0,0.1,0.03,0.0,8.0,0.11642217568746352
v4_potential,2,9,1.875574098152111,1.892715630843049,-1.9782916122103613,2.7794337463608305,8.0,-3.386735567074245,0,0,0,10.0,20.0,0.1,0.03,0.0,8.0,0.02854641275972461
v4_potential,2,10,1.8513609079045985,1.875574098152111,-1.9782916122103613,3.6816178573015446,1.6920642029257893,-8.0,0,0,0,10.0,20.0,0.1,0.03,0.0,8.0,0.07990783409914692
v4_potential,2,11,1.8182656978178198,1.8513609079045985,-1.9782916122103613,4.5363296235943205,4.406215891935098,-8.0,0,0,0,10.0,20.0,0.1,0.03,0.0,8.0,0.08955985835210198
v4_potential,2,12,1.7823357951703782,1.8182656978178198,-1.9782916122103613,3.7977783767509625,-2.129852206896448,4.420790781638537,0,0,0,10.0,20.0,0.1,0.03,0.0,8.0,0.2206069798792427
v4_potential,2,13,1.7477904505670694,1.7823357951703782,-1.9782916122103613,3.671435050132769,8.0,1.8962262072663734,0,0,0,10.0,20.0,0.1,0.03,0.0,8.0,0.12492489788665037
v4_potential,2,14,1.7108633775161877,1.7477904505670694,-1.9782916122103613,3.8604680700242042,-2.085804672924676,-4.234385600562472,0,0,0,10.0,20.0,0.1,0.03,0.0,8.0,0.2256173290345272
v4_potential,2,15,1.6724358655438807,1.7108633775161877,-1.9782916122103613,3.6275607038952837,-2.076342304920441,0.46711067206568074,0,0,0,10.0,20.0,0.1,0.03,0.0,8.0,0.26670057364440924
v4_potential,2,16,1.635211735756277,1.6724358655438807,-1.9782916122103613,3.2910198771996955,5.1359228764531615,3.938731002835268,0,0,0,10.0,20.0,0.1,0.03,0.0,8.0,0.18409862431469073
v4_potential,2,17,1.597185237733053,1.635211735756277,-1.9782916122103613,3.462845752606733,3.084304633409648,-2.726062234962539,0,0,0,10.0,20.0,0.1,0.03,0.0,8.0,0.23610305124164935
v4_potential,2,18,1.55689823194346,1.597185237733053,-1.9782916122103613,3.425578276399364,3.1590581679450933,-0.11619704125278747,0,0,0,10.0,20.0,0.1,0.03,0.0,8.0,0.2592936400234255
v4_potential,2,19,1.5126088573673957,1.55689823194346,-1.9782916122103613,3.8894537593527545,-0.7031053389216813,-8.0,0,0,0,10.0,20.0,0.1,0.03,0.0,8.0,0.16808860151345134
v4_potential,2,20,1.4645238175404234,1.5126088573673957,-1.9782916122103613,3.8151009775179743,-0.3009680406168653,-0.588104569178005,0,0,0,10.0,20.0,0.1,0.03,0.0,8.0,0.31277849252036155
v4_potential,2,21,1.4163646285529752,1.4645238175404234,-1.9782916122103613,3.659180119833367,0.6447799739264369,0.996638987083015,0,0,0,10.0,20.0,0.1,0.03,0.0,8.0,0.30879611539418855
v4_potential,2,22,1.3683392181420841,1.4163646285529752,-1.9782916122103613,3.608515177281976,-6.1097851043275355,-1.6643472005000208,0,0,0,10.0,20.0,0.1,0.03,0.0,8.0,0.2283449617118093
v4_potential,2,23,1.3221354090203377,1.3683392181420841,-1.9782916122103613,3.228269479356399,0.5381858723471713,4.949326288965566,0,0,0,10.0,20.0,0.1,0.03,0.0,8.0,0.24755486656406947
v4_potential,2,24,1.2806408489253793,1.3221354090203377,-1.9782916122103613,2.774234859269027,-1.9461509297330797,6.134545233467949,0,0,0,10.0,20.0,0.1,0.03,0.0,8.0,0.1886645455955304
v4_potential,2,25,1.2445890836085078,1.2806408489253793,-1.9782916122103613,2.3126611055271256,7.50028893867524,8.0,0,0,0,10.0,20.0,0.1,0.03,0.0,8.0,0.0019796124375549007
v4_potential,2,26,1.21160354121545,1.2445890836085078,-1.9782916122103613,2.2269168092638654,3.545241558811434,1.4272031041877555,0,0,0,10.0,20.0,0.1,0.03,0.0,8.0,0.19629659620420822
v4_potential,2,27,1.1758666967237479,1.21160354121545,-1.9782916122103613,2.619476556503947,4.880382682709196,-6.498371090021573,0,0,0,10.0,20.0,0.1,0.03,0.0,8.0,0.10538363338806661
v4_potential,2,28,1.135686778289475,1.1758666967237479,-1.9782916122103613,2.778793740146972,-1.068588537207979,-3.4535125011303793,0,0,0,10.0,20.0,0.1,0.03,0.0,8.0,0.2315466709712059
v4_potential,2,29,1.0928339302956231,1.135686778289475,-1.9782916122103613,2.9131217547825226,4.284375951602649,-2.478539389166668,0,0,0,10.0,20.0,0.1,0.03,0.0,8.0,0.21990786688739716
v4_potential,2,30,1.0470812259470457,1.0928339302956231,-1.9782916122103613,3.0971870671739143,0.7021986596765136,-3.7242708598125103,0,0,0,10.0,20.0,0.1,0.03,0.0,8.0,0.25239103025043996
v4_potential,2,31,0.999918571000466,1.0470812259470457,-1.9782916122103613,3.051895273922753,-2.9575694790280935,0.05283003918753931,0,0,0,10.0,20.0,0.1,0.03,0.0,8.0,0.2683091868102837
v4_potential,2,32,0.9531321919968122,0.999918571000466,-1.9782916122103613,3.00481055782165,-0.8795252698855732,0.3191397433309759,0,0,0,10.0,20.0,0.1,0.03,0.0,8.0,0.27983767486582806
v4_potential,2,33,0.9056431815065258,0.9531321919968122,-1.9782916122103613,3.110231698017463,-1.3563341756288114,-2.1511427629257676,0,0,0,10.0,20.0,0.1,0.03,0.0,8.0,0.26979309636182497
v4_potential,2,34,0.8573805784054492,0.9056431815065258,-1.9782916122103613,3.1072275342158386,-6.324623410906837,0.08324155967941371,0,0,0,10.0,20.0,0.1,0.03,0.0,8.0,0.204166463531558
v4_potential,2,35,0.808940836787347,0.8573805784054492,-1.9782916122103613,3.1800894911583546,-7.698257505020549,-0.5113835073337081,0,0,0,10.0,20.0,0.1,0.03,0.0,8.0,0.16359638651952274
v4_potential,2,36,0.7620665613315889,0.808940836787347,-1.9782916122103613,2.888126853756509,2.722749358329948,4.259457240022525,0,0,0,10.0,20.0,0.1,0.03,0.0,8.0,0.22136202524963677
v4_potential,2,37,0.7154071713593172,0.7620665613315889,-1.9782916122103613,3.1566367755656732,-5.72252597280129,-3.198947761839162,0,0,0,10.0,20.0,0.1,0.03,0.0,8.0,0.1831061678446021
v4_potential,2,38,0.6676515641452622,0.7154071713593172,-1.9782916122103613,2.995886325790656,7.264776839309551,1.0803122873830158,0,0,0,10.0,20.0,0.1,0.03,0.0,8.0,0.16427249995106005
v4_potential,2,39,0.6197546797504575,0.6676515641452622,-1.9782916122103613,3.105398739529265,2.9184252227053364,-2.2840034166371663,0,0,0,10.0,20.0,0.1,0.03,0.0,8.0,0.2430044011860805
v4_potential,2,40,0.5721470837724485,0.6197546797504575,-1.9782916122103613,2.948606128857621,2.210032975342553,1.8133709566148117,0,0,0,10.0,20.0,0.1,0.03,0.0,8.0,0.25030021412187614
v4_potential,2,41,0.5281602378670703,0.5721470837724485,-1.9782916122103613,2.658887411732948,4.020551444279046,3.394485889721166,0,0,0,10.0,20.0,0.1,0.03,0.0,8.0,0.19096750467702345
v4_potential,2,42,0.4893261958887386,0.5281602378670703,-1.9782916122103613,2.370324458603479,5.992387796909255,3.238351235957181,0,0,0,10.0,20.0,0.1,0.03,0.0,8.0,0.12584525921415096
v4_potential,2,43,0.4500309514947527,0.4893261958887386,-1.9782916122103613,2.8429850682267954,-3.714214053023604,-6.834193928494232,0,0,0,10.0,20.0,0.1,0.03,0.0,8.0,0.09797458417677618
v4_potential,2,44,0.41266500424158814,0.4500309514947527,-1.9782916122103613,2.281028408549914,2.0147444825550607,8.0,0,0,0,10.0,20.0,0.1,0.03,0.0,8.0,0.07134459581792996
v4_potential,2,45,0.38155497428486934,0.41266500424158814,-1.9782916122103613,2.196178691336422,-6.058495559601161,2.1254961031510273,0,0,0,10.0,20.0,0.1,0.03,0.0,8.0,0.09218169423740312
v4_potential,2,46,0.34923658908356936,0.38155497428486934,-1.9782916122103613,2.6417433750841837,-5.452140916840958,-5.743587341293836,0,0,0,10.0,20.0,0.1,0.03,0.0,8.0,0.053624483212353996
v4_potential,2,47,0.3134784839174996,0.34923658908356936,-1.9782916122103613,3.09070940881865,3.330673699881448,-7.805608301651319,0,0,0,10.0,20.0,0.1,0.03,0.0,8.0,0.050422633518443866
v4_potential,2,48,0.27982961682090896,0.3134784839174996,-1.9782916122103613,3.0710602339478457,-1.339222433496688,0.10069014653148474,0,0,0,10.0,20.0,0.1,0.03,0.0,8.0,0.17862850586002008
v4_potential,2,49,0.25247325655835723,0.27982961682090896,-1.9782916122103613,3.1969042068931754,-4.5058843018507595,-1.4572562055219798,0,0,0,10.0,20.0,0.1,0.03,0.0,8.0,0.10455228616028168
v4_potential,2,50,0.23394393083672171,0.25247325655835723,-1.9782916122103613,3.382073435828835,0.42988029012722934,-3.590061179048373,0,0,0,10.0,20.0,0.1,0.03,0.0,8.0,0.07819715248371353
v4_potential,2,51,0.22908092436535468,0.23394393083672171,-1.9782916122103613,3.550524512290457,0.27368999822621515,-3.4201266028404214,0,0,0,10.0,20.0,0.1,0.03,0.0,8.0,0.01222473418593124
v4_potential,2,52,0.2412039442835942,0.22908092436535468,-1.9782916122103613,3.469301083141388,4.631360372714794,-0.1248942219821691,0,0,0,10.0,20.0,0.1,0.03,0.0,8.0,-0.09148509731429283
v4_potential,2,53,0.26973257328400735,0.2412039442835942,-1.9782916122103613,3.9365681105576944,-2.108672706013401,-8.0,1,0,0,10.0,20.0,0.1,0.03,0.0,8.0,-30.266049517500036
v4_potential,3,1,1.7970501587440422,1.8017785072621708,-1.8017785072621708,0.5178605312094436,-8.0,-8.0,0,0,0,10.0,20.0,0.1,0.03,0.0,8.0,-0.14250574947215422
v4_potential,3,2,1.7828987563781633,1.7970501587440422,-1.8017785072621708,1.0237757594186239,-8.0,-8.0,0,0,0,10.0,20.0,0.1,0.03,0.0,8.0,-0.09609805035169772
v4_potential,3,3,1.7600971510497476,1.7828987563781633,-1.8017785072621708,1.4167166399125122,-8.0,-6.8440542786024166,0,0,0,10.0,20.0,0.1,0.03,0.0,8.0,-0.01966927374234645
v4_potential,3,4,1.7311988444809079,1.7600971510497476,-1.8017785072621708,1.5656368920363475,-8.0,-3.9940821054405102,0,0,0,10.0,20.0,0.1,0.03,0.0,8.0,0.07114609133824443
v4_potential,3,5,1.698920350514105,1.7311988444809079,-1.8017785072621708,1.5966726256151953,-8.0,-2.500391420403462,0,0,0,10.0,20.0,0.1,0.03,0.0,8.0,0.10583457284926515
v4_potential,3,6,1.664639149737753,1.698920350514105,-1.8017785072621708,1.5753116386624857,-8.0,-1.7104039123010182,0,0,0,10.0,20.0,0.1,0.03,0.0,8.0,0.12078699828221853
v4_potential,3,7,1.6290473780278092,1.664639149737753,-1.8017785072621708,1.5358047341174978,-8.0,-1.2918060549939892,0,0,0,10.0,20.0,0.1,0.03,0.0,8.0,0.12807370168367127
v4_potential,3,8,1.592482428769112,1.6290473780278092,-1.8017785072621708,1.496640131339814,-8.0,-1.0767592279808902,0,0,0,10.0,20.0,0.1,0.03,0.0,8.0,0.13213004686185742
v4_potential,3,9,1.5550938812090613,1.592482428769112,-1.8017785072621708,1.4680976769770095,-8.0,-0.9795868930295377,0,0,0,10.0,20.0,0.1,0.03,0.0,8.0,0.13477825089871598
v4_potential,3,10,1.5169290796750794,1.5550938812090613,-1.8017785072621708,1.4558101292788455,-8.0,-0.9557439715621889,0,0,0,10.0,20.0,0.1,0.03,0.0,8.0,0.13684356857530922
v4_potential,3,11,1.4779780288454447,1.5169290796750794,-1.8017785072621708,1.46244082478863,-8.0,-0.9815732739529706,0,0,0,10.0,20.0,0.1,0.03,0.0,8.0,0.13872718340616785
v4_potential,3,12,1.438197604191706,1.4779780288454447,-1.8017785072621708,1.488566698541596,-8.0,-1.0442208589740893,0,0,0,10.0,20.0,0.1,0.03,0.0,8.0,0.14063120907364587
v4_potential,3,13,1.397525038946968,1.438197604191706,-1.8017785072621708,1.5332911016953548,-8.0,-1.136521215973664,0,0,0,10.0,20.0,0.1,0.03,0.0,8.0,0.14265571722232157
v4_potential,3,14,1.355885750912235,1.397525038946968,-1.8017785072621708,1.5947757761201309,-8.0,-1.2543479910778395,0,0,0,10.0,20.0,0.1,0.03,0.0,8.0,0.14484394995383434
v4_potential,3,15,1.3131981456837467,1.355885750912235,-1.8017785072621708,1.6707044096617152,-8.0,-1.3952118012646109,0,0,0,10.0,20.0,0.1,0.03,0.0,8.0,0.14720470148585363
v4_potential,3,16,1.2693768077529448,1.3131981456837467,-1.8017785072621708,1.758639355629901,-8.0,-1.5575024331991845,0,0,0,10.0,20.0,0.1,0.03,0.0,8.0,0.1497239023828138
v4_potential,3,17,1.224334861312211,1.2693768077529448,-1.8017785072621708,1.8562531823138535,-8.0,-1.7400713463511197,0,0,0,10.0,20.0,0.1,0.03,0.0,8.0,0.15237077868849583
v4_potential,3,18,1.1779859555355248,1.224334861312211,-1.8017785072621708,1.9614498481373146,-8.0,-1.9419978536150082,0,0,0,10.0,20.0,0.1,0.03,0.0,8.0,0.15510111533331677
v4_potential,3,19,1.1302733593278813,1.1779859555355248,-1.8017785072621708,2.064466743236789,-7.355070098685781,-2.1624566273066073,0,0,0,10.0,20.0,0.1,0.03,0.0,8.0,0.17753009936148298
v4_potential,3,20,1.0812316674131428,1.1302733593278813,-1.8017785072621708,2.1511996899788466,-5.8271504645388905,-2.3559824746279117,0,0,0,10.0,20.0,0.1,0.03,0.0,8.0,0.22025737103009022
v4_potential,3,21,1.0309946523854931,1.0812316674131428,-1.8017785072621708,2.22030159143795,-4.402105986879292,-2.4709167147143023,0,0,0,10.0,20.0,0.1,0.03,0.0,8.0,0.2517668746959771
v4_potential,3,22,0.9797553488879049,1.0309946523854931,-1.8017785072621708,2.2717620378289256,-3.0762950392824457,-2.5301090820511165,0,0,0,10.0,20.0,0.1,0.03,0.0,8.0,0.27345419866075343
v4_potential,3,23,0.9277398451580943,0.9797553488879049,-1.8017785072621708,2.3062045121053267,-1.8474194600605056,-2.5463723884528817,0,0,0,10.0,20.0,0.1,0.03,0.0,8.0,0.2866705689027871
v4_potential,3,24,0.8751916313119762,0.9277398451580943,-1.8017785072621708,2.3245754430182095,-0.7135975432057418,-2.527080885146454,0,0,0,10.0,20.0,0.1,0.03,0.0,8.0,0.29270993228870557
v4_potential,3,25,0.8223620251971507,0.8751916313119762,-1.8017785072621708,2.3279915578127808,0.32709854401263705,-2.47682560404122,0,0,0,10.0,20.0,0.1,0.03,0.0,8.0,0.2927828147733263
v4_potential,3,26,0.7695040864580514,0.8223620251971507,-1.8017785072621708,2.3176546869780736,1.2768418045377654,-2.3989254983567503,0,0,0,10.0,20.0,0.1,0.03,0.0,8.0,0.2879945609374366
v4_potential,3,27,0.7168685263899901,0.7695040864580514,-1.8017785072621708,2.2947979221044927,2.1381036716414688,-2.296254525028943,0,0,0,10.0,20.0,0.1,0.03,0.0,8.0,0.27933268235100056
v4_potential,3,28,0.6647007708246422,0.7168685263899901,-1.8017785072621708,2.2606485782716064,2.9136321694293894,-2.1716583410470633,0,0,0,10.0,20.0,0.1,0.03,0.0,8.0,0.2676631116300256
v4_potential,3,29,0.6132387240403088,0.6647007708246422,-1.8017785072621708,2.216401969878791,3.6063974085629855,-2.0281276203506793,0,0,0,10.0,20.0,0.1,0.03,0.0,8.0,0.2537333622978443
v4_potential,3,30,0.562711020242957,0.6132387240403088,-1.8017785072621708,2.163203326284216,4.219529206691902,-1.8688317243438366,0,0,0,10.0,20.0,0.1,0.03,0.0,8.0,0.23818015251882652
v4_potential,3,31,0.5133356990159388,0.562711020242957,-1.8017785072621708,2.1021363610795514,4.756260370936685,-1.6970775928622368,0,0,0,10.0,20.0,0.1,0.03,0.0,8.0,0.2215392209412125
v4_potential,3,32,0.4653193431463375,0.5133356990159388,-1.8017785072621708,2.0342173624013897,5.219881999384306,-1.5162341031381144,0,0,0,10.0,20.0,0.1,0.03,0.0,8.0,0.2042554786192926
v4_potential,3,33,0.41885680170470746,0.4653193431463375,-1.8017785072621708,1.9603937412948405,5.61371267119217,-1.3296462020526905,0,0,0,10.0,20.0,0.1,0.03,0.0,8.0,0.18669208933871229
v4_potential,3,34,0.37413171668382356,0.41885680170470746,-1.8017785072621708,1.881545988403114,5.941080723081113,-1.1405527035365006,0,0,0,10.0,20.0,0.1,0.03,0.0,8.0,0.16913740968318985
v4_potential,3,35,0.33131821382846083,0.37413171668382356,-1.8017785072621708,1.7984920297051816,6.205317363687017,-0.952014897938156,0,0,0,10.0,20.0,0.1,0.03,0.0,8.0,0.1518088330682932
v4_potential,3,36,0.2905843649080617,0.33131821382846083,-1.8017785072621708,1.711993058935847,6.40975774550453,-0.7668588766687008,0,0,0,10.0,20.0,0.1,0.03,0.0,8.0,0.13485232906183695
v4_potential,3,37,0.2520984840433237,0.2905843649080617,-1.8017785072621708,1.622760050426837,6.557747006825165,-0.5876319522337816,0,0,0,10.0,20.0,0.1,0.03,0.0,8.0,0.1183356142922353
v4_potential,3,38,0.21604018419693397,0.2520984840433237,-1.8017785072621708,1.5314603059066494,6.652648509256974,-0.41657219835275106,0,0,0,10.0,20.0,0.1,0.03,0.0,8.0,0.10223097927347632
v4_potential,3,39,0.182619763495072,0.21604018419693397,-1.8017785072621708,1.438723547195314,6.697851889702905,-0.2555895437599487,0,0,0,10.0,20.0,0.1,0.03,0.0,8.0,0.08637999978151109
v4_potential,3,40,0.15211250081833494,0.182619763495072,-1.8017785072621708,1.3451472225604608,6.696779025385389,-0.10625673025912707,0,0,0,10.0,20.0,0.1,0.03,0.0,8.0,0.070425658809468
v4_potential,3,41,0.12491906788263117,0.15211250081833494,-1.8017785072621708,1.2513008414099502,6.652886516525605,0.030191422799700884,0,0,0,10.0,20.0,0.1,0.03,0.0,8.0,0.05368949702509267
v4_potential,3,42,0.10166522100171049,0.12491906788263117,-1.8017785072621708,1.1577292881713324,6.569663786559582,0.15285176685682833,0,0,0,10.0,20.0,0.1,0.03,0.0,8.0,0.03498480359256165
v4_potential,3,43,0.08332453531376284,0.10166522100171049,-1.8017785072621708,1.0649551939263573,6.450626362045812,0.2611406543327037,0,0,0,10.0,20.0,0.1,0.03,0.0,8.0,0.012512105397294998
v4_potential,3,44,0.07118964097843218,0.08332453531376284,-1.8017785072621708,0.9734805701133834,6.299304310128797,0.3547767128058199,0,0,0,10.0,20.0,0.1,0.03,0.0,8.0,-0.015380248889538192
v4_potential,3,45,0.06622520538174537,0.07118964097843218,-1.8017785072621708,0.8837880445099253,6.119226171573424,0.4337592863389901,0,0,0,10.0,20.0,0.1,0.03,0.0,8.0,-0.04713271386218758
v4_potential,3,46,0.0678722355576639,0.06622520538174537,-1.8017785072621708,0.7963422073973987,5.913899025184417,0.49834319924664605,0,0,0,10.0,20.0,0.1,0.03,0.0,8.0,-0.07528663435033463
v4_potential,3,47,0.07400519575856142,0.0678722355576639,-1.8017785072621708,0.7115918148109467,5.686785549363112,0.5490104899583641,0,0,0,10.0,20.0,0.1,0.03,0.0,8.0,-0.09224642602161837
v4_potential,3,48,0.08232937727911858,0.07400519575856142,-1.8017785072621708,0.629973980697428,5.441279104516648,0.5864397963717058,0,0,0,10.0,20.0,0.1,0.03,0.0,8.0,-0.09740729859486591
v4_potential,3,49,0.09125413531159547,0.08232937727911858,-1.8017785072621708,0.5519221652778823,5.180677944017632,0.6114741272683544,0,0,0,10.0,20.0,0.1,0.03,0.0,8.0,-0.09448773253270337
v4_potential,3,50,0.09986886242189658,0.09125413531159547,-1.8017785072621708,0.4778810174953603,4.908159672400057,0.6250878057653502,0,0,0,10.0,20.0,0.1,0.03,0.0,8.0,-0.08704172469979224
v4_potential,3,51,0.10769169756785006,0.09986886242189658,-1.8017785072621708,0.4083335102351587,4.626757012130305,0.6283534026265609,0,0,0,10.0,20.0,0.1,0.03,0.0,8.0,-0.07733300774715354
v4_potential,3,52,0.11448233140937955,0.10769169756785006,-1.8017785072621708,0.343850327391889,4.339335823180463,0.6224094770216388,0,0,0,10.0,20.0,0.1,0.03,0.0,8.0,-0.0666635105240257
v4_potential,3,53,0.12013525469620977,0.11448233140937955,-1.8017785072621708,0.2851794671377081,4.048576154900941,0.6084299034636662,0,0,0,10.0,20.0,0.1,0.03,0.0,8.0,-0.05578016535826315
v4_potential,3,54,0.12462206182619008,0.12013525469620977,-1.8017785072621708,0.23340431074070878,3.7569569121743744,0.5875954856103476,0,0,0,10.0,20.0,0.1,0.03,0.0,8.0,-0.04512291994788098
v4_potential,3,55,0.1279598462097358,0.12462206182619008,-1.8017785072621708,0.19018920911660855,3.4667445037570754,0.5610684449782011,0,0,0,10.0,20.0,0.1,0.03,0.0,8.0,-0.03495716011580212
v4_potential,3,56,0.13019323325521745,0.1279598462097358,-1.8017785072621708,0.1579904868065676,3.1799856261971327,0.529970233878382,0,0,0,10.0,20.0,0.1,0.03,0.0,8.0,-0.025443627627882274
v4_potential,3,57,0.13138369736951708,0.13019323325521745,-1.8017785072621708,0.13958755232888226,2.898504136323546,0.49536296782844613,0,0,0,10.0,20.0,0.1,0.03,0.0,8.0,-0.016676557099383336
v4_potential,3,58,0.13160291071210584,0.13138369736951708,-1.8017785072621708,0.13598942065934919,2.623901790844493,0.4582346148405,0,0,0,10.0,20.0,0.1,0.03,0.0,8.0,-0.008705600317808421
v4_potential,3,59,0.1309284160233798,0.13160291071210584,-1.8017785072621708,0.14443436862543327,2.357562491364315,0.4194879281457624,0,0,0,10.0,20.0,0.1,0.03,0.0,8.0,-0.0015492478002966902
v4_potential,3,60,0.12944069685149456,0.1309284160233798,-1.8017785072621708,0.15999327782852935,2.1006595715814633,0.3799329741275286,0,0,0,10.0,20.0,0.1,0.03,0.0,8.0,0.004796391300988525
v4_potential,3,61,0.12722112450924403,0.12944069685149456,-1.8017785072621708,0.17846187620435386,1.8541656013338697,0.3402829950879014,0,0,0,10.0,20.0,0.1,0.03,0.0,8.0,0.010351472748883324
v4_potential,3,62,0.1243504789186133,0.12722112450924403,-1.8017785072621708,0.19721927524331737,1.6188641571217,0.3011532608470348,0,0,0,10.0,20.0,0.1,0.03,0.0,8.0,0.015147923007620037
v4_potential,3,63,0.12090786113037491,0.1243504789186133,-1.8017785072621708,0.21482750822938318,1.3953630159698684,0.26306250533590997,0,0,0,10.0,20.0,0.1,0.03,0.0,8.0,0.019226002341610395
v4_potential,3,64,0.11696988416613475,0.12090786113037491,-1.8017785072621708,0.23054310164481795,1.1841082626775292,0.22643651331185843,0,0,0,10.0,20.0,0.1,0.03,0.0,8.0,0.022631607284903467
v4_potential,3,65,0.11261006926798853,0.11696988416613475,-1.8017785072621708,0.24400949396406504,0.9853988526476187,0.19161341539136822,0,0,0,10.0,20.0,0.1,0.03,0.0,8.0,0.025414124754616213
v4_potential,3,66,0.10789839901958313,0.11261006926798853,-1.8017785072621708,0.2550882342941215,0.7994012366683281,0.15885026290187781,0,0,0,10.0,20.0,0.1,0.03,0.0,8.0,0.027624719706584446
v4_potential,3,67,0.10290099386299166,0.10789839901958313,-1.8017785072621708,0.2637675434860463,0.6261637239319082,0.1283304831625217,0,0,0,10.0,20.0,0.1,0.03,0.0,8.0,0.029314976031952964
v4_potential,3,68,0.09767988805860703,0.10290099386299166,-1.8017785072621708,0.2701113177442904,0.46563032992904674,0.10017185616682256,0,0,0,10.0,20.0,0.1,0.03,0.0,8.0,0.030535831415018068
v4_potential,3,69,0.09229288729722038,0.09767988805860703,-1.8017785072621708,0.2742294262942815,0.3176539225441455,0.07443470097935143,0,0,0,10.0,20.0,0.1,0.03,0.0,8.0,0.03133675909335911
v4_potential,3,70,0.08679349425998577,0.09229288729722038,-1.8017785072621708,0.2762595896740916,0.1820085398150204,0.05113001071313643,0,0,0,10.0,20.0,0.1,0.03,0.0,8.0,0.0317651571260501
v4_potential,3,71,0.08123089121026288,0.08679349425998577,-1.8017785072621708,0.2763558241099473,0.05840080466269337,0.030227325629021848,0,0,0,10.0,20.0,0.1,0.03,0.0,8.0,0.031865911118727726
v4_potential,3,72,0.07564997067217126,0.08123089121026288,-1.8017785072621708,0.27468077933306767,-0.05351959533135231,0.011662182307714958,0,0,0,10.0,20.0,0.1,0.03,0.0,8.0,0.031681100516905446
v4_potential,3,73,0.07009140670932883,0.07564997067217126,-1.8017785072621708,0.27140049145372774,-0.1541503613237467,-0.004656978703395875,0,0,0,10.0,20.0,0.1,0.03,0.0,8.0,0.031249822106984827
v4_potential,3,74,0.06459176046475316,0.07009140670932883,-1.8017785072621708,0.2666807005658985,-0.24392794281780406,-0.018842524943215377,0,0,0,10.0,20.0,0.1,0.03,0.0,8.0,0.03060810748204887
v4_potential,3,75,0.059183614601199024,0.06459176046475316,-1.8017785072621708,0.2606842242105931,-0.3233197589064436,-0.03102200811311919,0,0,0,10.0,20.0,0.1,0.03,0.0,8.0,0.029788913984857286
v4_potential,3,76,0.05389573220581136,0.059183614601199024,-1.8017785072621708,0.2535690698362855,-0.3928172254119988,-0.04133322034563098,0,0,0,10.0,20.0,0.1,0.03,0.0,8.0,0.02882217097185984
v4_potential,3,77,0.048753236713174025,0.05389573220581136,-1.8017785072621708,0.2454870810827225,-0.45292952627012983,-0.04991992419046983,0,0,0,10.0,20.0,0.1,0.03,0.0,8.0,0.5277348649896485
v4_potential,3,78,0.04377781062003563,0.048753236713174025,-1.8017785072621708,0.23658297993065758,-0.5041780656690151,-0.056928232302866505,0,0,0,10.0,20.0,0.1,0.03,0.0,8.0,0.526551148305624
v4_potential,3,79,0.03898791249128598,0.04377781062003563,-1.8017785072621708,0.22699370863114698,-0.5470915386256923,-0.06250359984771142,0,0,0,10.0,20.0,0.1,0.03,0.0,8.0,0.525292454565053
v4_potential,3,80,0.034399014530169525,0.03898791249128598,-1.8017785072621708,0.2168480023360295,-0.5822015609257087,-0.06678838362457007,0,0,0,10.0,20.0,0.1,0.03,0.0,8.0,0.5239776018406277
v4_potential,3,81,0.03002386794748945,0.034399014530169525,-1.8017785072621708,0.206266141387855,-0.610038803890828,-0.06991991625497096,0,0,0,10.0,20.0,0.1,0.03,0.0,8.0,0.5226228540368916
v4_potential,3,82,0.025872813100196068,0.03002386794748945,-1.8017785072621708,0.1953598446856463,-0.6311295846499818,-0.07202904085502101,0,0,0,10.0,20.0,0.1,0.03,0.0,8.0,0.5212418894207829
v4_potential,3,83,0.02195417217409615,0.025872813100196068,-1.8017785072621708,0.1842322744233628,-0.6459928679957563,-0.07323905089116348,0,0,0,10.0,20.0,0.1,0.03,0.0,8.0,0.5198455717510507
v4_potential,3,84,0.018274810697564498,0.02195417217409615,-1.8017785072621708,0.17297812901026346,-0.655137641169087,-0.07366498088942919,0,0,0,10.0,20.0,0.1,0.03,0.0,8.0,0.5184412842009645
v4_potential,3,85,0.014841078912274897,0.018274810697564498,-1.8017785072621708,0.16168380587776268,-0.6590606277956286,-0.07341319591193811,0,0,0,10.0,20.0,0.1,0.03,0.0,8.0,0.517031212055173
v4_potential,3,86,0.011660704501951797,0.014841078912274897,-1.8017785072621708,0.15042761963759893,-0.658244311559513,-0.07258123086449977,0,0,0,10.0,20.0,0.1,0.03,0.0,8.0,0.5156078000591646
v4_potential,3,87,0.008747412780722913,0.011660704501951797,-1.8017785072621708,0.13928006400299991,-0.6531552439744431,-0.07125783445702394,0,0,0,10.0,20.0,0.1,0.03,0.0,8.0,0.5141404503417749
v4_potential,3,88,0.006134881639800559,0.008747412780722913,-1.8017785072621708,0.1283041082454635,-0.6442426137850346,-0.06952317676065108,0,0,0,10.0,20.0,0.1,0.03,0.0,8.0,0.5125296357515549
v4_potential,3,89,0.00393033582980502,0.006134881639800559,-1.8017785072621708,0.11755552090972296,-0.6319370581275945,-0.06744918359982219,0,0,0,10.0,20.0,0.1,0.03,0.0,8.0,0.5104114581658614
v4_potential,3,90,0.002541586917408497,0.00393033582980502,-1.8017785072621708,0.10708321520178263,-0.6166496976491096,-0.06509996533346259,0,0,0,10.0,20.0,0.1,0.03,0.0,8.0,0.5063018341976587
v4_potential,3,91,0.0027538165009405114,0.002541586917408497,-1.8017785072621708,0.09692961206146149,-0.5987713793928963,-0.06253231180418167,0,1,0,10.0,20.0,0.1,0.03,0.0,8.0,0.4983516679977877
v4_potential,3,92,0.004015701987666499,0.0027538165009405114,-1.8017785072621708,0.08713101864357575,-0.5786721124809177,-0.05979622928355702,0,1,0,10.0,20.0,0.1,0.03,0.0,8.0,0.4932144836601541
v4_potential,3,93,0.005456873768025095,0.004015701987666499,-1.8017785072621708,0.07771802209717298,-0.5567006825311236,-0.05693549905465569,0,1,0,10.0,20.0,0.1,0.03,0.0,8.0,0.4924406701846418
v4_potential,3,94,0.006825956614446571,0.005456873768025095,-1.8017785072621708,0.06871590176595112,-0.5331844314134508,-0.053988240810141884,0,1,0,10.0,20.0,0.1,0.03,0.0,8.0,0.49292148286252
v4_potential,3,95,0.008060399982390937,0.006825956614446571,-1.8017785072621708,0.06014506848164289,-0.508429189435142,-0.050987467279293805,0,1,0,10.0,20.0,0.1,0.03,0.0,8.0,0.49370860323441923
v4_potential,3,96,0.009144086748157467,0.008060399982390937,-1.8017785072621708,0.052021550218262595,-0.4827193474109053,-0.04796161941689997,0,1,0,10.0,20.0,0.1,0.03,0.0,8.0,0.4945681339379714
v4_potential,3,97,0.010075527872426524,0.009144086748157467,-1.8017785072621708,0.04435756547803579,-0.45631805636440304,-0.04493507408698844,0,1,0,10.0,20.0,0.1,0.03,0.0,8.0,0.49542608011338124
v4_potential,3,98,0.010858928137129187,0.010075527872426524,-1.8017785072621708,0.03716227595300375,-0.4294675428629047,-0.04192861845876737,0,1,0,10.0,20.0,0.1,0.03,0.0,8.0,0.496253544324506
v4_potential,3,99,0.01150105362624778,0.010858928137129187,-1.8017785072621708,0.030442934941636423,-0.4023895282370954,-0.03895988730864177,0,1,0,10.0,20.0,0.1,0.03,0.0,8.0,0.49703755482521145
v4_potential,3,100,0.012009923946953532,0.01150105362624778,-1.8017785072621708,0.024206995368745248,-0.37528574020545735,-0.036043761106291025,0,1,1,10.0,20.0,0.1,0.03,0.0,8.0,20.497771867514786
v5_progress,0,1,1.8023797450807917,1.8017785072621708,-1.8017785072621708,0.21294897189318918,-7.698416665902247,0.3076795872180677,0,0,0,10.0,20.0,0.1,0.03,0.0,8.0,-0.2508163590134683
v5_progress,0,2,1.8038540193058465,1.8023797450807917,-1.8236746422701107,0.18501695769417506,3.556278220208284,0.7325721291151347,0,0,0,10.0,20.0,0.1,0.03,0.0,8.0,-0.01722272107353029
v5_progress,0,3,1.8105242046491414,1.8038540193058465,-1.822355715075264,0.781137800986163,4.1459706783519925,8.0,0,0,0,10.0,20.0,0.1,0.03,0.0,8.0,-0.6953598552519911
v5_progress,0,4,1.825378909442806,1.8105242046491414,-1.8886379847477577,1.3444775461885854,-7.0983521311891264,4.538270278300128,0,0,0,10.0,20.0,0.1,0.03,0.0,8.0,-0.7441049962671065
v5_progress,0,5,1.8449716057707382,1.825378909442806,-1.9598266640616644,1.690656984656432,-7.997450195126229,1.6499739909728623,0,0,0,10.0,20.0,0.1,0.03,0.0,8.0,-0.5741902024907465
v5_progress,0,6,1.8702574358304374,1.8449716057707382,-2.0140373042363815,2.3515383427009198,-2.459729804567317,6.354042992105146,0,0,0,10.0,20.0,0.1,0.03,0.0,8.0,-0.9451904127995082
v5_progress,0,7,1.9015396814849734,1.8702574358304374,-2.105411270100529,2.728287667423928,-4.129344929208112,2.4935673552881283,0,0,0,10.0,20.0,0.1,0.03,0.0,8.0,-0.7202989490089867
v5_progress,0,8,1.9294767596072504,1.9015396814849734,-2.174368448227366,2.131655264642733,-6.072689844237705,-8.0,0,0,0,10.0,20.0,0.1,0.03,0.0,8.0,0.28410919774766485
v5_progress,0,9,1.9574391292416926,1.9294767596072504,-2.1426422860715237,2.9265560817285996,2.0867229599602752,8.0,0,0,0,10.0,20.0,0.1,0.03,0.0,8.0,-1.1066605888275245
v5_progress,0,10,1.9866598815382561,1.9574391292416926,-2.2500947374145523,2.36000598344596,2.4966439499304967,-4.810395810021313,0,0,0,10.0,20.0,0.1,0.03,0.0,8.0,0.2434246647275726
v5_progress,0,11,2.0142582410347942,1.9866598815382561,-2.222660479882852,2.7670238457763303,1.2880585938822515,3.682438562304461,0,0,0,10.0,20.0,0.1,0.03,0.0,8.0,-0.7134770650678289
v5_progress,0,12,2.039165523605461,2.0142582410347942,-2.2909606256124273,1.926958359026208,5.718105728575955,-5.555571875025351,0,0,0,10.0,20.0,0.1,0.03,0.0,8.0,0.559006376294025
v5_progress,0,13,2.0597879887029498,2.039165523605461,-2.231861359508082,2.025578072025615,3.3421410972266035,1.686641691802222,0,0,0,10.0,20.0,0.1,0.03,0.0,8.0,-0.33528232232773936
v5_progress,0,14,2.0808726660172447,2.0597879887029498,-2.262345795905511,2.0538244533534953,-0.15559239845403655,0.06327157976995067,0,0,0,10.0,20.0,0.1,0.03,0.0,8.0,-0.26909403610481
v5_progress,0,15,2.099779832935239,2.0808726660172447,-2.2862551113525944,1.7962742639142557,-3.260399854536541,-2.9785537321283004,0,0,0,10.0,20.0,0.1,0.03,0.0,8.0,0.03786908308596615
v5_progress,0,16,2.116551259440595,2.099779832935239,-2.2794072593266645,1.7050547241320704,6.3898282395260635,1.2424248612848379,0,0,0,10.0,20.0,0.1,0.03,0.0,8.0,-0.1078188979109573
v5_progress,0,17,2.1272703847794263,2.116551259440595,-2.287056731853802,0.6548818595807239,-2.311122802174115,-8.0,0,0,0,10.0,20.0,0.1,0.03,0.0,8.0,0.9108146958940759
v5_progress,0,18,2.130812174542236,2.1272703847794263,-2.1927585707374986,0.49076911968706144,-4.207506115535933,-2.426443811936932,0,0,0,10.0,20.0,0.1,0.03,0.0,8.0,0.09795763172541555
v5_progress,0,19,2.1290377758448384,2.130812174542236,-2.179889086510942,0.26202712731610234,-6.159020015762976,-6.3855764399010315,0,0,0,10.0,20.0,0.1,0.03,0.0,8.0,0.21402631953167264
v5_progress,0,20,2.1217986163113665,2.1290377758448384,-2.1552404885764487,0.5542295836313358,3.9647644050197535,-1.1866320708480547,0,0,0,10.0,20.0,0.1,0.03,0.0,8.0,-0.2503460938698515
v5_progress,0,21,2.1093837161846842,2.1217986163113665,-2.1772215746745,1.1125394417175547,-8.0,-6.408733757302516,0,0,0,10.0,20.0,0.1,0.03,0.0,8.0,-0.46744435270602347
v5_progress,0,22,2.097567161826659,2.1093837161846842,-2.2206376603564397,0.3358817529952039,-1.438266669953434,5.351073112856299,0,0,0,10.0,20.0,0.1,0.03,0.0,8.0,0.8638637762253238
v5_progress,0,23,2.096863144084487,2.097567161826659,-2.131155337126179,1.1748994631638805,-7.23076246355598,7.6325379623118454,0,0,0,10.0,20.0,0.1,0.03,0.0,8.0,-0.8654318940454102
v5_progress,0,24,2.097123886633326,2.096863144084487,-2.214353090400875,0.31528945082682147,-2.339160848106734,-8.0,0,0,0,10.0,20.0,0.1,0.03,0.0,8.0,0.8248315970526241
v5_progress,0,25,2.0965152088989196,2.097123886633326,-2.1286528317160083,1.0208434421058568,2.462833029837876,6.898041207305775,0,0,0,10.0,20.0,0.1,0.03,0.0,8.0,-0.7311437301546769
v5_progress,0,26,2.103270066903507,2.0965152088989196,-2.1985995531095055,1.514549423838284,-1.0646597241910178,3.1143192077965507,0,0,0,10.0,20.0,0.1,0.03,0.0,8.0,-0.5915930769175608
v5_progress,0,27,2.1125303237151485,2.103270066903507,-2.2547250092873354,1.5799338883442404,-1.5258777341059588,-0.052695624874220706,0,0,0,10.0,20.0,0.1,0.03,0.0,8.0,-0.18805987886263095
v5_progress,0,28,2.1238365587083163,2.1125303237151485,-2.2705237125495725,1.8613777659396347,7.993999218489088,4.299774884435536,0,0,0,10.0,20.0,0.1,0.03,0.0,8.0,-0.42708098026338503
v5_progress,0,29,2.1439684828363808,2.1238365587083163,-2.3099743353022797,3.481520837572195,-5.772485704001382,8.0,0,0,0,10.0,20.0,0.1,0.03,0.0,8.0,-1.8545036126382974
v5_progress,0,30,2.174170098035544,2.1439684828363808,-2.4921205665936004,4.553046296210327,-4.901741985287238,4.070913584632323,0,0,0,10.0,20.0,0.1,0.03,0.0,8.0,-1.4048103422517564
v5_progress,0,31,2.205777625146855,2.174170098035544,-2.6294747276565764,4.450443952518005,2.3907965043281534,-0.40531986604472686,0,0,0,10.0,20.0,0.1,0.03,0.0,8.0,-0.24365668342450647
v5_progress,0,32,2.2336402600007164,2.205777625146855,-2.6508220203986554,4.315245903798431,0.9719679641191825,-0.7862677338780862,0,0,0,10.0,20.0,0.1,0.03,0.0,8.0,-0.1734771416525608
v5_progress,0,33,2.2551102553171614,2.2336402600007164,-2.6651648503805596,3.2997321318496646,4.017886606192838,-3.419710391606852,0,0,0,10.0,20.0,0.1,0.03,0.0,8.0,0.7699438865361093
v5_progress,0,34,2.2740195433611157,2.2551102553171614,-2.585083468502128,4.302714378446778,-5.63591937124729,2.2812861602862435,0,0,0,10.0,20.0,0.1,0.03,0.0,8.0,-1.2232303724649156
v5_progress,0,35,2.2914233261725334,2.2740195433611157,-2.7042909812057934,3.485166116820386,8.0,-0.6558895805487569,0,0,0,10.0,20.0,0.1,0.03,0.0,8.0,0.6114969900390319
v5_progress,0,36,2.3036069778402366,2.2914233261725334,-2.639939937854572,2.6559285487643005,8.0,-0.4234480601226903,0,0,0,10.0,20.0,0.1,0.03,0.0,8.0,0.6753954479959398
v5_progress,0,37,2.3148103643933378,2.3036069778402366,-2.5691998327166665,3.2229443890802565,7.474762334748682,4.624367447014334,0,0,0,10.0,20.0,0.1,0.03,0.0,8.0,-0.7114639822921572
v5_progress,0,38,2.328266308223711,2.3148103643933378,-2.6371048033013635,4.195597310218891,2.509085552482668,4.498321868409636,0,0,0,10.0,20.0,0.1,0.03,0.0,8.0,-1.1380414347530403
v5_progress,0,39,2.341443461147104,2.328266308223711,-2.7478260392456004,4.583035910886984,-4.01716465992668,0.47072682706376473,0,0,0,10.0,20.0,0.1,0.03,0.0,8.0,-0.549721354766103
v5_progress,0,40,2.349069472872292,2.341443461147104,-2.7997470522358023,2.85852174827297,-7.538656253940834,-8.0,0,0,0,10.0,20.0,0.1,0.03,0.0,8.0,1.6144780660460378
v5_progress,0,41,2.3519789501425614,2.349069472872292,-2.634921647699589,2.164449158232398,4.410414260681922,-0.7155253364249501,0,0,0,10.0,20.0,0.1,0.03,0.0,8.0,0.6343539507610659
v5_progress,0,42,2.3536897057727435,2.3519789501425614,-2.5684238659658014,1.834409617963977,4.827055010350675,0.6288858600879208,0,0,0,10.0,20.0,0.1,0.03,0.0,8.0,0.28219148529479066
v5_progress,0,43,2.356151892722217,2.3536897057727435,-2.537130667569141,4.198672477054113,-3.710626109306889,8.0,0,0,0,10.0,20.0,0.1,0.03,0.0,8.0,-2.421315001901218
v5_progress,0,44,2.357875367776049,2.356151892722217,-2.7760191404276284,3.6542134744190156,6.609976552748867,0.8229879591033583,0,0,0,10.0,20.0,0.1,0.03,0.0,8.0,0.495837717746506
v5_progress,0,45,2.357493697705359,2.357875367776049,-2.7232967152179506,5.3128637920558175,0.10676270571990062,7.932891918088657,0,0,0,10.0,20.0,0.1,0.03,0.0,8.0,-1.6868005598192592
v5_progress,0,46,2.352284323487548,2.357493697705359,-2.888780076910941,6.585732774689382,-1.5450009623956507,7.317910138400408,0,0,0,10.0,20.0,0.1,0.03,0.0,8.0,-1.2525233291044364
v5_progress,0,47,2.342385418202594,2.352284323487548,-3.010857600956486,4.684707676511022,3.1421056699018397,-6.344764883533619,0,0,0,10.0,20.0,0.1,0.03,0.0,8.0,1.968447623857018
v5_progress,0,48,2.330091704037759,2.342385418202594,-2.8108561858536962,5.100292871528234,3.5675778229746933,5.36342762765124,0,0,0,10.0,20.0,0.1,0.03,0.0,8.0,-0.32394473985136574
v5_progress,0,49,2.3134715594147974,2.330091704037759,-2.8401209911905827,5.335679578249811,2.623005324816105,4.627454680575212,0,0,0,10.0,20.0,0.1,0.03,0.0,8.0,-0.10006943217179683
v5_progress,0,50,2.295072013000241,2.3134715594147974,-2.8470395172397787,4.384360385424437,6.598937592326516,-2.3581577460725516,0,0,0,10.0,20.0,0.1,0.03,0.0,8.0,1.1037800668052262
v5_progress,0,51,2.2775953585570705,2.295072013000241,-2.733508051542685,3.9374531945430284,8.0,0.7757481374727973,0,0,0,10.0,20.0,0.1,0.03,0.0,8.0,0.5896549295264631
v5_progress,0,52,2.2629583194486886,2.2775953585570705,-2.6713406780113735,2.713650700099344,4.002138305763635,-7.584525467979427,0,0,0,10.0,20.0,0.1,0.03,0.0,8.0,1.3378746937277253
v5_progress,0,53,2.2503894644563953,2.2629583194486886,-2.5343233894586232,2.8425079363616437,4.8508093721722085,3.464965737406913,0,0,0,10.0,20.0,0.1,0.03,0.0,8.0,-0.03427919693707032
v5_progress,0,54,2.235491172449099,2.2503894644563953,-2.5346402580925598,3.1617906760054564,-2.8014337868090933,3.2776578410660426,0,0,0,10.0,20.0,0.1,0.03,0.0,8.0,-0.20088079057662991
v5_progress,0,55,2.21734810050603,2.235491172449099,-2.5516702400496447,3.449909720407811,2.4257557480869925,4.806997338889704,0,0,0,10.0,20.0,0.1,0.03,0.0,8.0,-0.13759430979558307
v5_progress,0,56,2.1988258753725836,2.21734810050603,-2.562339072546811,2.9765008996638787,3.4358212591910817,-2.660950117296011,0,0,0,10.0,20.0,0.1,0.03,0.0,8.0,0.6280408994767726
v5_progress,0,57,2.184006443302784,2.1988258753725836,-2.4964759653389716,2.1488173124591152,0.2634262638224102,-8.0,0,0,0,10.0,20.0,0.1,0.03,0.0,8.0,0.9438757393591226
v5_progress,0,58,2.172542118945359,2.184006443302784,-2.3988881745486954,1.872795164655287,0.10302230302511407,-2.4754386810723945,0,0,0,10.0,20.0,0.1,0.03,0.0,8.0,0.36047356605749437
v5_progress,0,59,2.1603903100980033,2.172542118945359,-2.3598216354108876,2.2649701094508226,5.130428339544292,6.444355692517118,0,0,0,10.0,20.0,0.1,0.03,0.0,8.0,-0.3027772005481951
v5_progress,0,60,2.14984350101787,2.1603903100980033,-2.3868873210430857,1.5015272852825177,3.078285801692774,-8.0,0,0,0,10.0,20.0,0.1,0.03,0.0,8.0,0.8366147948609851
v5_progress,0,61,2.144569484997008,2.14984350101787,-2.299996229546122,1.0251874440181752,2.500615955255586,-5.3035976883826175,0,0,0,10.0,20.0,0.1,0.03,0.0,8.0,0.4980055880793417
v5_progress,0,62,2.1415071432012494,2.144569484997008,-2.2470882293988255,1.0345158392935823,2.1017389577437164,0.7596765551473202,0,0,0,10.0,20.0,0.1,0.03,0.0,8.0,-0.008861052790164504
v5_progress,0,63,2.1399167090660542,2.1415071432012494,-2.2449587271306077,0.6436332532198235,-5.234696758136948,-6.334636505482656,0,0,0,10.0,20.0,0.1,0.03,0.0,8.0,0.3746766252442657
v5_progress,0,64,2.137581863343704,2.1399167090660542,-2.2042800343880367,1.1373461430762357,4.025527046646766,8.0,0,0,0,10.0,20.0,0.1,0.03,0.0,8.0,-0.5028708347580109
v5_progress,0,65,2.1324744872766317,2.137581863343704,-2.2513164776513275,1.2317444749212374,-0.23794769941969476,1.5633496794541146,0,0,0,10.0,20.0,0.1,0.03,0.0,8.0,-0.07340271746577848
v5_progress,0,66,2.126854801388938,2.1324744872766317,-2.2556489347687556,1.1501622451115392,-2.631952175851693,-1.2975315138138488,0,0,0,10.0,20.0,0.1,0.03,0.0,8.0,0.10751000242771996
v5_progress,0,67,2.120044379669163,2.126854801388938,-2.241871025900092,1.259324839102804,-8.0,0.39759266106757823,0,0,0,10.0,20.0,0.1,0.03,0.0,8.0,-0.07306331679114164
v5_progress,0,68,2.1126060439638263,2.120044379669163,-2.2459768635794433,1.1227439787959739,0.9129251344644748,-1.4793943039126551,0,0,0,10.0,20.0,0.1,0.03,0.0,8.0,0.18086977861620737
v5_progress,0,69,2.1064808358284886,2.1126060439638263,-2.224880441843424,0.9824579764932613,0.5140240555645684,-1.7135045565305,0,0,0,10.0,20.0,0.1,0.03,0.0,8.0,0.17143807369999986
v5_progress,0,70,2.1020318027162905,2.1064808358284886,-2.2047266334778146,0.8888139136259654,6.420128672643081,-0.3658464122953558,0,0,0,10.0,20.0,0.1,0.03,0.0,8.0,0.10684214724643934
v5_progress,0,71,2.0970980676345348,2.1020318027162905,-2.1909131940788873,1.1608358266414083,1.264191348425364,4.612502899088039,0,0,0,10.0,20.0,0.1,0.03,0.0,8.0,-0.2533993547841165
v5_progress,0,72,2.0900806534901224,2.0970980676345348,-2.2131816502986754,1.2612886899297597,0.912871138571862,1.9395558072502999,0,0,0,10.0,20.0,0.1,0.03,0.0,8.0,-0.06042232217063659
v5_progress,0,73,2.0818380552361075,2.0900806534901224,-2.216209522483098,1.234485218364341,-8.0,-1.1947343594901445,0,0,0,10.0,20.0,0.1,0.03,0.0,8.0,0.07718484816213426
v5_progress,0,74,2.073297560337861,2.0818380552361075,-2.205286577072542,1.2727736985804659,8.0,1.8749204651847118,0,0,0,10.0,20.0,0.1,0.03,0.0,8.0,0.015006614805377946
v5_progress,0,75,2.0649793446420324,2.073297560337861,-2.200574930195908,1.3398445473916776,4.914916990595655,1.8868794716641761,0,0,0,10.0,20.0,0.1,0.03,0.0,8.0,-0.014754839451831899
v5_progress,0,76,2.058866997404508,2.0649793446420324,-2.1989637993812003,1.090089041554611,8.0,-3.591643013693985,0,0,0,10.0,20.0,0.1,0.03,0.0,8.0,0.27847585635175764
v5_progress,0,77,2.0534086376284826,2.058866997404508,-2.167875901559969,1.255561847535338,-3.873744445187382,3.155402654492477,0,0,0,10.0,20.0,0.1,0.03,0.0,8.0,-0.1416692851560561
v5_progress,0,78,2.04613591499275,2.0534086376284826,-2.1789648223820164,1.3153957999247903,3.774053988299954,1.522940469595705,0,0,0,10.0,20.0,0.1,0.03,0.0,8.0,-0.017624314506518406
v5_progress,0,79,2.040080683320941,2.04613591499275,-2.177675494985229,1.1318443097813975,1.421220873330052,-3.1951205669465295,0,0,0,10.0,20.0,0.1,0.03,0.0,8.0,0.2137216611049807
v5_progress,0,80,2.0359052878844297,2.040080683320941,-2.1532651142990806,1.1393864435428478,4.96983742799765,0.17473221308068837,0,0,0,10.0,20.0,0.1,0.03,0.0,8.0,0.0034390138721931487
v5_progress,0,81,2.033403009919365,2.0359052878844297,-2.1498439322387144,1.0479653950194452,2.393007845854921,-2.2943542192739086,0,0,0,10.0,20.0,0.1,0.03,0.0,8.0,0.08610037355424177
v5_progress,0,82,2.0338455474020827,2.033403009919365,-2.1381995494213095,1.0507857741788462,8.0,-2.159742844418398,0,0,0,10.0,20.0,0.1,0.03,0.0,8.0,-0.03939151927263858
v5_progress,0,83,2.038320709464251,2.0338455474020827,-2.138924124819967,1.0121000590272764,0.8003547301077883,-5.292827112776167,0,0,0,10.0,20.0,0.1,0.03,0.0,8.0,-0.036961361299483214
v5_progress,0,84,2.044821846060271,2.038320709464251,-2.1395307153669787,0.9536759022940756,-3.8975182932035883,-0.21937575780639704,0,0,0,10.0,20.0,0.1,0.03,0.0,8.0,-0.03706342093227837
v5_progress,0,85,2.0504763811362445,2.044821846060271,-2.1401894362896785,0.8929415094429262,-3.9482580635327245,0.6046893168349148,0,0,0,10.0,20.0,0.1,0.03,0.0,8.0,-0.02630953262440558
v5_progress,0,86,2.0549318235555134,2.0504763811362445,-2.1397705320805374,0.8346328205164253,-4.030600933224846,0.5847039972579755,0,0,0,10.0,20.0,0.1,0.03,0.0,8.0,-0.0167640984739148
v5_progress,0,87,2.0563913961335896,2.0549318235555134,-2.138395105607156,0.9327907207025599,0.1341594180223405,5.912625838563922,0,0,0,10.0,20.0,0.1,0.03,0.0,8.0,-0.14384666168740418
v5_progress,0,88,2.0574547656820386,2.0563913961335896,-2.1496704682038454,0.8074338187302876,-2.4231843640393507,-5.280678559082436,0,0,0,10.0,20.0,0.1,0.03,0.0,8.0,0.0836682880969538
v5_progress,0,89,2.063583968812534,2.0574547656820386,-2.1381981475550673,0.8534776813229348,-3.8501445760198036,-8.0,0,0,0,10.0,20.0,0.1,0.03,0.0,8.0,-0.13979913181186007
v5_progress,0,90,2.0699622237837483,2.063583968812534,-2.1489317369448275,0.6217317830673005,-8.0,4.829234525610023,0,0,0,10.0,20.0,0.1,0.03,0.0,8.0,0.13523455147776445
v5_progress,0,91,2.075139362151638,2.0699622237837483,-2.132135402090478,0.7814619250487279,8.0,-1.8380180507316057,0,0,0,10.0,20.0,0.1,0.03,0.0,8.0,-0.24360709785891496
v5_progress,0,92,2.0829563475075554,2.075139362151638,-2.153285554656511,0.8489020919039552,0.4436086341603469,-2.1696672183617576,0,0,0,10.0,20.0,0.1,0.03,0.0,8.0,-0.17576327805373498
v5_progress,0,93,2.0926566352077196,2.0829563475075554,-2.167846556697951,0.9620536759110907,4.568712541810793,-0.8313064208776727,0,0,0,10.0,20.0,0.1,0.03,0.0,8.0,-0.2408283424042496
v5_progress,0,94,2.103536182084251,2.0926566352077196,-2.1888620027988286,0.9833474742375369,-0.5957591450145073,-0.7360956171903457,0,0,0,10.0,20.0,0.1,0.03,0.0,8.0,-0.1601172910203986
v5_progress,0,95,2.112281953718586,2.103536182084251,-2.2018709295080043,0.7205359160875386,-7.769956447018533,3.9719576505842102,0,0,0,10.0,20.0,0.1,0.03,0.0,8.0,0.14297419584518625
v5_progress,0,96,2.114514041637418,2.112281953718586,-2.18433554532734,0.6546036331504105,-5.867172760318278,8.0,0,0,0,10.0,20.0,0.1,0.03,0.0,8.0,0.010535662617576998
v5_progress,0,97,2.112931661135963,2.114514041637418,-2.179974404952459,0.7359650108557976,6.466047393770291,0.9096744779292314,0,0,0,10.0,20.0,0.1,0.03,0.0,8.0,-0.09686998758315817
v5_progress,0,98,2.1107897136631975,2.112931661135963,-2.186528162221543,0.666757336404195,-8.0,0.17589956079105812,0,0,0,10.0,20.0,0.1,0.03,0.0,8.0,0.05862618228377478
v5_progress,0,99,2.107386490441474,2.1107897136631975,-2.177465447303617,0.7514700484923837,3.545957570647739,1.7986416070728835,0,0,0,10.0,20.0,0.1,0.03,0.0,8.0,-0.08117450883106284
v5_progress,0,100,2.0996508683098356,2.107386490441474,-2.1825334952907123,1.1114094690068963,-3.1021197053085343,8.0,0,0,0,10.0,20.0,0.1,0.03,0.0,8.0,-0.31488392253144426
v5_progress,0,101,2.088818564127043,2.0996508683098356,-2.2107918152105253,1.0482123585859406,3.5097056293080744,-1.10230586969971,0,0,0,10.0,20.0,0.1,0.03,0.0,8.0,0.1410972425040419
v5_progress,0,102,2.0785912835410367,2.088818564127043,-2.1936397999856374,1.1582451163424148,8.0,1.9063001068678256,0,0,0,10.0,20.0,0.1,0.03,0.0,8.0,-0.039873513774454014
v5_progress,0,103,2.067358381947797,2.0785912835410367,-2.1944157951752783,1.2389851003944126,0.7654395926001369,1.860788580141703,0,0,0,10.0,20.0,0.1,0.03,0.0,8.0,0.0014625183832145255
v5_progress,0,104,2.0550619555759417,2.067358381947797,-2.1912568919872384,1.3266189637973864,5.830420903352646,1.502551685949174,0,0,0,10.0,20.0,0.1,0.03,0.0,8.0,0.004197541894355762
v5_progress,0,105,2.042002413184177,2.0550619555759417,-2.1877238519556803,1.376146299399846,1.0549355911703118,1.206452426326879,0,0,0,10.0,20.0,0.1,0.03,0.0,8.0,0.05098782529773038
v5_progress,0,106,2.028808253953998,2.042002413184177,-2.179617043124162,1.4389397949373381,8.0,0.37785776355054485,0,0,0,10.0,20.0,0.1,0.03,0.0,8.0,0.03714363499900379
v5_progress,0,107,2.01737845816156,2.028808253953998,-2.172702233447732,1.226161499506902,-6.4892182614072915,-3.6995556875506908,0,0,0,10.0,20.0,0.1,0.03,0.0,8.0,0.2953326075445184
v5_progress,0,108,2.0047255817956895,2.01737845816156,-2.1399946081122505,1.4087459375845766,-2.355011522187112,5.181980199909306,0,0,0,10.0,20.0,0.1,0.03,0.0,8.0,-0.08706814310840058
v5_progress,0,109,1.9905053595165056,2.0047255817956895,-2.145600175554147,1.3828868769059364,5.6378439615329095,-1.605689788421044,0,0,0,10.0,20.0,0.1,0.03,0.0,8.0,0.13698742333825376
v5_progress,0,110,1.9781389828911438,1.9905053595165056,-2.128794047207099,1.3222641031434037,0.0036048217784907456,-1.414347639577463,0,0,0,10.0,20.0,0.1,0.03,0.0,8.0,0.15422402775864202
v5_progress,0,111,1.9689608517070318,1.9781389828911438,-2.110365393205484,1.064047814102832,-6.886422710427522,-5.285195284073686,0,0,0,10.0,20.0,0.1,0.03,0.0,8.0,0.317642722539892
v5_progress,0,112,1.9613842743968988,1.9689608517070318,-2.075365633117315,1.008101164905682,-6.2942750553193125,1.309669858525558,0,0,0,10.0,20.0,0.1,0.03,0.0,8.0,0.10042076187315671
v5_progress,0,113,1.9535044238539063,1.9613842743968988,-2.062194390887467,1.0373054589708885,3.8347048432977533,-0.701450261342628,0,0,0,10.0,20.0,0.1,0.03,0.0,8.0,0.019119305311457634
v5_progress,0,114,1.944452805170471,1.9535044238539063,-2.0572349697509953,1.1004461330466362,-2.3291994022945883,3.301324031718902,0,0,0,10.0,20.0,0.1,0.03,0.0,8.0,-0.003134609435706915
v5_progress,0,115,1.9377822340408954,1.944452805170471,-2.0544974184751346,0.8347629783924014,-4.472157272963682,-8.0,0,0,0,10.0,20.0,0.1,0.03,0.0,8.0,0.2997638599914244
v5_progress,0,116,1.9344983913882177,1.9377822340408954,-2.0212585318801355,0.846770313614551,-0.35320895576809797,1.552345350407382,0,0,0,10.0,20.0,0.1,0.03,0.0,8.0,-0.009248112840790457
v5_progress,0,117,1.934048452863864,1.9344983913882177,-2.0191754227496728,0.7441490395855411,-5.2060797304044595,-6.883178697207376,0,0,0,10.0,20.0,0.1,0.03,0.0,8.0,0.07479311504951419
v5_progress,0,118,1.940753705356548,1.934048452863864,-2.008463356822418,0.8841154882107097,-3.3657513188220496,-6.726952861075125,0,0,0,10.0,20.0,0.1,0.03,0.0,8.0,-0.23878710407498419
v5_progress,0,119,1.9517307200477125,1.940753705356548,-2.029165254177619,0.9216094617493211,-1.4813682308163372,-1.3702108549084098,0,0,0,10.0,20.0,0.1,0.03,0.0,8.0,-0.17739136825094987
v5_progress,0,120,1.961189494298272,1.9517307200477125,-2.0438916662226445,0.7609035839141272,0.6721217520946375,4.285099290771225,0,0,0,10.0,20.0,0.1,0.03,0.0,8.0,0.03553020334268135
v5_progress,0,121,1.9670291800219044,1.961189494298272,-2.0372798526896845,0.6785019028721676,-0.1412107346723652,2.670875589555165,0,0,0,10.0,20.0,0.1,0.03,0.0,8.0,-0.006218723597069844
v5_progress,0,122,1.9757284652715843,1.9670291800219044,-2.0348793703091212,1.007935903302289,2.0991282915481215,-7.782238293484992,0,0,0,10.0,20.0,0.1,0.03,0.0,8.0,-0.4484571520656989
v5_progress,0,123,1.9914423640045433,1.9757284652715843,-2.076522055601813,1.2561867540762943,-1.1740623217535262,-5.238751775040221,0,0,0,10.0,20.0,0.1,0.03,0.0,8.0,-0.4362905550565911
v5_progress,0,124,2.0095681061712187,1.9914423640045433,-2.1170610394121727,1.1724296665165377,-5.670163010993725,0.2749707357242887,0,0,0,10.0,20.0,0.1,0.03,0.0,8.0,-0.1285074077781474
v5_progress,0,125,2.0259031479596703,2.0095681061712187,-2.1268110728228726,1.0805288889110418,5.025539613786299,2.9800003879019767,0,0,0,10.0,20.0,0.1,0.03,0.0,8.0,-0.10251640436406866
v5_progress,0,126,2.0373116732844547,2.0259031479596703,-2.1339560368507744,0.7993402148578374,2.0616502377358508,6.786211280819521,0,0,0,10.0,20.0,0.1,0.03,0.0,8.0,0.13553145001627753
v5_progress,0,127,2.0469982784986422,2.0373116732844547,-2.1172456947702383,0.9407353727136545,-0.28069431214698515,-3.308649437959885,0,0,0,10.0,20.0,0.1,0.03,0.0,8.0,-0.2686057709477001
v5_progress,0,128,2.0597898545114877,2.0469982784986422,-2.1410718157700077,1.041188385597846,-2.223256288352315,-2.64796993559852,0,0,0,10.0,20.0,0.1,0.03,0.0,8.0,-0.25874235467837914
v5_progress,0,129,2.0704857755515564,2.0597898545114877,-2.163908693071272,0.6314958542937369,-8.0,5.7994803288837184,0,0,0,10.0,20.0,0.1,0.03,0.0,8.0,0.2696822592757614
v5_progress,0,130,2.0780347307073015,2.0704857755515564,-2.13363536098093,0.6456300072381954,-0.8366190667887616,-0.5782217139767146,0,0,0,10.0,20.0,0.1,0.03,0.0,8.0,-0.11965602549607847
v5_progress,0,131,2.0856908783590304,2.0780347307073015,-2.142597731431121,0.6040311768518187,-2.280766437020558,0.11637370301054342,0,0,0,10.0,20.0,0.1,0.03,0.0,8.0,-0.06512562858025953
v5_progress,0,132,2.0906971265851695,2.0856908783590304,-2.1460939960442125,0.36771114111066433,-2.7734970848192035,4.4304437443319715,0,0,0,10.0,20.0,0.1,0.03,0.0,8.0,0.15540376854691754
v5_progress,0,133,2.091164122940428,2.0906971265851695,-2.1274682406962357,0.20140226110244133,-7.817033865570619,3.204710098321727,0,0,0,10.0,20.0,0.1,0.03,0.0,8.0,0.12940841066595302
v5_progress,0,134,2.086680340965885,2.091164122940428,-2.1113043490506724,0.4496390732685598,0.36927914349035174,5.476935499013267,0,0,0,10.0,20.0,0.1,0.03,0.0,8.0,-0.2343406545940047
v5_progress,0,135,2.07611598137029,2.086680340965885,-2.131644248292741,0.8169855863983443,6.649045750141276,6.537433276313399,0,0,0,10.0,20.0,0.1,0.03,0.0,8.0,-0.29442003727476485
v5_progress,0,136,2.0646178912601556,2.07611598137029,-2.1578145400101247,0.578375973186844,-0.016680906096180913,-4.220068047573979,0,0,0,10.0,20.0,0.1,0.03,0.0,8.0,0.32303397516976007
v5_progress,0,137,2.0583908707176994,2.0646178912601556,-2.12245548857884,0.4427153348907761,6.954532566203735,-5.047180448041893,0,0,0,10.0,20.0,0.1,0.03,0.0,8.0,0.16562335766783423
v5_progress,0,138,2.0565249384252944,2.0583908707176994,-2.102662404206777,0.44794150951668654,1.3379084063524693,-2.3866998573952833,0,0,0,10.0,20.0,0.1,0.03,0.0,8.0,-0.01680079967414282
v5_progress,0,139,2.0517561447983006,2.0565249384252944,-2.101319089376963,0.641960322088228,0.8570745475090562,8.0,0,0,0,10.0,20.0,0.1,0.03,0.0,8.0,-0.1783538318259782
v5_progress,0,140,2.041896898750496,2.0517561447983006,-2.1159521770071232,0.7363135948508361,3.0409176689312805,1.7457111204010594,0,0,0,10.0,20.0,0.1,0.03,0.0,8.0,-0.026145021271601177
v5_progress,0,141,2.030195815881488,2.041896898750496,-2.11552825823558,0.8169624198539537,-0.2517275759513254,1.8983222853974016,0,0,0,10.0,20.0,0.1,0.03,0.0,8.0,0.006247410115973379
v5_progress,0,142,2.0160369687435225,2.030195815881488,-2.1118920578668834,0.9734234507007589,4.015957844219115,2.860446178193957,0,0,0,10.0,20.0,0.1,0.03,0.0,8.0,-0.04563224914667729
v5_progress,0,143,2.002030514278843,2.0160369687435225,-2.1133793138135983,0.7945585977716155,-4.255229223634285,-3.0507913001368343,0,0,0,10.0,20.0,0.1,0.03,0.0,8.0,0.2880727005977274
v5_progress,0,144,1.9876145546896915,2.002030514278843,-2.081486374056005,0.9708095226535693,0.20879424770102387,3.6931328020582876,0,0,0,10.0,20.0,0.1,0.03,0.0,8.0,-0.06251891726954761
v5_progress,0,145,1.971640768917399,1.9876145546896915,-2.0846955069550486,0.9408721727139162,2.0979102560083973,-0.7624113389925036,0,0,0,10.0,20.0,0.1,0.03,0.0,8.0,0.15951950458470293
v5_progress,0,146,1.9593241217533082,1.971640768917399,-2.0657279861887905,0.6024516090941695,-8.0,-5.823411851836573,0,0,0,10.0,20.0,0.1,0.03,0.0,8.0,0.428527281335777
v5_progress,0,147,1.951583742341716,1.9593241217533082,-2.019569282662725,0.6106012757294376,6.888713762325178,-2.299638464405455,0,0,0,10.0,20.0,0.1,0.03,0.0,8.0,0.03760591765670909
v5_progress,0,148,1.944534589201816,1.951583742341716,-2.0126438699146596,0.7325027965556039,6.093560541882806,1.3525947681243473,0,0,0,10.0,20.0,0.1,0.03,0.0,8.0,-0.08262752044855501
v5_progress,0,149,1.9413662908615434,1.944534589201816,-2.0177848688573765,0.6487837657638886,-2.8360634338507054,-8.0,0,0,0,10.0,20.0,0.1,0.03,0.0,8.0,0.08315066245066763
v5_progress,0,150,1.944575603039367,1.9413662908615434,-2.006244667437932,0.7034467237692095,-1.477615623953499,-3.1254397627874635,0,0,0,10.0,20.0,0.1,0.03,0.0,8.0,-0.11712957108490134
v5_progress,0,151,1.9505696570166635,1.944575603039367,-2.014920275416288,0.674463116893942,-5.686065922640621,-1.7016769542716406,0,0,0,10.0,20.0,0.1,0.03,0.0,8.0,-0.062057778214362695
v5_progress,0,152,1.953056860520534,1.9505696570166635,-2.0180159687060577,0.5980879464954785,6.56309889633469,8.0,0,0,0,10.0,20.0,0.1,0.03,0.0,8.0,0.018157064512162445
v5_progress,0,153,1.9518725942597257,1.953056860520534,-2.012865655170082,0.4599943670692753,-8.0,-1.3699727854338757,0,0,0,10.0,20.0,0.1,0.03,0.0,8.0,0.11787759123950944
v5_progress,0,154,1.9506144095310158,1.9518725942597257,-1.9978720309666533,0.422527277356995,-1.7253187602947686,1.5580589209770896,0,0,0,10.0,20.0,0.1,0.03,0.0,8.0,0.019880053486072455
v5_progress,0,155,1.947541533409181,1.9506144095310158,-1.9928671372667153,0.49806478147168853,3.6256048349355976,1.737993302495291,0,0,0,10.0,20.0,0.1,0.03,0.0,8.0,-0.07531391886942715
v5_progress,0,156,1.9477256750960008,1.947541533409181,-1.9973480115563498,0.5992529428226405,0.2565162582543124,-7.336461272182603,0,0,0,10.0,20.0,0.1,0.03,0.0,8.0,-0.13471362398755501
v5_progress,0,157,1.95328266305671,1.9477256750960008,-2.0076509693782647,0.6088686035494226,-4.475713117797443,-2.0251167431545563,0,0,0,10.0,20.0,0.1,0.03,0.0,8.0,-0.0959396998881313
v5_progress,0,158,1.9643028076804891,1.95328266305671,-2.014169523411652,0.9677591067620414,-3.019824280914021,-7.591418798766064,0,0,0,10.0,20.0,0.1,0.03,0.0,8.0,-0.5011778550149711
v5_progress,0,159,1.9775855218898204,1.9643028076804891,-2.0610787183566934,0.7062180641619977,-6.01745773876883,3.429227616378897,0,0,0,10.0,20.0,0.1,0.03,0.0,8.0,0.09721485676664407
v5_progress,0,160,1.9900028915709747,1.9775855218898204,-2.0482073283060203,0.7812883263543628,-5.444184856040953,-2.191486580945505,0,0,0,10.0,20.0,0.1,0.03,0.0,8.0,-0.23032026407207026
v5_progress,0,161,2.002568083207029,1.9900028915709747,-2.068131724206411,0.6562384048644525,-3.081773125569358,1.6032646201476337,0,0,0,10.0,20.0,0.1,0.03,0.0,8.0,-0.0309791130906232
v5_progress,0,162,2.017108859370726,2.002568083207029,-2.0681919236934743,0.9661675496886567,-2.662214906924209,-5.435820299621038,0,0,0,10.0,20.0,0.1,0.03,0.0,8.0,-0.48648176679056265
v5_progress,0,163,2.031864437174265,2.017108859370726,-2.1137256143395917,0.659381731559969,-2.6952356743309656,4.630245352330917,0,0,0,10.0,20.0,0.1,0.03,0.0,8.0,0.12833305673820836
v5_progress,0,164,2.0421878100896755,2.031864437174265,-2.0978026103302616,0.5199606101414905,7.226598446603698,3.206464021741299,0,0,0,10.0,20.0,0.1,0.03,0.0,8.0,0.00423410674464425
v5_progress,0,165,2.052201194398329,2.0421878100896755,-2.0941838711038248,0.6823397544928778,1.4571414953085173,-2.469275445207821,0,0,0,10.0,20.0,0.1,0.03,0.0,8.0,-0.2927698806429735
v5_progress,0,166,2.0594588784655237,2.052201194398329,-2.120435169847617,0.2899353082820961,2.831006684625833,7.436775962336641,0,0,0,10.0,20.0,0.1,0.03,0.0,8.0,0.28784884817751155
v5_progress,0,167,2.0664497397047974,2.0594588784655237,-2.0884524092937333,0.7568805848216171,8.0,-6.52443457255803,0,0,0,10.0,20.0,0.1,0.03,0.0,8.0,-0.5701841466351205
v5_progress,0,168,2.072665891528898,2.0664497397047974,-2.142137798186959,0.28288642081677673,-4.514895432264713,8.0,0,0,0,10.0,20.0,0.1,0.03,0.0,8.0,0.37919563698995273
v5_progress,0,169,2.0711654868371165,2.072665891528898,-2.1009545336105755,0.2879204758622978,-1.4746166742849969,5.47175328100003,0,0,0,10.0,20.0,0.1,0.03,0.0,8.0,-0.021033588699714934
v5_progress,0,170,2.063602761627189,2.0711654868371165,-2.0999575344233463,0.5614117250148164,-2.8690465503780027,5.166499261397708,0,0,0,10.0,20.0,0.1,0.03,0.0,8.0,-0.2289553765134381
v5_progress,0,171,2.05733592784784,2.063602761627189,-2.1197439341286706,0.27327746032991795,6.453902008421215,-7.26490275937494,0,0,0,10.0,20.0,0.1,0.03,0.0,8.0,0.317851613002215
v5_progress,0,172,2.054885514170028,2.05733592784784,-2.084663673880832,0.1846564554738195,-8.0,0.463108051746842,0,0,0,10.0,20.0,0.1,0.03,0.0,8.0,0.08111843947585601
v5_progress,0,173,2.0525081091007493,2.054885514170028,-2.07335115971741,0.10241077622069895,-5.430095934788888,-1.1205349470989754,0,0,0,10.0,20.0,0.1,0.03,0.0,8.0,0.07505905680751353
v5_progress,0,174,2.0480738834574317,2.0525081091007493,-2.062749186722819,0.37224850494223066,5.310019969863718,4.784950276934713,0,0,0,10.0,20.0,0.1,0.03,0.0,8.0,-0.25709209920189136
v5_progress,0,175,2.0457045147809594,2.0480738834574317,-2.085298733951655,0.29819485561237236,5.417629984014765,-7.993809000077703,0,0,0,10.0,20.0,0.1,0.03,0.0,8.0,0.06483322056416307
v5_progress,0,176,2.051529957213605,2.0457045147809594,-2.0755240003421966,0.6594086730346608,2.966075387654416,-6.216684089153457,0,0,0,10.0,20.0,0.1,0.03,0.0,8.0,-0.45095089063217275
v5_progress,0,177,2.0588831531807,2.051529957213605,-2.1174708245170715,0.4214716661685066,-3.3742173229944448,3.4288240008051596,0,0,0,10.0,20.0,0.1,0.03,0.0,8.0,0.13368185417735784
v5_progress,0,178,2.0635806858128216,2.0588831531807,-2.1010303197975504,0.4231002066263558,4.232269078959076,1.2781850676528996,0,0,0,10.0,20.0,0.1,0.03,0.0,8.0,-0.07921467486106529
v5_progress,0,179,2.068120356150993,2.0635806858128216,-2.1058907064754573,0.4963868173582407,2.440137905026735,-0.7204804796596844,0,0,0,10.0,20.0,0.1,0.03,0.0,8.0,-0.14888560677350898
v5_progress,0,180,2.0746814292046345,2.068120356150993,-2.117759037886817,0.5708506080268346,-5.7253899759542595,-3.029569998992212,0,0,0,10.0,20.0,0.1,0.03,0.0,8.0,-0.17138572072862016
v5_progress,0,181,2.0856072110019612,2.0746814292046345,-2.131766490007318,0.8912457003390947,2.2951773920513148,-4.9426797240959095,0,0,0,10.0,20.0,0.1,0.03,0.0,8.0,-0.46058097035164924
v5_progress,0,182,2.103243371192793,2.0856072110019612,-2.1747317810358706,1.286003277494716,-4.5731761921375655,-7.282497108389749,0,0,0,10.0,20.0,0.1,0.03,0.0,8.0,-0.6034300760832529
v5_progress,0,183,2.125024145791912,2.103243371192793,-2.2318436989422645,1.2937654801991947,-5.068766927726213,-1.0067240503262376,0,0,0,10.0,20.0,0.1,0.03,0.0,8.0,-0.25640450780445456
v5_progress,0,184,2.1424374184050996,2.125024145791912,-2.2544006938118315,0.7708340580130381,-0.8960828696279693,8.0,0,0,0,10.0,20.0,0.1,0.03,0.0,8.0,0.31677360341336835
v5_progress,0,185,2.1590401175720384,2.1424374184050996,-2.2195208242064033,1.257753181330917,6.615472096615721,-6.407422516474569,0,0,0,10.0,20.0,0.1,0.03,0.0,8.0,-0.6855967254361985
v5_progress,0,186,2.180547934651473,2.1590401175720384,-2.2848154357051302,1.4505735025993656,6.8237110333850985,-1.6350891952750752,0,0,0,10.0,20.0,0.1,0.03,0.0,8.0,-0.4394371342172816
v5_progress,0,187,2.2051554758464014,2.180547934651473,-2.3256052849114095,1.7591366161438686,8.0,-3.0200524568965457,0,0,0,10.0,20.0,0.1,0.03,0.0,8.0,-0.5869235478951121
v5_progress,0,188,2.2301794618360997,2.2051554758464014,-2.381069137460788,1.6043216166911582,0.9779119459678346,2.6780462451242104,0,0,0,10.0,20.0,0.1,0.03,0.0,8.0,-0.1256788680525594
v5_progress,0,189,2.2510105352850487,2.2301794618360997,-2.3906116235052157,1.3580497718040225,5.071747805407852,5.102893781632153,0,0,0,10.0,20.0,0.1,0.03,0.0,8.0,0.0063435431867647565
v5_progress,0,190,2.2722711072873567,2.2510105352850487,-2.386815512465451,1.7430034578225466,1.914209138787267,-5.3296372825854865,0,0,0,10.0,20.0,0.1,0.03,0.0,8.0,-0.6285615694850704
v5_progress,0,191,2.2980734124217364,2.2722711072873567,-2.446571453069611,1.9230734435056882,-2.6262705180429036,-3.193388482362965,0,0,0,10.0,20.0,0.1,0.03,0.0,8.0,-0.4686272566154793
v5_progress,0,192,2.327666985367423,2.2980734124217364,-2.4903807567723053,2.2232670914739945,-1.8958387764471358,-4.6131128136278425,0,0,0,10.0,20.0,0.1,0.03,0.0,8.0,-0.6269067216282178
v5_progress,0,193,2.3638116862472267,2.327666985367423,-2.5499936945148223,2.818018434778661,0.027138767561057136,-8.0,0,0,0,10.0,20.0,0.1,0.03,0.0,8.0,-0.988198375118726
v5_progress,0,194,2.404374267733619,2.3638116862472267,-2.6456135297250927,2.908013795275933,-1.1476494760721416,-1.0792783091805016,0,0,0,10.0,20.0,0.1,0.03,0.0,8.0,-0.5256987360170919
v5_progress,0,195,2.443823689140214,2.404374267733619,-2.6951756472612125,2.813765272486182,0.07395849512474031,1.6689276407121534,0,0,0,10.0,20.0,0.1,0.03,0.0,8.0,-0.3303329034427267
v5_progress,0,196,2.482048843724987,2.443823689140214,-2.7252002163888323,2.9202869688534485,2.577761641983073,-0.23611232170351532,0,0,0,10.0,20.0,0.1,0.03,0.0,8.0,-0.5189826360934742
v5_progress,0,197,2.5150293650849918,2.482048843724987,-2.7740775406103317,2.2026934187996496,-3.8271164692121697,8.0,0,0,0,10.0,20.0,0.1,0.03,0.0,8.0,0.3553306233140979
v5_progress,0,198,2.538514881396819,2.5150293650849918,-2.7352987069649566,1.632992712337668,1.6446327049089309,7.317260284996019,0,0,0,10.0,20.0,0.1,0.03,0.0,8.0,0.30308782100582055
v5_progress,0,199,2.5622991325642555,2.538514881396819,-2.7018141526305857,2.3684015228917845,3.240983407271176,-7.389826145058471,0,0,0,10.0,20.0,0.1,0.03,0.0,8.0,-1.0052861192253706
v5_progress,0,200,2.5910620456277513,2.5622991325642555,-2.799139284853434,2.5066745414747866,-0.9318231635131822,-1.5095833923123518,0,0,0,10.0,20.0,0.1,0.03,0.0,8.0,-0.45600049723128555
v5_progress,1,1,1.2261898951319892,1.2252173810774687,-1.2252173810774687,0.27584495356967487,-4.366393842962006,1.2732902476602819,0,0,0,10.0,20.0,0.1,0.03,0.0,8.0,-0.3162165523413374
v5_progress,1,2,1.2302688636535206,1.2261898951319892,-1.2537743904889567,1.053838267397638,-4.907337993735488,5.711671416600774,0,0,0,10.0,20.0,0.1,0.03,0.0,8.0,-0.8505550351856513
v5_progress,1,3,1.236815093243022,1.2302688636535206,-1.3356526903932844,1.336325792081968,2.942853834024079,3.392777183244613,0,0,0,10.0,20.0,0.1,0.03,0.0,8.0,-0.37858017450757975
v5_progress,1,4,1.2448081137841378,1.236815093243022,-1.3704476724512187,1.9379418637643637,1.3179666056311545,5.577873252650528,0,0,0,10.0,20.0,0.1,0.03,0.0,8.0,-0.7125728304059353
v5_progress,1,5,1.2536755492010196,1.2448081137841378,-1.438602300160574,1.825656812508558,-2.18019913619486,-1.67769869571026,0,0,0,10.0,20.0,0.1,0.03,0.0,8.0,-0.006625801075108909
v5_progress,1,6,1.2611361133004664,1.2536755492010196,-1.4362412304518755,1.384817707972493,2.1703259505941133,-2.9930161006219898,0,0,0,10.0,20.0,0.1,0.03,0.0,8.0,0.3358063241631486
v5_progress,1,7,1.2674827868189193,1.2611361133004664,-1.3996178840977156,1.3052524413341664,-4.082039764038836,-1.8467211457152328,0,0,0,10.0,20.0,0.1,0.03,0.0,8.0,-0.01452876315949184
v5_progress,1,8,1.272302651742512,1.2674827868189193,-1.398008030952336,0.530675244489697,0.4018146071686854,-5.8684106643652685,0,0,0,10.0,20.0,0.1,0.03,0.0,8.0,0.6952973070240362
v5_progress,1,9,1.2770028900340225,1.272302651742512,-1.3253701761914818,0.9999659534503614,-8.0,1.2013616344067697,0,0,0,10.0,20.0,0.1,0.03,0.0,8.0,-0.5483381940562876
v5_progress,1,10,1.2837160988723801,1.2770028900340225,-1.3769994853790586,1.2636461435477062,-2.238884995634224,1.3255669637274594,0,0,0,10.0,20.0,0.1,0.03,0.0,8.0,-0.36102383266213967
v5_progress,1,11,1.2935849866886449,1.2837160988723801,-1.4100807132271507,2.525907310621932,-6.894284411566232,7.054280014719855,0,0,0,10.0,20.0,0.1,0.03,0.0,8.0,-1.3939904834891763
v5_progress,1,12,1.3044773946344046,1.2935849866886449,-1.5461757177508382,2.078501476933229,5.815428844234894,-1.4870415267406356,0,0,0,10.0,20.0,0.1,0.03,0.0,8.0,0.30735580094533677
v5_progress,1,13,1.3149377794120658,1.3044773946344046,-1.5123275423277276,3.1308193584628197,3.932300387790419,8.0,0,0,0,10.0,20.0,0.1,0.03,0.0,8.0,-1.1894049476293211
v5_progress,1,14,1.3253687118181243,1.3149377794120658,-1.6280197152583478,3.2777783567180276,8.0,3.0335813298703456,0,0,0,10.0,20.0,0.1,0.03,0.0,8.0,-0.28355590405594844
v5_progress,1,15,1.3328433808954867,1.3253687118181243,-1.6531465474899272,2.316210457672388,4.436592448532435,-4.45218527068634,0,0,0,10.0,20.0,0.1,0.03,0.0,8.0,0.8555866674520519
v5_progress,1,16,1.338227119037657,1.3328433808954867,-1.5644644266627254,2.706162607700366,3.8158252191364883,3.233995846311803,0,0,0,10.0,20.0,0.1,0.03,0.0,8.0,-0.4745713830508359
v5_progress,1,17,1.3418630405955296,1.338227119037657,-1.6088433798076935,1.6571667055202666,2.635047865661129,-4.7412963977759155,0,0,0,10.0,20.0,0.1,0.03,0.0,8.0,0.9817172063268147
v5_progress,1,18,1.3428251657243482,1.3418630405955296,-1.5075797111475562,0.29348933787736703,1.7493688928676732,-6.362039499194839,0,0,0,10.0,20.0,0.1,0.03,0.0,8.0,1.3226956214136936
v5_progress,1,19,1.3431972650703494,1.3428251657243482,-1.3721740995120848,1.233992617928213,0.7095646101293144,4.993454754354708,0,0,0,10.0,20.0,0.1,0.03,0.0,8.0,-0.9750192132708504
v5_progress,1,20,1.3444454662050258,1.3431972650703494,-1.4665965268631707,2.016925259773831,1.7144166800325769,4.400537346115306,0,0,0,10.0,20.0,0.1,0.03,0.0,8.0,-0.8261116517388625
v5_progress,1,21,1.3454138276758496,1.3444454662050258,-1.546137992182409,0.9299510195305046,-5.070656825573335,-6.684618590982859,0,0,0,10.0,20.0,0.1,0.03,0.0,8.0,1.0450907603366635
v5_progress,1,22,1.3472085493985377,1.3454138276758496,-1.4384089296289,3.063219458395896,-6.105939163433681,7.8927460905438,0,0,0,10.0,20.0,0.1,0.03,0.0,8.0,-2.1843274665271903
v5_progress,1,23,1.3498958139036117,1.3472085493985377,-1.6535304952381273,3.8217320686156944,-8.0,0.6650515435789885,0,0,0,10.0,20.0,0.1,0.03,0.0,8.0,-0.8173990769441517
v5_progress,1,24,1.3511819618433125,1.3498958139036117,-1.7320690207651812,4.650070092331248,-0.23876370148054138,3.162213068544107,0,0,0,10.0,20.0,0.1,0.03,0.0,8.0,-0.8715137718499374
v5_progress,1,25,1.3494879544098597,1.3511819618433125,-1.8161889710764374,4.287265408850578,1.6937475991937905,-0.8809251182122698,0,0,0,10.0,20.0,0.1,0.03,0.0,8.0,0.3496308575028969
v5_progress,1,26,1.3465937895604638,1.3494879544098597,-1.7782144952949175,2.841794581559264,-8.0,-7.69583674291427,0,0,0,10.0,20.0,0.1,0.03,0.0,8.0,1.440561666311097
v5_progress,1,27,1.3431642781614983,1.3465937895604638,-1.6307732477163903,3.345761410086009,0.49837508671600894,2.167651995488436,0,0,0,10.0,20.0,0.1,0.03,0.0,8.0,-0.4998263111902338
v5_progress,1,28,1.336424987205984,1.3431642781614983,-1.6777404191700993,4.59571475372278,-8.0,2.144222537869501,0,0,0,10.0,20.0,0.1,0.03,0.0,8.0,-1.2147041119032498
v5_progress,1,29,1.3283205736651784,1.336424987205984,-1.795996462578262,2.851859435099781,2.794840315924875,-4.771085946481635,0,0,0,10.0,20.0,0.1,0.03,0.0,8.0,1.7939440042341726
v5_progress,1,30,1.3199873047995097,1.3283205736651784,-1.6135065171751566,3.2835522741170733,4.702574295000977,3.4292035768073257,0,0,0,10.0,20.0,0.1,0.03,0.0,8.0,-0.3794187016784546
v5_progress,1,31,1.3104476771199456,1.3199873047995097,-1.648342532211217,2.6140033604493653,-1.3734609157306024,-2.415654532281457,0,0,0,10.0,20.0,0.1,0.03,0.0,8.0,0.7347038847850245
v5_progress,1,32,1.2979086846723558,1.3104476771199456,-1.5718480131648822,3.891967251079215,2.6357308802841413,6.10005163055535,0,0,0,10.0,20.0,0.1,0.03,0.0,8.0,-1.183953894502974
v5_progress,1,33,1.275639979150702,1.2979086846723558,-1.6871054097802773,5.570141804986078,-4.0833275818510275,6.2797079612352,0,0,0,10.0,20.0,0.1,0.03,0.0,8.0,-1.4872408829471737
v5_progress,1,34,1.2404447268787007,1.275639979150702,-1.83265415964931,6.799534183876356,0.5996354655223544,7.404201396056381,0,0,0,10.0,20.0,0.1,0.03,0.0,8.0,-0.9091642862016658
v5_progress,1,35,1.1898466364110734,1.2404447268787007,-1.9203981452663363,7.973663584189325,-6.065005303879213,7.073743223240689,0,0,0,10.0,20.0,0.1,0.03,0.0,8.0,-0.700861687278084
v5_progress,1,36,1.126705280186911,1.1898466364110734,-1.987212994830006,7.656371608249276,3.782925618153056,3.8156366937283837,0,0,0,10.0,20.0,0.1,0.03,0.0,8.0,0.9178033628813272
v5_progress,1,37,1.0567648425597482,1.126705280186911,-1.8923424410118388,7.208944655932911,6.333310666076691,3.591350225394637,0,0,0,10.0,20.0,0.1,0.03,0.0,8.0,1.1151748091994163
v5_progress,1,38,0.9824076440191176,1.0567648425597482,-1.7776593081530394,6.8449064628474465,-6.244841757201203,-0.08781784670068385,0,0,0,10.0,20.0,0.1,0.03,0.0,8.0,1.0763912484746874
v5_progress,1,39,0.907361926109476,0.9824076440191176,-1.6668982903038623,6.152526624788873,-0.974668062924078,-2.121277356912636,0,0,0,10.0,20.0,0.1,0.03,0.0,8.0,1.4126667110469324
v5_progress,1,40,0.8341157492276964,0.907361926109476,-1.5226145885883633,5.564882940896211,2.8347242688266516,-1.3293631386225377,0,0,0,10.0,20.0,0.1,0.03,0.0,8.0,1.289799113084377
v5_progress,1,41,0.7558867116890853,0.8341157492276964,-1.3906040433173175,6.084622900438038,-4.265504758480587,8.0,0,0,0,10.0,20.0,0.1,0.03,0.0,8.0,0.22998183675538822
v5_progress,1,42,0.6729700128393848,0.7558867116890853,-1.3643490017328892,5.665143870244414,-6.3791468991582985,-2.911065411613524,0,0,0,10.0,20.0,0.1,0.03,0.0,8.0,1.2171095244096373
v5_progress,1,43,0.590972179176723,0.6729700128393848,-1.2394843998638263,5.44158243923948,-0.6643455600178095,0.2535594872049072,0,0,0,10.0,20.0,0.1,0.03,0.0,8.0,1.013523966149158
v5_progress,1,44,0.5058804862278236,0.590972179176723,-1.135130423100671,5.618629538290875,-5.550475487472963,4.237347383224147,0,0,0,10.0,20.0,0.1,0.03,0.0,8.0,0.6423459900943753
v5_progress,1,45,0.4168515362112099,0.5058804862278236,-1.067743440056911,5.577610004874029,-0.6288877695421508,2.3109568820917588,0,0,0,10.0,20.0,0.1,0.03,0.0,8.0,0.9011297829099321
v5_progress,1,46,0.33206301126785165,0.4168515362112099,-0.9746125366986129,4.874525876057234,0.7600901050100678,-8.0,0,0,0,10.0,20.0,0.1,0.03,0.0,8.0,1.5189513239701369
v5_progress,1,47,0.2516609447255874,0.33206301126785165,-0.8195155988735751,5.000994603553254,1.788658005732279,4.3432331286487,0,0,0,10.0,20.0,0.1,0.03,0.0,8.0,0.6468624700681457
v5_progress,1,48,0.17553960743489883,0.2516609447255874,-0.7517604050809128,4.883610763794426,-2.6111939419585863,-0.4595543544448359,0,0,0,10.0,20.0,0.1,0.03,0.0,8.0,0.8483775400404884
v5_progress,1,49,0.12055661875283685,0.17553960743489883,-0.6639006838143414,4.842451683965981,1.0802922910977277,0.9364238091898938,0,0,0,10.0,20.0,0.1,0.03,0.0,8.0,0.5609250941182947
v5_progress,1,50,0.12335754058991658,0.12055661875283685,-0.604801787149435,4.925663206496669,-4.695948928804604,2.247980262838117,0,0,0,10.0,20.0,0.1,0.03,0.0,8.0,-0.14206778313911084
v5_progress,1,51,0.18633663423304053,0.12335754058991658,-0.6159238612395834,5.069944389447691,1.0435258568464876,3.398068249447264,0,0,0,10.0,20.0,0.1,0.03,0.0,8.0,-0.8044669885710696
v5_progress,1,52,0.26913018199284133,0.18633663423304053,-0.6933310731778097,4.558074036837121,-2.171723901405929,-8.0,0,0,0,10.0,20.0,0.1,0.03,0.0,8.0,-0.3482125120094349
v5_progress,1,53,0.35694760073566867,0.26913018199284133,-0.7249375856765534,4.80096913536013,3.362776889395833,4.1673998686583715,0,0,0,10.0,20.0,0.1,0.03,0.0,8.0,-1.1519653950160675
v5_progress,1,54,0.44698860357587056,0.35694760073566867,-0.8370445142716816,4.451264175147657,-7.201285073793584,-4.966051360812457,0,0,0,10.0,20.0,0.1,0.03,0.0,8.0,-0.583096323590556
v5_progress,1,55,0.5371535482758549,0.44698860357587056,-0.8921150210906363,4.670828185283978,8.0,2.440520190619124,0,0,0,10.0,20.0,0.1,0.03,0.0,8.0,-1.1533995864736888
v5_progress,1,56,0.6335331938330255,0.5371535482758549,-1.0042363668042527,4.979075674969722,-1.1311507223473916,4.729233167910927,0,0,0,10.0,20.0,0.1,0.03,0.0,8.0,-1.302782856142236
v5_progress,1,57,0.7304265408480692,0.6335331938330255,-1.1314407613299977,4.747269059584376,2.052266687332303,-4.109106735770588,0,0,0,10.0,20.0,0.1,0.03,0.0,8.0,-0.7677861221626502
v5_progress,1,58,0.8269148888380727,0.7304265408480692,-1.2051534468065068,5.049437247138234,1.5704927017845933,4.023927849593783,0,0,0,10.0,20.0,0.1,0.03,0.0,8.0,-1.2976347437871776
v5_progress,1,59,0.9260597150212254,0.8269148888380727,-1.3318586135518962,5.223187486369967,5.199433878887727,1.3449668636379124,0,0,0,10.0,20.0,0.1,0.03,0.0,8.0,-1.196099846329671
v5_progress,1,60,1.0251343184338488,0.9260597150212254,-1.448378463658222,5.368315338299956,6.290086726216585,1.0060729858655113,0,0,0,10.0,20.0,0.1,0.03,0.0,8.0,-1.1671419289898564
v5_progress,1,61,1.119257419032287,1.0251343184338488,-1.5619658522638444,5.049654455337224,-4.528144955328998,-2.1276682367701056,0,0,0,10.0,20.0,0.1,0.03,0.0,8.0,-0.6533523439235955
v5_progress,1,62,1.2114584290825359,1.119257419032287,-1.6242228645660095,5.514679382553798,2.4761588234365894,7.838620919323817,0,0,0,10.0,20.0,0.1,0.03,0.0,8.0,-1.4191467571076783
v5_progress,1,63,1.3006137846504628,1.2114584290825359,-1.7629263673379156,5.133368893849618,1.1106275683526934,-4.346545018010596,0,0,0,10.0,20.0,0.1,0.03,0.0,8.0,-0.5408720028247509
v5_progress,1,64,1.383614455779243,1.3006137846504628,-1.8139506740354245,5.143462202476525,-3.063935367910177,2.1392752299199373,0,0,0,10.0,20.0,0.1,0.03,0.0,8.0,-0.8705364011162116
v5_progress,1,65,1.4650861929017995,1.383614455779243,-1.8979606760268954,5.303876561425353,-0.5099608466283212,3.9023767712955877,0,0,0,10.0,20.0,0.1,0.03,0.0,8.0,-1.0056157490659645
v5_progress,1,66,1.5457460611203488,1.4650861929017995,-1.995473849044335,5.455811861524397,2.050818462472447,3.3390112026966663,0,0,0,10.0,20.0,0.1,0.03,0.0,8.0,-0.9890138214150921
v5_progress,1,67,1.621035158370542,1.5457460611203488,-2.0913272472727886,4.954276085421065,-4.160547099211841,-8.0,0,0,0,10.0,20.0,0.1,0.03,0.0,8.0,-0.28389613865374586
v5_progress,1,68,1.6915243924865615,1.621035158370542,-2.1164627669126483,5.11638888638256,1.822966587534468,2.7732840000220036,0,0,0,10.0,20.0,0.1,0.03,0.0,8.0,-0.8973493393505694
v5_progress,1,69,1.7609915241678533,1.6915243924865615,-2.2031632811248176,5.269433945657817,8.0,2.8461285069812923,0,0,0,10.0,20.0,0.1,0.03,0.0,8.0,-0.8799695150718677
v5_progress,1,70,1.8258630161478304,1.7609915241678533,-2.287934918733635,4.850244863446693,-4.096078285682789,-8.0,0,0,0,10.0,20.0,0.1,0.03,0.0,8.0,-0.2620501456299752
v5_progress,1,71,1.8828071522899512,1.8258630161478304,-2.3108875024924997,4.355358017590999,3.802409752637291,-8.0,0,0,0,10.0,20.0,0.1,0.03,0.0,8.0,-0.10700633806323195
v5_progress,1,72,1.9351261806975188,1.8828071522899512,-2.318342954049051,4.461799345088317,-0.34967913490021957,0.6952837625730014,0,0,0,10.0,20.0,0.1,0.03,0.0,8.0,-0.6596505395419902
v5_progress,1,73,1.9862478542471003,1.9351261806975188,-2.3813061152063506,4.524634181632194,0.5607533810594646,-0.013438804400446216,0,0,0,10.0,20.0,0.1,0.03,0.0,8.0,-0.6040614040695609
v5_progress,1,74,2.0354205054062917,1.9862478542471003,-2.4387112724103197,4.50885609901859,-1.6822657909839887,-1.7597107981198188,0,0,0,10.0,20.0,0.1,0.03,0.0,8.0,-0.5061336352372039
v5_progress,1,75,2.0842472032128363,2.0354205054062917,-2.486306115308151,4.844079846808277,-8.0,1.2388434216066635,0,0,0,10.0,20.0,0.1,0.03,0.0,8.0,-0.8555386862621063
v5_progress,1,76,2.1314235576514267,2.0842472032128363,-2.568655187893664,4.680448790990738,6.454814832153779,-1.941404610875345,0,0,0,10.0,20.0,0.1,0.03,0.0,8.0,-0.339552291267758
v5_progress,1,77,2.177784431503166,2.1314235576514267,-2.5994684367505005,5.370136721186078,-2.51058946285187,5.754679772817153,0,0,0,10.0,20.0,0.1,0.03,0.0,8.0,-1.1845285249233162
v5_progress,1,78,2.2275420997988173,2.177784431503166,-2.714798103621774,6.288691186495963,-4.954662140361144,6.225648205019806,0,0,0,10.0,20.0,0.1,0.03,0.0,8.0,-1.4481095036569536
v5_progress,1,79,2.276650970945362,2.2275420997988173,-2.8564112184484136,6.347640039829032,-2.227104445245127,-2.84424527065339,0,0,0,10.0,20.0,0.1,0.03,0.0,8.0,-0.5804453687163155
v5_progress,1,80,2.3222771898449013,2.276650970945362,-2.911414974928265,6.902190174621081,-2.6645350934124163,1.1310261118107916,0,0,0,10.0,20.0,0.1,0.03,0.0,8.0,-1.0410741665164953
v5_progress,1,81,2.3651839227010814,2.3222771898449013,-3.0124962073070094,7.590420773195461,-7.253316959708307,-0.18036780439381842,0,0,0,10.0,20.0,0.1,0.03,0.0,8.0,-1.1489430252443968
v5_progress,1,82,2.402013321689152,2.3651839227010814,-3.1242260000206277,7.359304138376221,-7.706665853709304,-6.937721498590898,0,0,0,10.0,20.0,0.1,0.03,0.0,8.0,-0.1705375012543622
v5_progress,1,83,2.429985657737271,2.402013321689152,-3.137943735526774,7.215877936046667,3.2811178849005507,-2.158811377877983,0,0,0,10.0,20.0,0.1,0.03,0.0,8.0,-0.16677922693726016
v5_progress,1,84,2.4496295417268534,2.429985657737271,-3.151573451341938,7.321626844713741,-5.135806490896136,-2.8903259716789464,0,0,0,10.0,20.0,0.1,0.03,0.0,8.0,-0.33327307645459725
v5_progress,1,85,2.460605353492252,2.4496295417268534,-3.1817922261982274,7.309935317537388,8.0,1.3138498536338856,0,0,0,10.0,20.0,0.1,0.03,0.0,8.0,-0.13012053427257095
v5_progress,1,86,2.462635513412783,2.460605353492252,-3.191598885245991,7.086911618224867,-4.1095375485319385,-2.6463272219115255,0,0,0,10.0,20.0,0.1,0.03,0.0,8.0,0.17197549552507904
v5_progress,1,87,2.4586457427165787,2.462635513412783,-3.17132667523527,4.871023232014628,1.116638040271576,-7.359169736474001,0,0,0,10.0,20.0,0.1,0.03,0.0,8.0,2.2240547100559325
v5_progress,1,88,2.4529296364323265,2.4586457427165787,-2.9457480659180417,3.9122032868849357,3.62083200333754,-1.776946224499105,0,0,0,10.0,20.0,0.1,0.03,0.0,8.0,0.9854726341509314
v5_progress,1,89,2.4424444944218053,2.4529296364323265,-2.84414996512082,5.727606619599135,-3.0041862153921004,6.045868427412626,0,0,0,10.0,20.0,0.1,0.03,0.0,8.0,-1.7419762144795639
v5_progress,1,90,2.420134598405811,2.4424444944218053,-3.015205156381719,7.430883734466273,1.294464675181748,8.0,0,0,0,10.0,20.0,0.1,0.03,0.0,8.0,-1.5122305184195497
v5_progress,1,91,2.3872324539060967,2.420134598405811,-3.1632229718524387,6.880104753250177,-1.7043017340062148,-0.5176624714371703,0,0,0,10.0,20.0,0.1,0.03,0.0,8.0,0.8497012818746522
v5_progress,1,92,2.352633228855721,2.3872324539060967,-3.0752429292311145,5.4261725715509534,5.690914084364964,-2.44850491928422,0,0,0,10.0,20.0,0.1,0.03,0.0,8.0,1.768725004720001
v5_progress,1,93,2.321144587734982,2.352633228855721,-2.8952504860108164,4.300558336818834,5.211572037291953,-2.1955873715781484,0,0,0,10.0,20.0,0.1,0.03,0.0,8.0,1.4095012369705697
v5_progress,1,94,2.2962624380606376,2.321144587734982,-2.7512004214168653,2.9141762270274634,-1.9975518403655388,-6.908559201602075,0,0,0,10.0,20.0,0.1,0.03,0.0,8.0,1.6035874064224083
v5_progress,1,95,2.278133085185903,2.2962624380606376,-2.587680060763384,2.3063981747423172,1.7548983098632374,-2.2208027164522077,0,0,0,10.0,20.0,0.1,0.03,0.0,8.0,0.7588212175080077
v5_progress,1,96,2.2598237636766028,2.278133085185903,-2.508772902660135,2.706238201646003,-1.8907348404292714,2.451392913874675,0,0,0,10.0,20.0,0.1,0.03,0.0,8.0,-0.24704631823114867
v5_progress,1,97,2.2424132672916692,2.2598237636766028,-2.530447583841203,1.942071039800977,2.0293676075287586,-3.5751200685088,0,0,0,10.0,20.0,0.1,0.03,0.0,8.0,0.9077440064321487
v5_progress,1,98,2.2263728182617113,2.2424132672916692,-2.436620371271767,2.284607770574484,-4.110851309338014,1.5042804859514922,0,0,0,10.0,20.0,0.1,0.03,0.0,8.0,-0.2127310516697964
v5_progress,1,99,2.207326919599355,2.2263728182617113,-2.4548335953191596,2.540083415765629,-5.4066231134536915,0.7555615121824967,0,0,0,10.0,20.0,0.1,0.03,0.0,8.0,-0.09594798502663338
v5_progress,1,100,2.187643242538116,2.207326919599355,-2.461335261175918,2.3235903942993534,0.9234966029826549,-0.5908112355025144,0,0,0,10.0,20.0,0.1,0.03,0.0,8.0,0.3832922325820488
v5_progress,1,101,2.1659092309473666,2.187643242538116,-2.4200022819680513,2.8158467655064543,-5.884182887004185,2.7145853042054577,0,0,0,10.0,20.0,0.1,0.03,0.0,8.0,-0.30622852347527907
v5_progress,1,102,2.140138325485168,2.1659092309473666,-2.447493907498012,2.928460822801559,1.3781495354240938,2.2707463450669985,0,0,0,10.0,20.0,0.1,0.03,0.0,8.0,0.11487451029232926
v5_progress,1,103,2.1125936892198376,2.140138325485168,-2.432984407765324,2.8535668279722826,3.2989862310933424,1.3386119087588861,0,0,0,10.0,20.0,0.1,0.03,0.0,8.0,0.31994425773273094
v5_progress,1,104,2.0899995171358534,2.1125936892198376,-2.397950372017066,1.8887886755630794,2.7414844631213717,-7.032191041430637,0,0,0,10.0,20.0,0.1,0.03,0.0,8.0,1.158939640502022
v5_progress,1,105,2.075749123115385,2.0899995171358534,-2.2788783846921614,1.3724334213391087,1.8679347482746744,-3.8251183209165327,0,0,0,10.0,20.0,0.1,0.03,0.0,8.0,0.6282929222288802
v5_progress,1,106,2.065788135225762,2.075749123115385,-2.212992465249296,1.1390668373019328,1.382043108426123,-1.5444071716485637,0,0,0,10.0,20.0,0.1,0.03,0.0,8.0,0.3028422367876098
v5_progress,1,107,2.058851494660139,2.065788135225762,-2.1796948189559555,0.888006459746789,-0.4852640434185037,-2.4403839076116247,0,0,0,10.0,20.0,0.1,0.03,0.0,8.0,0.2902333158736147
v5_progress,1,108,2.051344167962069,2.058851494660139,-2.147652140634818,1.2217634838417821,-0.7463410287806107,3.361267283441879,0,0,0,10.0,20.0,0.1,0.03,0.0,8.0,-0.2890542303231026
v5_progress,1,109,2.045514321381285,2.051344167962069,-2.173520516346247,0.6657843471492317,-0.2725297199293603,-5.716744448781563,0,0,0,10.0,20.0,0.1,0.03,0.0,8.0,0.5832539950147366
v5_progress,1,110,2.0455327700020582,2.045514321381285,-2.112092756096208,0.5311253937151245,-5.996654245040055,-3.6175309807503475,0,0,0,10.0,20.0,0.1,0.03,0.0,8.0,0.10294176745977171
v5_progress,1,111,2.046344352226643,2.0455327700020582,-2.0986453093735706,0.7156826984721268,-3.5292060513552954,1.2687037898110283,0,0,0,10.0,20.0,0.1,0.03,0.0,8.0,-0.22311265527344934
v5_progress,1,112,2.049230292891436,2.046344352226643,-2.1179126220738556,0.5172306102977873,-6.7577495718635125,-5.59260743371548,0,0,0,10.0,20.0,0.1,0.03,0.0,8.0,0.13718816786441956
v5_progress,1,113,2.0555031783823003,2.049230292891436,-2.1009533539212146,0.5423881100998174,-2.737687339722456,-0.5900376130546034,0,0,0,10.0,20.0,0.1,0.03,0.0,8.0,-0.11813145084676391
v5_progress,1,114,2.061757742218925,2.0555031783823003,-2.109741989392282,0.4447795199003141,8.0,1.5851164139924792,0,0,0,10.0,20.0,0.1,0.03,0.0,8.0,0.00298443326932106
v5_progress,1,115,2.0639839806290774,2.061757742218925,-2.1062356942089564,0.8375460234620057,-1.93686939884499,5.489257874987128,0,0,0,10.0,20.0,0.1,0.03,0.0,8.0,-0.4460877443846646
v5_progress,1,116,2.064703650839583,2.0639839806290774,-2.147738582975278,0.5773233503760529,0.2911380596623177,-3.204835125951617,0,0,0,10.0,20.0,0.1,0.03,0.0,8.0,0.22270235443232775
v5_progress,1,117,2.0685857792224485,2.064703650839583,-2.122435985877188,0.5199689765114568,-1.2148411514981519,-1.4167238637129491,0,0,0,10.0,20.0,0.1,0.03,0.0,8.0,-0.011575752011854065
v5_progress,1,118,2.0774717401637446,2.0685857792224485,-2.1205826768735943,0.5794309473310204,-2.1536171584873,-6.383884756947986,0,0,0,10.0,20.0,0.1,0.03,0.0,8.0,-0.17974008184050327
v5_progress,1,119,2.0893453706114418,2.0774717401637446,-2.1354148348968467,0.557386907684765,-8.0,0.5218139509214479,0,0,0,10.0,20.0,0.1,0.03,0.0,8.0,-0.1287007738869461
v5_progress,1,120,2.0983610601020515,2.0893453706114418,-2.1450840613799182,0.6009582624018979,-1.5435193854554767,2.534197978158858,0,0,0,10.0,20.0,0.1,0.03,0.0,8.0,-0.16400339373215905
v5_progress,1,121,2.104273311115497,2.0983610601020515,-2.158456886342241,0.6022131317301521,5.8585743428199155,2.9982358323495886,0,0,0,10.0,20.0,0.1,0.03,0.0,8.0,-0.0917308891951106
v5_progress,1,122,2.1134962367333108,2.104273311115497,-2.1644946242885124,0.6306911650696987,4.380983215854108,-6.245456298513468,0,0,0,10.0,20.0,0.1,0.03,0.0,8.0,-0.15252600009000294
v5_progress,1,123,2.129495249976669,2.1134962367333108,-2.1765653532402807,0.8873660564406335,-0.20252641217650427,-3.291499616446812,0,0,0,10.0,20.0,0.1,0.03,0.0,8.0,-0.44700486713803844
v5_progress,1,124,2.152267847914516,2.129495249976669,-2.2182318556207323,1.6001263904674405,5.2460667090508535,-6.2533467935625415,0,0,0,10.0,20.0,0.1,0.03,0.0,8.0,-0.9725683622189143
v5_progress,1,125,2.179489022861929,2.152267847914516,-2.31228048696126,1.5446352630812812,-8.0,-1.3086262451319446,0,0,0,10.0,20.0,0.1,0.03,0.0,8.0,-0.2487741377957644
v5_progress,1,126,2.2108307041191866,2.179489022861929,-2.333952549170057,2.2638846560499855,0.9053947585627828,-6.474768570501602,0,0,0,10.0,20.0,0.1,0.03,0.0,8.0,-1.0640019045322313
v5_progress,1,127,2.2470447436520975,2.2108307041191866,-2.437219169724185,2.4720955341939304,1.2912807118887342,-1.2021058460799168,0,0,0,10.0,20.0,0.1,0.03,0.0,8.0,-0.6004485379837452
v5_progress,1,128,2.2811181377564225,2.2470447436520975,-2.4942542970714907,2.0626214468287083,-4.746339372828394,2.600883814633186,0,0,0,10.0,20.0,0.1,0.03,0.0,8.0,0.037824760882622446
v5_progress,1,129,2.314816036811754,2.2811181377564225,-2.487380282439293,2.5493807357876337,-1.252221472081885,-4.102835249137457,0,0,0,10.0,20.0,0.1,0.03,0.0,8.0,-0.8543133206277627
v5_progress,1,130,2.34988222657971,2.314816036811754,-2.5697541103905173,2.565453764480179,5.6669166658121375,1.8513410672299226,0,0,0,10.0,20.0,0.1,0.03,0.0,8.0,-0.3978455953797495
v5_progress,1,131,2.386108587034293,2.34988222657971,-2.6064276030277282,3.0545735058631007,-5.244472164544434,-4.736040447615801,0,0,0,10.0,20.0,0.1,0.03,0.0,8.0,-0.8829438011601907
v5_progress,1,132,2.4244131199011214,2.386108587034293,-2.691565937620603,3.2714884528267243,0.7893480784833348,-0.7582264842743839,0,0,0,10.0,20.0,0.1,0.03,0.0,8.0,-0.6299977124378597
v5_progress,1,133,2.4628737664793183,2.4244131199011214,-2.751561965183794,3.5811791708321667,1.7101358839608032,-0.9339437567944803,0,0,0,10.0,20.0,0.1,0.03,0.0,8.0,-0.7244158342774861
v5_progress,1,134,2.5049755217075407,2.4628737664793183,-2.820991683562535,4.660026909250903,-7.69220374052578,-8.0,0,0,0,10.0,20.0,0.1,0.03,0.0,8.0,-1.5337143531505186
v5_progress,1,135,2.552738622498874,2.5049755217075407,-2.970978212632631,5.860955365696166,-4.8748433632887735,-6.809269870545093,0,0,0,10.0,20.0,0.1,0.03,0.0,8.0,-1.7107510347956718
v5_progress,1,136,2.60149782275907,2.552738622498874,-3.1388341590684905,6.732272431259041,4.00672667867914,-1.5516617347894905,0,0,0,10.0,20.0,0.1,0.03,0.0,8.0,-1.3894859904403618
v5_progress,1,137,2.644427987165519,2.60149782275907,-3.274725065884974,6.577379169922347,-7.678235039127126,-0.7318989395955684,0,0,0,10.0,20.0,0.1,0.03,0.0,8.0,-0.30626747552072864
v5_progress,1,138,2.680185896706337,2.644427987165519,-3.3021659041577536,7.620198994374202,4.933719156023165,-1.87170529093474,0,0,0,10.0,20.0,0.1,0.03,0.0,8.0,-1.4312690719039922
v5_progress,1,139,2.706738177189715,2.680185896706337,-3.442205796143757,7.730837311901441,7.456213192259027,1.7886695031892492,0,0,0,10.0,20.0,0.1,0.03,0.0,8.0,-0.40799844904102234
v5_progress,1,140,2.7211983548780427,2.706738177189715,-3.479821908379859,7.137887082888586,3.4006020209245773,2.1190385971985037,0,0,0,10.0,20.0,0.1,0.03,0.0,8.0,0.4178467515457912
v5_progress,1,141,2.7253056093536463,2.7211983548780427,-3.4349870631669015,6.9931251816907585,-5.98890736750661,-3.0834966556545917,0,0,0,10.0,20.0,0.1,0.03,0.0,8.0,0.07227138884547903
v5_progress,1,142,2.7204506070344325,2.7253056093536463,-3.4246181275227223,6.927921191255607,-8.0,-4.616220092570017,0,0,0,10.0,20.0,0.1,0.03,0.0,8.0,0.08108809212906944
v5_progress,1,143,2.708950654734782,2.7204506070344325,-3.4132427261599934,5.515553498362656,0.8072160663753551,4.22031356246246,0,0,0,10.0,20.0,0.1,0.03,0.0,8.0,1.496790258253726
v5_progress,1,144,2.691825209170962,2.708950654734782,-3.260506004571048,5.978295573437305,1.3475237836863532,-4.468080300751089,0,0,0,10.0,20.0,0.1,0.03,0.0,8.0,-0.3221682307464967
v5_progress,1,145,2.669792788367067,2.691825209170962,-3.2896547665146927,4.960666380326211,4.5577504294091495,4.694004269815881,0,0,0,10.0,20.0,0.1,0.03,0.0,8.0,1.2066156897418627
v5_progress,1,146,2.643674471092589,2.669792788367067,-3.165859426399688,5.350144735693037,2.7264600878758505,-4.253923121465588,0,0,0,10.0,20.0,0.1,0.03,0.0,8.0,-0.15909297782623366
v5_progress,1,147,2.6150405567412944,2.643674471092589,-3.1786889446618924,4.237289567179429,6.926030655339906,7.682748356744594,0,0,0,10.0,20.0,0.1,0.03,0.0,8.0,1.3658507331843097
v5_progress,1,148,2.590964835968807,2.6150405567412944,-3.038769513459237,3.0355834856646955,0.2500773092339715,8.0,0,0,0,10.0,20.0,0.1,0.03,0.0,8.0,1.4104613349064603
v5_progress,1,149,2.5664580406561734,2.590964835968807,-2.894523184535277,3.7037513578366803,-2.3246470742755494,-7.745928940433592,0,0,0,10.0,20.0,0.1,0.03,0.0,8.0,-0.4551437752697146
v5_progress,1,150,2.536716511224294,2.5664580406561734,-2.9368331764398414,3.756668710832931,-2.805257341850733,-2.9918261601796163,0,0,0,10.0,20.0,0.1,0.03,0.0,8.0,0.2139723009310783
v5_progress,1,151,2.503769054764802,2.536716511224294,-2.9123833823075875,3.836743257308315,-0.7316359800720241,-2.814382736050452,0,0,0,10.0,20.0,0.1,0.03,0.0,8.0,0.2191357668260312
v5_progress,1,152,2.4672509993927756,2.503769054764802,-2.8874433804956334,3.8938558696246792,7.432005765248985,-0.5809610370738635,0,0,0,10.0,20.0,0.1,0.03,0.0,8.0,0.2763313093594847
v5_progress,1,153,2.429600624838893,2.4672509993927756,-2.8566365863552434,3.5369811222540544,-3.7467637793015283,1.252856205245303,0,0,0,10.0,20.0,0.1,0.03,0.0,8.0,0.7028907464254227
v5_progress,1,154,2.3942243258513116,2.429600624838893,-2.7832987370642983,3.0960420832814304,-3.9242973457025383,2.7966602864453987,0,0,0,10.0,20.0,0.1,0.03,0.0,8.0,0.7639763595229603
v5_progress,1,155,2.363033106579626,2.3942243258513116,-2.7038285341794546,2.539813906111971,-1.3124707953363177,5.5027233009745125,0,0,0,10.0,20.0,0.1,0.03,0.0,8.0,0.8371402904076966
v5_progress,1,156,2.335409246180494,2.363033106579626,-2.6170144971908234,2.3270622476807543,-5.500078873376211,0.7847962517911289,0,0,0,10.0,20.0,0.1,0.03,0.0,8.0,0.458025675773469
v5_progress,1,157,2.309975614696374,2.335409246180494,-2.5681154709485696,2.060231788679316,1.16408925926794,3.087767698406901,0,0,0,10.0,20.0,0.1,0.03,0.0,8.0,0.490826479681301
v5_progress,1,158,2.2841099066146757,2.309975614696374,-2.5159987935643056,2.2555840999035537,-3.650768628608738,-4.172331104489676,0,0,0,10.0,20.0,0.1,0.03,0.0,8.0,0.03234425526695949
v5_progress,1,159,2.2590227933829423,2.2841099066146757,-2.509668316605031,1.8522284307327772,0.5565278563268964,5.389247193704678,0,0,0,10.0,20.0,0.1,0.03,0.0,8.0,0.6233094980953053
v5_progress,1,160,2.235652722833287,2.2590227933829423,-2.44424563645622,1.8804147497135342,6.085462698145774,-0.28059777814909365,0,0,0,10.0,20.0,0.1,0.03,0.0,8.0,0.1743546492856838
v5_progress,1,161,2.213489937637542,2.235652722833287,-2.4236941978046405,1.557474082704692,5.109359123770956,5.1735527881401335,0,0,0,10.0,20.0,0.1,0.03,0.0,8.0,0.5129162939941888
v5_progress,1,162,2.1941170744715675,2.213489937637542,-2.369237345908011,1.4398228492357403,0.31767575578262947,1.5618529544685074,0,0,0,10.0,20.0,0.1,0.03,0.0,8.0,0.2813004806744108
v5_progress,1,163,2.1746006493689634,2.1941170744715675,-2.3380993593951414,1.5362530181512224,-2.7038597182891206,-2.2422540416188164,0,0,0,10.0,20.0,0.1,0.03,0.0,8.0,0.06834850209295422
v5_progress,1,164,2.1540471762935667,2.1746006493689634,-2.3282259511840855,1.5245735793710153,0.43517005448422597,-0.18185641021089094,0,0,0,10.0,20.0,0.1,0.03,0.0,8.0,0.18720721813635405
v5_progress,1,165,2.1360645362441892,2.1540471762935667,-2.306504534230668,1.286124745014554,-7.467201940991542,4.090387178973741,0,0,0,10.0,20.0,0.1,0.03,0.0,8.0,0.38600991072206325
v5_progress,1,166,2.1225332756701016,2.1360645362441892,-2.2646770107456446,1.123789749201549,0.9545820879351388,3.395908882791724,0,0,0,10.0,20.0,0.1,0.03,0.0,8.0,0.26725874455066745
v5_progress,1,167,2.106798046725089,2.1225332756701016,-2.2349122505902566,1.472572987498726,-1.4342525612048211,-7.961700256286258,0,0,0,10.0,20.0,0.1,0.03,0.0,8.0,-0.22347612857768462
v5_progress,1,168,2.0838191395530066,2.106798046725089,-2.2540553454749617,1.734477511394325,8.0,-5.240248781939536,0,0,0,10.0,20.0,0.1,0.03,0.0,8.0,-0.06497358365279174
v5_progress,1,169,2.056071121597278,2.0838191395530066,-2.257266890692439,1.8524181527559285,2.5543326158655755,-2.4266990810486595,0,0,0,10.0,20.0,0.1,0.03,0.0,8.0,0.12915161683498208
v5_progress,1,170,2.027638950595062,2.056071121597278,-2.2413129368728706,1.736836532869042,0.3409265841999483,1.6710545474588268,0,0,0,10.0,20.0,0.1,0.03,0.0,8.0,0.36981243446415857
v5_progress,1,171,2.0025207184681477,2.027638950595062,-2.201322603881966,1.4805189249446025,-1.7461877634435488,4.576614855424832,0,0,0,10.0,20.0,0.1,0.03,0.0,8.0,0.476750098717327
v5_progress,1,172,1.9793096088140818,2.0025207184681477,-2.150572610962608,1.5106840438269427,1.8410720467043769,-1.0052337805164204,0,0,0,10.0,20.0,0.1,0.03,0.0,8.0,0.17180847636973717
v5_progress,1,173,1.9537611976115574,1.9793096088140818,-2.130378013196776,1.6725760009795285,-1.9178897663442533,-3.3120294159954264,0,0,0,10.0,20.0,0.1,0.03,0.0,8.0,0.0631344098723987
v5_progress,1,174,1.9241517763504379,1.9537611976115574,-2.1210187977095103,1.8584456592904786,3.2003249337812063,-4.016542306018718,0,0,0,10.0,20.0,0.1,0.03,0.0,8.0,0.0794003451821876
v5_progress,1,175,1.8897738670177218,1.9241517763504379,-2.109996342279486,2.0606333719069765,3.028737792123483,-4.149720864366174,0,0,0,10.0,20.0,0.1,0.03,0.0,8.0,0.11076658583986412
v5_progress,1,176,1.8519466948605543,1.8897738670177218,-2.0958372042084195,2.1365057713662856,-0.582599988941753,-1.605296155784153,0,0,0,10.0,20.0,0.1,0.03,0.0,8.0,0.2723081846594002
v5_progress,1,177,1.813701645346505,1.8519466948605543,-2.065597271997183,2.0503888633742564,1.1178969742480167,1.254999071996734,0,0,0,10.0,20.0,0.1,0.03,0.0,8.0,0.4384791307476579
v5_progress,1,178,1.7752738920455022,1.813701645346505,-2.0187405316839304,2.1472413374527473,-6.805976659294595,-1.139660947629277,0,0,0,10.0,20.0,0.1,0.03,0.0,8.0,0.25593692938895873
v5_progress,1,179,1.7377049472969193,1.7752738920455022,-1.989998025790777,1.9615471308623305,3.2094640740452465,2.893394344376995,0,0,0,10.0,20.0,0.1,0.03,0.0,8.0,0.5308001418739131
v5_progress,1,180,1.700603696592211,1.7377049472969193,-1.9338596603831524,2.057882301329085,0.6018257930709668,-2.0893217755968974,0,0,0,10.0,20.0,0.1,0.03,0.0,8.0,0.24452960346260436
v5_progress,1,181,1.6582063381434375,1.700603696592211,-1.9063919267251195,2.4349625579152545,-3.1999820217201687,-6.573531732191081,0,0,0,10.0,20.0,0.1,0.03,0.0,8.0,0.015222977764894383
v5_progress,1,182,1.61288221133136,1.6582063381434375,-1.901702593934963,2.3709237316170295,-5.519259685165877,2.5294133273057655,0,0,0,10.0,20.0,0.1,0.03,0.0,8.0,0.4861282144423561
v5_progress,1,183,1.5677440441445287,1.61288221133136,-1.8499745844930628,2.4908620478919787,-3.5078841918540165,-1.3285956906680825,0,0,0,10.0,20.0,0.1,0.03,0.0,8.0,0.301003655030464
v5_progress,1,184,1.5214495505675967,1.5677440441445287,-1.8168302489337267,2.476642762372043,4.029652568678313,-0.9370354586374859,0,0,0,10.0,20.0,0.1,0.03,0.0,8.0,0.44662934206191307
v5_progress,1,185,1.478201929104524,1.5214495505675967,-1.769113826804801,2.2586196690755136,-2.1278082791962034,5.214486508307602,0,0,0,10.0,20.0,0.1,0.03,0.0,8.0,0.6195081067516817
v5_progress,1,186,1.438668608475553,1.478201929104524,-1.7040638960120755,2.242470428572517,-0.3068233489367126,0.4873255045277234,0,0,0,10.0,20.0,0.1,0.03,0.0,8.0,0.3814720834578723
v5_progress,1,187,1.3975500356199682,1.438668608475553,-1.6629156513328045,2.459424171263984,-2.257649938974772,-3.450400861202531,0,0,0,10.0,20.0,0.1,0.03,0.0,8.0,0.16370066557219368
v5_progress,1,188,1.3539462099421113,1.3975500356199682,-1.6434924527463666,2.5525471073000765,-2.0757525664454173,-0.8562029478093208,0,0,0,10.0,20.0,0.1,0.03,0.0,8.0,0.31275776348607176
v5_progress,1,189,1.3112889506069274,1.3539462099421113,-1.609200920672119,2.4674932063387884,1.9814269060504373,0.8168579723456515,0,0,0,10.0,20.0,0.1,0.03,0.0,8.0,0.4814829533902826
v5_progress,1,190,1.2738152032064995,1.3112889506069274,-1.5580382712408063,2.1607713551736083,3.7104066163053915,4.4179504837133265,0,0,0,10.0,20.0,0.1,0.03,0.0,8.0,0.6504191563027455
v5_progress,1,191,1.2412070775972448,1.2738152032064995,-1.4898923387238603,2.0662866319575772,3.406248008115625,-0.04818493452611928,0,0,0,10.0,20.0,0.1,0.03,0.0,8.0,0.39020332783105605
v5_progress,1,192,1.2107970045127254,1.2412070775972448,-1.4478357407930025,2.027604319570979,-0.7365643218781612,1.2231120621398688,0,0,0,10.0,20.0,0.1,0.03,0.0,8.0,0.3127193391656409
v5_progress,1,193,1.1827890052948034,1.2107970045127254,-1.4135574364698233,2.0179918035059674,-2.6947979608183843,1.931317837540722,0,0,0,10.0,20.0,0.1,0.03,0.0,8.0,0.2593490105992565
v5_progress,1,194,1.1546089036252873,1.1827890052948034,-1.3845881856454,2.273217415884189,-6.208150369016416,-1.6919433968890076,0,0,0,10.0,20.0,0.1,0.03,0.0,8.0,-0.004718464541268591
v5_progress,1,195,1.1226098068767596,1.1546089036252873,-1.3819306452137063,2.6326706500440333,-5.5619047559587695,-4.297346594649913,0,0,0,10.0,20.0,0.1,0.03,0.0,8.0,-0.07100607830796918
v5_progress,1,196,1.092917004828792,1.1226098068767596,-1.385876871881163,2.288811344673295,2.509478430584579,5.854213868332816,0,0,0,10.0,20.0,0.1,0.03,0.0,8.0,0.609519535162609
v5_progress,1,197,1.06636838539883,1.092917004828792,-1.3217981392961216,2.6040408573410074,-7.519714410650019,-1.889344007267157,0,0,0,10.0,20.0,0.1,0.03,0.0,8.0,-0.08162193479295218
v5_progress,1,198,1.0363922718873737,1.06636838539883,-1.3267724711329307,2.9277826874748745,0.8871691769908505,-8.0,0,0,0,10.0,20.0,0.1,0.03,0.0,8.0,-0.05600529093019939
v5_progress,1,199,1.0037020908127912,1.0363922718873737,-1.3291705406348613,3.3425113582186206,-3.714826813939064,-5.788732936126304,0,0,0,10.0,20.0,0.1,0.03,0.0,8.0,-0.1193052777248991
v5_progress,1,200,0.9752058617486301,1.0037020908127912,-1.3379532266346532,2.9814528778771026,8.0,1.4765499913578652,0,0,0,10.0,20.0,0.1,0.03,0.0,8.0,0.6139526397369733
v5_progress,2,1,1.9770978476012058,1.9782916122103613,-1.9782916122103613,0.645706848561453,-6.520934457245149,-5.549614019645337,0,0,0,10.0,20.0,0.1,0.03,0.0,8.0,-0.6660604775312335
v5_progress,2,2,1.9738278965641007,1.9770978476012058,-2.041668532457351,1.0071037988845075,1.5541746385039579,-1.6328888291160228,0,0,0,10.0,20.0,0.1,0.03,0.0,8.0,-0.35885624572497943
v5_progress,2,3,1.9664528384485156,1.9738278965641007,-2.0745382764525515,2.344599553598215,-0.41224931978949747,-8.0,0,0,0,10.0,20.0,0.1,0.03,0.0,8.0,-1.2957504844797825
v5_progress,2,4,1.954865353989312,1.9664528384485156,-2.200912793808337,2.4498418831154942,6.592762709993524,0.7939323077721223,0,0,0,10.0,20.0,0.1,0.03,0.0,8.0,-0.020745448945857184
v5_progress,2,5,1.9419339754836837,1.954865353989312,-2.1998495423008615,2.3937152513449393,4.09121955527473,0.9613579544341745,0,0,0,10.0,20.0,0.1,0.03,0.0,8.0,0.15488847037165066
v5_progress,2,6,1.9271326571284533,1.9419339754836837,-2.1813055006181776,2.6916578270132545,3.7048692110842225,-1.5229282994429765,0,0,0,10.0,20.0,0.1,0.03,0.0,8.0,-0.18043080981840287
v5_progress,2,7,1.90943634010914,1.9271326571284533,-2.196298439829779,3.0227753286427292,-8.0,-5.593575210473743,0,0,0,10.0,20.0,0.1,0.03,0.0,8.0,-0.18713208404994333
v5_progress,2,8,1.892715630843049,1.90943634010914,-2.211713872973413,2.1229566170986707,-1.8005977841571585,5.259888184387626,0,0,0,10.0,20.0,0.1,0.03,0.0,8.0,1.0360599112020756
v5_progress,2,9,1.875574098152111,1.892715630843049,-2.1050112925529163,2.7794337463608305,8.0,-3.386735567074245,0,0,0,10.0,20.0,0.1,0.03,0.0,8.0,-0.5174202391590654
v5_progress,2,10,1.8513609079045985,1.875574098152111,-2.153517472788194,3.6816178573015446,1.6920642029257893,-8.0,0,0,0,10.0,20.0,0.1,0.03,0.0,8.0,-0.6921416797551774
v5_progress,2,11,1.8182656978178198,1.8513609079045985,-2.2195226936347527,4.5363296235943205,4.406215891935098,-8.0,0,0,0,10.0,20.0,0.1,0.03,0.0,8.0,-0.556366376002688
v5_progress,2,12,1.7823357951703782,1.8182656978178198,-2.2718986601772517,3.7977783767509625,-2.129852206896448,4.420790781638537,0,0,0,10.0,20.0,0.1,0.03,0.0,8.0,1.067097783894078
v5_progress,2,13,1.7477904505670694,1.7823357951703782,-2.1621136328454744,3.671435050132769,8.0,1.8962262072663734,0,0,0,10.0,20.0,0.1,0.03,0.0,8.0,0.43968440784412277
v5_progress,2,14,1.7108633775161877,1.7477904505670694,-2.114933955580346,3.8604680700242042,-2.085804672924676,-4.234385600562472,0,0,0,10.0,20.0,0.1,0.03,0.0,8.0,0.149541441787759
v5_progress,2,15,1.6724358655438807,1.7108633775161877,-2.0969101845186082,3.6275607038952837,-2.076342304920441,0.46711067206568074,0,0,0,10.0,20.0,0.1,0.03,0.0,8.0,0.5870409424223916
v5_progress,2,16,1.635211735756277,1.6724358655438807,-2.035191935933409,3.2910198771996955,5.1359228764531615,3.938731002835268,0,0,0,10.0,20.0,0.1,0.03,0.0,8.0,0.6774730212683262
v5_progress,2,17,1.597185237733053,1.635211735756277,-1.9643137234762467,3.462845752606733,3.084304633409648,-2.726062234962539,0,0,0,10.0,20.0,0.1,0.03,0.0,8.0,0.17790959387580957
v5_progress,2,18,1.55689823194346,1.597185237733053,-1.9434698129937265,3.425578276399364,3.1590581679450933,-0.11619704125278747,0,0,0,10.0,20.0,0.1,0.03,0.0,8.0,0.4098252481576481
v5_progress,2,19,1.5126088573673957,1.55689823194346,-1.8994560595833965,3.8894537593527545,-0.7031053389216813,-8.0,0,0,0,10.0,20.0,0.1,0.03,0.0,8.0,-0.05299718585267239
v5_progress,2,20,1.4645238175404234,1.5126088573673957,-1.9015542333026711,3.8151009775179743,-0.3009680406168653,-0.588104569178005,0,0,0,10.0,20.0,0.1,0.03,0.0,8.0,0.5251895410811971
v5_progress,2,21,1.4163646285529752,1.4645238175404234,-1.846033915292221,3.659180119833367,0.6447799739264369,0.996638987083015,0,0,0,10.0,20.0,0.1,0.03,0.0,8.0,0.607468715356423
v5_progress,2,22,1.3683392181420841,1.4163646285529752,-1.782282640536312,3.608515177281976,-6.1097851043275355,-1.6643472005000208,0,0,0,10.0,20.0,0.1,0.03,0.0,8.0,0.4996659364845235
v5_progress,2,23,1.3221354090203377,1.3683392181420841,-1.7291907358702818,3.228269479356399,0.5381858723471713,4.949326288965566,0,0,0,10.0,20.0,0.1,0.03,0.0,8.0,0.8115092430571712
v5_progress,2,24,1.2806408489253793,1.3221354090203377,-1.6449623569559777,2.774234859269027,-1.9461509297330797,6.134545233467949,0,0,0,10.0,20.0,0.1,0.03,0.0,8.0,0.8376858413912454
v5_progress,2,25,1.2445890836085078,1.2806408489253793,-1.558064334852282,2.3126611055271256,7.50028893867524,8.0,0,0,0,10.0,20.0,0.1,0.03,0.0,8.0,0.7883334589680037
v5_progress,2,26,1.21160354121545,1.2445890836085078,-1.4758551941612204,2.2269168092638654,3.545241558811434,1.4272031041877555,0,0,0,10.0,20.0,0.1,0.03,0.0,8.0,0.3851432937434963
v5_progress,2,27,1.1758666967237479,1.21160354121545,-1.4342952221418366,2.619476556503947,4.880382682709196,-6.498371090021573,0,0,0,10.0,20.0,0.1,0.03,0.0,8.0,-0.06725526988410213
v5_progress,2,28,1.135686778289475,1.1758666967237479,-1.4378143523741427,2.778793740146972,-1.068588537207979,-3.4535125011303793,0,0,0,10.0,20.0,0.1,0.03,0.0,8.0,0.21207360601041303
v5_progress,2,29,1.0928339302956231,1.135686778289475,-1.4135661523041723,2.9131217547825226,4.284375951602649,-2.478539389166668,0,0,0,10.0,20.0,0.1,0.03,0.0,8.0,0.26343487046552194
v5_progress,2,30,1.0470812259470457,1.0928339302956231,-1.3841461057738753,3.0971870671739143,0.7021986596765136,-3.7242708598125103,0,0,0,10.0,20.0,0.1,0.03,0.0,8.0,0.2430128787070415
v5_progress,2,31,0.999918571000466,1.0470812259470457,-1.356799932664437,3.051895273922753,-2.9575694790280935,0.05283003918753931,0,0,0,10.0,20.0,0.1,0.03,0.0,8.0,0.4866449049595738
v5_progress,2,32,0.9531321919968122,0.999918571000466,-1.3051080983927412,3.00481055782165,-0.8795252698855732,0.3191397433309759,0,0,0,10.0,20.0,0.1,0.03,0.0,8.0,0.48492114942276077
v5_progress,2,33,0.9056431815065258,0.9531321919968122,-1.2536132477789772,3.110231698017463,-1.3563341756288114,-2.1511427629257676,0,0,0,10.0,20.0,0.1,0.03,0.0,8.0,0.3392668691575994
v5_progress,2,34,0.8573805784054492,0.9056431815065258,-1.216666351308272,3.1072275342158386,-6.324623410906837,0.08324155967941371,0,0,0,10.0,20.0,0.1,0.03,0.0,8.0,0.45437995136091947
v5_progress,2,35,0.808940836787347,0.8573805784054492,-1.168103331827033,3.1800894911583546,-7.698257505020549,-0.5113835073337081,0,0,0,10.0,20.0,0.1,0.03,0.0,8.0,0.37967531293521883
v5_progress,2,36,0.7620665613315889,0.808940836787347,-1.1269497859031825,2.888126853756509,2.722749358329948,4.259457240022525,0,0,0,10.0,20.0,0.1,0.03,0.0,8.0,0.7299067563329306
v5_progress,2,37,0.7154071713593172,0.7620665613315889,-1.0508792467072399,3.1566367755656732,-5.72252597280129,-3.198947761839162,0,0,0,10.0,20.0,0.1,0.03,0.0,8.0,0.1667408350919183
v5_progress,2,38,0.6676515641452622,0.7154071713593172,-1.0310708489158844,2.995886325790656,7.264776839309551,1.0803122873830158,0,0,0,10.0,20.0,0.1,0.03,0.0,8.0,0.6066207701292147
v5_progress,2,39,0.6197546797504575,0.6676515641452622,-0.9672401967243278,3.105398739529265,2.9184252227053364,-2.2840034166371663,0,0,0,10.0,20.0,0.1,0.03,0.0,8.0,0.33902724654107164
v5_progress,2,40,0.5721470837724485,0.6197546797504575,-0.930294553703384,2.948606128857621,2.210032975342553,1.8133709566148117,0,0,0,10.0,20.0,0.1,0.03,0.0,8.0,0.6026131779524097
v5_progress,2,41,0.5281602378670703,0.5721470837724485,-0.8670076966582105,2.658887411732948,4.020551444279046,3.394485889721166,0,0,0,10.0,20.0,0.1,0.03,0.0,8.0,0.6987219459168417
v5_progress,2,42,0.4893261958887386,0.5281602378670703,-0.7940489790403651,2.370324458603479,5.992387796909255,3.238351235957181,0,0,0,10.0,20.0,0.1,0.03,0.0,8.0,0.6454535094679118
v5_progress,2,43,0.4500309514947527,0.4893261958887386,-0.7263586417490865,2.8429850682267954,-3.714214053023604,-6.834193928494232,0,0,0,10.0,20.0,0.1,0.03,0.0,8.0,-0.1115988404548308
v5_progress,2,44,0.41266500424158814,0.4500309514947527,-0.7343294583174322,2.281028408549914,2.0147444825550607,8.0,0,0,0,10.0,20.0,0.1,0.03,0.0,8.0,0.9034892823544645
v5_progress,2,45,0.38155497428486934,0.41266500424158814,-0.6407678450965796,2.196178691336422,-6.058495559601161,2.1254961031510273,0,0,0,10.0,20.0,0.1,0.03,0.0,8.0,0.3646617948391113
v5_progress,2,46,0.34923658908356936,0.38155497428486934,-0.6011728434185115,2.6417433750841837,-5.452140916840958,-5.743587341293836,0,0,0,10.0,20.0,0.1,0.03,0.0,8.0,-0.15434066411364306
v5_progress,2,47,0.3134784839174996,0.34923658908356936,-0.6134109265919878,3.09070940881865,3.330673699881448,-7.805608301651319,0,0,0,10.0,20.0,0.1,0.03,0.0,8.0,-0.12363563545670184
v5_progress,2,48,0.27982961682090896,0.3134784839174996,-0.6225494247993646,3.0710602339478457,-1.339222433496688,0.10069014653148474,0,0,0,10.0,20.0,0.1,0.03,0.0,8.0,0.3260814816107107
v5_progress,2,49,0.25247325655835723,0.27982961682090896,-0.5869356402156936,3.1969042068931754,-4.5058843018507595,-1.4572562055219798,0,0,0,10.0,20.0,0.1,0.03,0.0,8.0,0.11701879877424382
v5_progress,2,50,0.23394393083672171,0.25247325655835723,-0.5721636772476748,3.382073435828835,0.42988029012722934,-3.590061179048373,0,0,0,10.0,20.0,0.1,0.03,0.0,8.0,-0.03028451347971514
v5_progress,2,51,0.22908092436535468,0.23394393083672171,-0.5721512744196052,3.550524512290457,0.27368999822621515,-3.4201266028404214,0,0,0,10.0,20.0,0.1,0.03,0.0,8.0,-0.15018889212903225
v5_progress,2,52,0.2412039442835942,0.22908092436535468,-0.5841333755944004,3.469301083141388,4.631360372714794,-0.1248942219821691,0,0,0,10.0,20.0,0.1,0.03,0.0,8.0,-0.07067755432922113
v5_progress,2,53,0.26973257328400735,0.2412039442835942,-0.588134052597733,3.9365681105576944,-2.108672706013401,-8.0,1,0,0,10.0,20.0,0.1,0.03,0.0,8.0,-20.784692270563596
v5_progress,3,1,1.7970501587440422,1.8017785072621708,-1.8017785072621708,0.5178605312094436,-8.0,-8.0,0,0,0,10.0,20.0,0.1,0.03,0.0,8.0,-0.5045770460281578
v5_progress,3,2,1.7828987563781633,1.7970501587440422,-1.8488362118649866,1.0237757594186239,-8.0,-8.0,0,0,0,10.0,20.0,0.1,0.03,0.0,8.0,-0.39840120455039085
v5_progress,3,3,1.7600971510497476,1.7828987563781633,-1.8852763323200257,1.4167166399125122,-8.0,-6.8440542786024166,0,0,0,10.0,20.0,0.1,0.03,0.0,8.0,-0.1983886109274957
v5_progress,3,4,1.7311988444809079,1.7600971510497476,-1.9017688150409988,1.5656368920363475,-8.0,-3.9940821054405102,0,0,0,10.0,20.0,0.1,0.03,0.0,8.0,0.1075642919437797
v5_progress,3,5,1.698920350514105,1.7311988444809079,-1.8877625336845427,1.5966726256151953,-8.0,-2.500391420403462,0,0,0,10.0,20.0,0.1,0.03,0.0,8.0,0.25955383242495655
v5_progress,3,6,1.664639149737753,1.698920350514105,-1.8585876130756245,1.5753116386624857,-8.0,-1.7104039123010182,0,0,0,10.0,20.0,0.1,0.03,0.0,8.0,0.33208157341800204
v5_progress,3,7,1.6290473780278092,1.664639149737753,-1.8221703136040017,1.5358047341174978,-8.0,-1.2918060549939892,0,0,0,10.0,20.0,0.1,0.03,0.0,8.0,0.3633724728043106
v5_progress,3,8,1.592482428769112,1.6290473780278092,-1.782627851439559,1.496640131339814,-8.0,-1.0767592279808902,0,0,0,10.0,20.0,0.1,0.03,0.0,8.0,0.37277786378856115
v5_progress,3,9,1.5550938812090613,1.592482428769112,-1.7421464419030934,1.4680976769770095,-8.0,-0.9795868930295377,0,0,0,10.0,20.0,0.1,0.03,0.0,8.0,0.3703979427607804
v5_progress,3,10,1.5169290796750794,1.5550938812090613,-1.7019036489067623,1.4558101292788455,-8.0,-0.9557439715621889,0,0,0,10.0,20.0,0.1,0.03,0.0,8.0,0.36190701783363444
v5_progress,3,11,1.4779780288454447,1.5169290796750794,-1.662510092602964,1.46244082478863,-8.0,-0.9815732739529706,0,0,0,10.0,20.0,0.1,0.03,0.0,8.0,0.3508497038461835
v5_progress,3,12,1.438197604191706,1.4779780288454447,-1.6242221113243076,1.488566698541596,-8.0,-1.0442208589740893,0,0,0,10.0,20.0,0.1,0.03,0.0,8.0,0.33964429787184847
v5_progress,3,13,1.397525038946968,1.438197604191706,-1.5870542740458655,1.5332911016953548,-8.0,-1.136521215973664,0,0,0,10.0,20.0,0.1,0.03,0.0,8.0,0.3299608842787961
v5_progress,3,14,1.355885750912235,1.397525038946968,-1.5508541491165035,1.5947757761201309,-8.0,-1.2543479910778395,0,0,0,10.0,20.0,0.1,0.03,0.0,8.0,0.32285903751997
v5_progress,3,15,1.3131981456837467,1.355885750912235,-1.515363328524248,1.6707044096617152,-8.0,-1.3952118012646109,0,0,0,10.0,20.0,0.1,0.03,0.0,8.0,0.3188865869942247
v5_progress,3,16,1.2693768077529448,1.3131981456837467,-1.4802685866499181,1.758639355629901,-8.0,-1.5575024331991845,0,0,0,10.0,20.0,0.1,0.03,0.0,8.0,0.31820262665766286
v5_progress,3,17,1.224334861312211,1.2693768077529448,-1.4452407433159349,1.8562531823138535,-8.0,-1.7400713463511197,0,0,0,10.0,20.0,0.1,0.03,0.0,8.0,0.32071101746431097
v5_progress,3,18,1.1779859555355248,1.224334861312211,-1.4099601795435963,1.9614498481373146,-8.0,-1.9419978536150082,0,0,0,10.0,20.0,0.1,0.03,0.0,8.0,0.3261745370789173
v5_progress,3,19,1.1302733593278813,1.1779859555355248,-1.3741309403492563,2.064466743236789,-7.355070098685781,-2.1624566273066073,0,0,0,10.0,20.0,0.1,0.03,0.0,8.0,0.34227240213878596
v5_progress,3,20,1.0812316674131428,1.1302733593278813,-1.3367200336515603,2.1511996899788466,-5.8271504645388905,-2.3559824746279117,0,0,0,10.0,20.0,0.1,0.03,0.0,8.0,0.37244939940666844
v5_progress,3,21,1.0309946523854931,1.0812316674131428,-1.2963516364110275,2.22030159143795,-4.402105986879292,-2.4709167147143023,0,0,0,10.0,20.0,0.1,0.03,0.0,8.0,0.4024718748633067
v5_progress,3,22,0.9797553488879049,1.0309946523854931,-1.2530248115292881,2.2717620378289256,-3.0762950392824457,-2.5301090820511165,0,0,0,10.0,20.0,0.1,0.03,0.0,8.0,0.43043680598691236
v5_progress,3,23,0.9277398451580943,0.9797553488879049,-1.2069315526707975,2.3062045121053267,-1.8474194600605056,-2.5463723884528817,0,0,0,10.0,20.0,0.1,0.03,0.0,8.0,0.45540328267789
v5_progress,3,24,0.8751916313119762,0.9277398451580943,-1.158360296368627,2.3245754430182095,-0.7135975432057418,-2.527080885146454,0,0,0,10.0,20.0,0.1,0.03,0.0,8.0,0.47689572757161913
v5_progress,3,25,0.8223620251971507,0.8751916313119762,-1.1076491756137972,2.3279915578127808,0.32709854401263705,-2.47682560404122,0,0,0,10.0,20.0,0.1,0.03,0.0,8.0,0.49468489452461184
v5_progress,3,26,0.7695040864580514,0.8223620251971507,-1.0551611809784287,2.3176546869780736,1.2768418045377654,-2.3989254983567503,0,0,0,10.0,20.0,0.1,0.03,0.0,8.0,0.508685471708809
v5_progress,3,27,0.7168685263899901,0.7695040864580514,-1.0012695551558588,2.2947979221044927,2.1381036716414688,-2.296254525028943,0,0,0,10.0,20.0,0.1,0.03,0.0,8.0,0.5189047320493696
v5_progress,3,28,0.6647007708246422,0.7168685263899901,-0.9463483186004393,2.2606485782716064,2.9136321694293894,-2.1716583410470633,0,0,0,10.0,20.0,0.1,0.03,0.0,8.0,0.5254142322248342
v5_progress,3,29,0.6132387240403088,0.6647007708246422,-0.8907656286518029,2.216401969878791,3.6063974085629855,-2.0281276203506793,0,0,0,10.0,20.0,0.1,0.03,0.0,8.0,0.5283320948638716
v5_progress,3,30,0.562711020242957,0.6132387240403088,-0.8348789210281878,2.163203326284216,4.219529206691902,-1.8688317243438366,0,0,0,10.0,20.0,0.1,0.03,0.0,8.0,0.5278101516074661
v5_progress,3,31,0.5133356990159388,0.562711020242957,-0.7790313528713786,2.1021363610795514,4.756260370936685,-1.6970775928622368,0,0,0,10.0,20.0,0.1,0.03,0.0,8.0,0.5240232373163357
v5_progress,3,32,0.4653193431463375,0.5133356990159388,-0.723549335123894,2.0342173624013897,5.219881999384306,-1.5162341031381144,0,0,0,10.0,20.0,0.1,0.03,0.0,8.0,0.5171592406884551
v5_progress,3,33,0.41885680170470746,0.4653193431463375,-0.6687410793864765,1.9603937412948405,5.61371267119217,-1.3296462020526905,0,0,0,10.0,20.0,0.1,0.03,0.0,8.0,0.5074089814923082
v5_progress,3,34,0.37413171668382356,0.41885680170470746,-0.6148961758341915,1.881545988403114,5.941080723081113,-1.1405527035365006,0,0,0,10.0,20.0,0.1,0.03,0.0,8.0,0.49495493745594943
v5_progress,3,35,0.33131821382846083,0.37413171668382356,-0.562286315524135,1.7984920297051816,6.205317363687017,-0.952014897938156,0,0,0,10.0,20.0,0.1,0.03,0.0,8.0,0.4799573530031229
v5_progress,3,36,0.2905843649080617,0.33131821382846083,-0.511167416798979,1.711993058935847,6.40975774550453,-0.7668588766687008,0,0,0,10.0,20.0,0.1,0.03,0.0,8.0,0.462535176632927
v5_progress,3,37,0.2520984840433237,0.2905843649080617,-0.4617836708016464,1.622760050426837,6.557747006825165,-0.5876319522337816,0,0,0,10.0,20.0,0.1,0.03,0.0,8.0,0.4427371497464898
v5_progress,3,38,0.21604018419693397,0.2520984840433237,-0.4143744890860074,1.5314603059066494,6.652648509256974,-0.41657219835275106,0,0,0,10.0,20.0,0.1,0.03,0.0,8.0,0.4204942659658294
v5_progress,3,39,0.182619763495072,0.21604018419693397,-0.36918621478759894,1.438723547195314,6.697851889702905,-0.2555895437599487,0,0,0,10.0,20.0,0.1,0.03,0.0,8.0,0.3955370111689782
v5_progress,3,40,0.15211250081833494,0.182619763495072,-0.3264921182146034,1.3451472225604608,6.696779025385389,-0.10625673025912707,0,0,0,10.0,20.0,0.1,0.03,0.0,8.0,0.367247134533237
v5_progress,3,41,0.12491906788263117,0.15211250081833494,-0.28662722307438104,1.2513008414099502,6.652886516525605,0.030191422799700884,0,0,0,10.0,20.0,0.1,0.03,0.0,8.0,0.33439752892868024
v5_progress,3,42,0.10166522100171049,0.12491906788263117,-0.2500491520236262,1.1577292881713324,6.569663786559582,0.15285176685682833,0,0,0,10.0,20.0,0.1,0.03,0.0,8.0,0.294760526862479
v5_progress,3,43,0.08332453531376284,0.10166522100171049,-0.21743814981884374,1.0649551939263573,6.450626362045812,0.2611406543327037,0,0,0,10.0,20.0,0.1,0.03,0.0,8.0,0.2448784894086997
v5_progress,3,44,0.07118964097843218,0.08332453531376284,-0.18982005470639857,0.9734805701133834,6.299304310128797,0.3547767128058199,0,0,0,10.0,20.0,0.1,0.03,0.0,8.0,0.18157959525041922
v5_progress,3,45,0.06622520538174537,0.07118964097843218,-0.16853769798977053,0.8837880445099253,6.119226171573424,0.4337592863389901,0,0,0,10.0,20.0,0.1,0.03,0.0,8.0,0.10816084794353376
v5_progress,3,46,0.0678722355576639,0.06622520538174537,-0.15460400983273792,0.7963422073973987,5.913899025184417,0.49834319924664605,0,0,0,10.0,20.0,0.1,0.03,0.0,8.0,0.039874830740081676
v5_progress,3,47,0.07400519575856142,0.0678722355576639,-0.14750645629740378,0.7115918148109467,5.686785549363112,0.5490104899583641,0,0,0,10.0,20.0,0.1,0.03,0.0,8.0,-0.00759923887260212
v5_progress,3,48,0.08232937727911858,0.07400519575856142,-0.14516437723965608,0.629973980697428,5.441279104516648,0.5864397963717058,0,0,0,10.0,20.0,0.1,0.03,0.0,8.0,-0.032559963277303754
v5_progress,3,49,0.09125413531159547,0.08232937727911858,-0.1453267753488614,0.5519221652778823,5.180677944017632,0.6114741272683544,0,0,0,10.0,20.0,0.1,0.03,0.0,8.0,-0.04204618129797142
v5_progress,3,50,0.09986886242189658,0.09125413531159547,-0.1464463518393837,0.4778810174953603,4.908159672400057,0.6250878057653502,0,0,0,10.0,20.0,0.1,0.03,0.0,8.0,-0.04287114726219825
v5_progress,3,51,0.10769169756785006,0.09986886242189658,-0.14765696417143262,0.4083335102351587,4.626757012130305,0.6283534026265609,0,0,0,10.0,20.0,0.1,0.03,0.0,8.0,-0.03936214758832983
v5_progress,3,52,0.11448233140937955,0.10769169756785006,-0.14852504859136595,0.343850327391889,4.339335823180463,0.6224094770216388,0,0,0,10.0,20.0,0.1,0.03,0.0,8.0,-0.03402369397650687
v5_progress,3,53,0.12013525469620977,0.11448233140937955,-0.14886736414856844,0.2851794671377081,4.048576154900941,0.6084299034636662,0,0,0,10.0,20.0,0.1,0.03,0.0,8.0,-0.02838215873379191
v5_progress,3,54,0.12462206182619008,0.12013525469620977,-0.14865320140998056,0.23340431074070878,3.7569569121743744,0.5875954856103476,0,0,0,10.0,20.0,0.1,0.03,0.0,8.0,-0.02354478970576152
v5_progress,3,55,0.1279598462097358,0.12462206182619008,-0.14796249290026095,0.19018920911660855,3.4667445037570754,0.5610684449782011,0,0,0,10.0,20.0,0.1,0.03,0.0,8.0,-0.02054815206305328
v5_progress,3,56,0.13019323325521745,0.1279598462097358,-0.14697876712139665,0.1579904868065676,3.1799856261971327,0.529970233878382,0,0,0,10.0,20.0,0.1,0.03,0.0,8.0,-0.020459934927013645
v5_progress,3,57,0.13138369736951708,0.13019323325521745,-0.1459922819358742,0.13958755232888226,2.898504136323546,0.49536296782844613,0,0,0,10.0,20.0,0.1,0.03,0.0,8.0,-0.02377191637462904
v5_progress,3,58,0.13160291071210584,0.13138369736951708,-0.1453424526024053,0.13598942065934919,2.623901790844493,0.4582346148405,0,0,0,10.0,20.0,0.1,0.03,0.0,8.0,-0.02881571549292444
v5_progress,3,59,0.1309284160233798,0.13160291071210584,-0.14520185277804076,0.14443436862543327,2.357562491364315,0.4194879281457624,0,0,0,10.0,20.0,0.1,0.03,0.0,8.0,-0.03187919079827808
v5_progress,3,60,0.12944069685149456,0.1309284160233798,-0.1453718528859231,0.15999327782852935,2.1006595715814633,0.3799329741275286,0,0,0,10.0,20.0,0.1,0.03,0.0,8.0,-0.030824127474884656
v5_progress,3,61,0.12722112450924403,0.12944069685149456,-0.1454400246343475,0.17846187620435386,1.8541656013338697,0.3402829950879014,0,0,0,10.0,20.0,0.1,0.03,0.0,8.0,-0.026383928784379042
v5_progress,3,62,0.1243504789186133,0.12722112450924403,-0.1450673121296794,0.19721927524331737,1.6188641571217,0.3011532608470348,0,0,0,10.0,20.0,0.1,0.03,0.0,8.0,-0.020135674834085307
v5_progress,3,63,0.12090786113037491,0.1243504789186133,-0.14407240644294503,0.21482750822938318,1.3953630159698684,0.26306250533590997,0,0,0,10.0,20.0,0.1,0.03,0.0,8.0,-0.013245062598308627
v5_progress,3,64,0.11696988416613475,0.12090786113037491,-0.14239061195331323,0.23054310164481795,1.1841082626775292,0.22643651331185843,0,0,0,10.0,20.0,0.1,0.03,0.0,8.0,-0.006381242081542622
v5_progress,3,65,0.11261006926798853,0.11696988416613475,-0.14002419433061655,0.24400949396406504,0.9853988526476187,0.19161341539136822,0,0,0,10.0,20.0,0.1,0.03,0.0,8.0,0.0001002652059728798
v5_progress,3,66,0.10789839901958313,0.11261006926798853,-0.13701101866439502,0.2550882342941215,0.7994012366683281,0.15885026290187781,0,0,0,10.0,20.0,0.1,0.03,0.0,8.0,0.00601720353702212
v5_progress,3,67,0.10290099386299166,0.10789839901958313,-0.13340722244899528,0.2637675434860463,0.6261637239319082,0.1283304831625217,0,0,0,10.0,20.0,0.1,0.03,0.0,8.0,0.011281975195174931
v5_progress,3,68,0.09767988805860703,0.10290099386299166,-0.1292777482115963,0.2701113177442904,0.46563032992904674,0.10017185616682256,0,0,0,10.0,20.0,0.1,0.03,0.0,8.0,0.015860194847948553
v5_progress,3,69,0.09229288729722038,0.09767988805860703,-0.12469101983303607,0.2742294262942815,0.3176539225441455,0.07443470097935143,0,0,0,10.0,20.0,0.1,0.03,0.0,8.0,0.019748572672024844
v5_progress,3,70,0.08679349425998577,0.09229288729722038,-0.11971582992664853,0.2762595896740916,0.1820085398150204,0.05113001071313643,0,0,0,10.0,20.0,0.1,0.03,0.0,8.0,0.022962650074206017
v5_progress,3,71,0.08123089121026288,0.08679349425998577,-0.11441945322739493,0.2763558241099473,0.05840080466269337,0.030227325629021848,0,0,0,10.0,20.0,0.1,0.03,0.0,8.0,0.025529660925585708
v5_progress,3,72,0.07564997067217126,0.08123089121026288,-0.1088664736212576,0.27468077933306767,-0.05351959533135231,0.011662182307714958,0,0,0,10.0,20.0,0.1,0.03,0.0,8.0,0.02748415639674634
v5_progress,3,73,0.07009140670932883,0.07564997067217126,-0.10311804860547803,0.27140049145372774,-0.1541503613237467,-0.004656978703395875,0,0,0,10.0,20.0,0.1,0.03,0.0,8.0,0.028865184257097144
v5_progress,3,74,0.06459176046475316,0.07009140670932883,-0.09723145585470161,0.2666807005658985,-0.24392794281780406,-0.018842524943215377,0,0,0,10.0,20.0,0.1,0.03,0.0,8.0,0.029714382837272443
v5_progress,3,75,0.059183614601199024,0.06459176046475316,-0.09125983052134301,0.2606842242105931,-0.3233197589064436,-0.03102200811311919,0,0,0,10.0,20.0,0.1,0.03,0.0,8.0,0.030074638177362778
v5_progress,3,76,0.05389573220581136,0.059183614601199024,-0.08525203702225834,0.2535690698362855,-0.3928172254119988,-0.04133322034563098,0,0,0,10.0,20.0,0.1,0.03,0.0,8.0,0.029989102896694007
v5_progress,3,77,0.048753236713174025,0.05389573220581136,-0.07925263918943992,0.2454870810827225,-0.45292952627012983,-0.04991992419046983,0,0,0,10.0,20.0,0.1,0.03,0.0,8.0,0.029500455018855218
v5_progress,3,78,0.04377781062003563,0.048753236713174025,-0.07330194482144628,0.23658297993065758,-0.5041780656690151,-0.056928232302866505,0,0,0,10.0,20.0,0.1,0.03,0.0,8.0,0.028650317197650994
v5_progress,3,79,0.03898791249128598,0.04377781062003563,-0.06743610861310138,0.22699370863114698,-0.5470915386256923,-0.06250359984771142,0,0,0,10.0,20.0,0.1,0.03,0.0,8.0,0.027478777091643626
v5_progress,3,80,0.034399014530169525,0.03898791249128598,-0.06168728335440068,0.2168480023360295,-0.5822015609257087,-0.06678838362457007,0,0,0,10.0,20.0,0.1,0.03,0.0,8.0,0.026023954051727957
v5_progress,3,81,0.03002386794748945,0.034399014530169525,-0.05608381476377247,0.206266141387855,-0.610038803890828,-0.06991991625497096,0,0,0,10.0,20.0,0.1,0.03,0.0,8.0,0.024321544395695727
v5_progress,3,82,0.025872813100196068,0.03002386794748945,-0.050650482086274956,0.1953598446856463,-0.6311295846499818,-0.07202904085502101,0,0,0,10.0,20.0,0.1,0.03,0.0,8.0,0.022404235402162978
v5_progress,3,83,0.02195417217409615,0.025872813100196068,-0.0454087975687607,0.1842322744233628,-0.6459928679957563,-0.07323905089116348,0,0,0,10.0,20.0,0.1,0.03,0.0,8.0,0.020300771062530316
v5_progress,3,84,0.018274810697564498,0.02195417217409615,-0.04037739961643243,0.17297812901026346,-0.655137641169087,-0.07366498088942919,0,0,0,10.0,20.0,0.1,0.03,0.0,8.0,0.018034177932844425
v5_progress,3,85,0.014841078912274897,0.018274810697564498,-0.03557262359859084,0.16168380587776268,-0.6590606277956286,-0.07341319591193811,0,0,0,10.0,20.0,0.1,0.03,0.0,8.0,0.015617898785132894
v5_progress,3,86,0.011660704501951797,0.014841078912274897,-0.031009459500051163,0.15042761963759893,-0.658244311559513,-0.07258123086449977,0,0,0,10.0,20.0,0.1,0.03,0.0,8.0,0.013046225543120536
v5_progress,3,87,0.008747412780722913,0.011660704501951797,-0.02670346646571169,0.13928006400299991,-0.6531552439744431,-0.07125783445702394,0,0,0,10.0,20.0,0.1,0.03,0.0,8.0,0.010266982551522114
v5_progress,3,88,0.006134881639800559,0.008747412780722913,-0.022675419181022907,0.1283041082454635,-0.6442426137850346,-0.06952317676065108,0,0,0,10.0,20.0,0.1,0.03,0.0,8.0,0.007088145853712369
v5_progress,3,89,0.00393033582980502,0.006134881639800559,-0.01896529246434691,0.11755552090972296,-0.6319370581275945,-0.06744918359982219,0,0,0,10.0,20.0,0.1,0.03,0.0,8.0,0.002781423753264567
v5_progress,3,90,0.002541586917408497,0.00393033582980502,-0.015685887920777318,0.10708321520178263,-0.6166496976491096,-0.06509996533346259,0,0,0,10.0,20.0,0.1,0.03,0.0,8.0,-0.005652220632316202
v5_progress,3,91,0.0027538165009405114,0.002541586917408497,-0.01324990843758676,0.09692961206146149,-0.5987713793928963,-0.06253231180418167,0,1,0,10.0,20.0,0.1,0.03,0.0,8.0,0.9780199811345385
v5_progress,3,92,0.004015701987666499,0.0027538165009405114,-0.01244677770708666,0.08713101864357575,-0.5786721124809177,-0.05979622928355702,0,1,0,10.0,20.0,0.1,0.03,0.0,8.0,0.9671691623942884
v5_progress,3,93,0.005456873768025095,0.004015701987666499,-0.012728803852024075,0.07771802209717298,-0.5567006825311236,-0.05693549905465569,0,1,0,10.0,20.0,0.1,0.03,0.0,8.0,0.9649914925771611
v5_progress,3,94,0.006825956614446571,0.005456873768025095,-0.013228675977742393,0.06871590176595112,-0.5331844314134508,-0.053988240810141884,0,1,0,10.0,20.0,0.1,0.03,0.0,8.0,0.9653023168555056
v5_progress,3,95,0.008060399982390937,0.006825956614446571,-0.013697546791041683,0.06014506848164289,-0.508429189435142,-0.050987467279293805,0,1,0,10.0,20.0,0.1,0.03,0.0,8.0,0.9662182402310368
v5_progress,3,96,0.009144086748157467,0.008060399982390937,-0.014074906830555227,0.052021550218262595,-0.4827193474109053,-0.04796161941689997,0,1,0,10.0,20.0,0.1,0.03,0.0,8.0,0.9672792969092994
v5_progress,3,97,0.010075527872426524,0.009144086748157467,-0.014346241769983727,0.04435756547803579,-0.45631805636440304,-0.04493507408698844,0,1,0,10.0,20.0,0.1,0.03,0.0,8.0,0.968343003330991
v5_progress,3,98,0.010858928137129187,0.010075527872426524,-0.014511284420230103,0.03716227595300375,-0.4294675428629047,-0.04192861845876737,0,1,0,10.0,20.0,0.1,0.03,0.0,8.0,0.9693554681161486
v5_progress,3,99,0.01150105362624778,0.010858928137129187,-0.01457515573242956,0.030442934941636423,-0.4023895282370954,-0.03895988730864177,0,1,0,10.0,20.0,0.1,0.03,0.0,8.0,0.9702929787700172
v5_progress,3,100,0.012009923946953532,0.01150105362624778,-0.014545347120411422,0.024206995368745248,-0.37528574020545735,-0.036043761106291025,0,1,1,10.0,20.0,0.1,0.03,0.0,8.0,50.971142794536476
v6_goalfocus,0,1,1.8023797450807917,1.8017785072621708,-3.1440819406415876,0.21294897189318918,-7.698416665902247,0.3076795872180677,0,0,0,10.0,20.0,0.1,0.03,1.0,8.0,-0.2530557471245355
v6_goalfocus,0,2,1.8038540193058465,1.8023797450807917,-3.166202014460634,0.18501695769417506,3.556278220208284,0.7325721291151347,0,0,0,10.0,20.0,0.1,0.03,1.0,8.0,-0.022712266033830142
v6_goalfocus,0,3,1.8105242046491414,1.8038540193058465,-3.1654320417618176,0.781137800986163,4.1459706783519925,8.0,0,0,0,10.0,20.0,0.1,0.03,1.0,8.0,-0.7201686856595477
v6_goalfocus,0,4,1.825378909442806,1.8105242046491414,-3.234195194475067,1.3444775461885854,-7.0983521311891264,4.538270278300128,0,0,0,10.0,20.0,0.1,0.03,1.0,8.0,-0.7991913190814925
v6_goalfocus,0,5,1.8449716057707382,1.825378909442806,-3.310892506070412,1.690656984656432,-7.997450195126229,1.6499739909728623,0,0,0,10.0,20.0,0.1,0.03,1.0,8.0,-0.6465049686049474
v6_goalfocus,0,6,1.8702574358304374,1.8449716057707382,-3.3723346228565494,2.3515383427009198,-2.459729804567317,6.354042992105146,0,0,0,10.0,20.0,0.1,0.03,1.0,8.0,-1.0379528040007435
v6_goalfocus,0,7,1.9015396814849734,1.8702574358304374,-3.4729848278408206,2.728287667423928,-4.129344929208112,2.4935673552881283,0,0,0,10.0,20.0,0.1,0.03,1.0,8.0,-0.8341960044392388
v6_goalfocus,0,8,1.9294767596072504,1.9015396814849734,-3.553331711510683,2.131655264642733,-6.072689844237705,-8.0,0,0,0,10.0,20.0,0.1,0.03,1.0,8.0,0.18318115216597303
v6_goalfocus,0,9,1.9574391292416926,1.9294767596072504,-3.5316983539130096,2.9265560817285996,2.0867229599602752,8.0,0,0,0,10.0,20.0,0.1,0.03,1.0,8.0,-1.206950954011455
v6_goalfocus,0,10,1.9866598815382561,1.9574391292416926,-3.649179841774431,2.36000598344596,2.4966439499304967,-4.810395810021313,0,0,0,10.0,20.0,0.1,0.03,1.0,8.0,0.13938343652003832
v6_goalfocus,0,11,2.0142582410347942,1.9866598815382561,-3.6321497070634843,2.7670238457763303,1.2880585938822515,3.682438562304461,0,0,0,10.0,20.0,0.1,0.03,1.0,8.0,-0.8110413848273023
v6_goalfocus,0,12,2.039165523605461,2.0142582410347942,-3.710206284769007,1.926958359026208,5.718105728575955,-5.555571875025351,0,0,0,10.0,20.0,0.1,0.03,1.0,8.0,0.47152766126455303
v6_goalfocus,0,13,2.0597879887029498,2.039165523605461,-3.6598548901676087,2.025578072025615,3.3421410972266035,1.686641691802222,0,0,0,10.0,20.0,0.1,0.03,1.0,8.0,-0.40730851478531205
v6_goalfocus,0,14,2.0808726660172447,2.0597879887029498,-3.697541945810795,2.0538244533534953,-0.15559239845403655,0.06327157976995067,0,0,0,10.0,20.0,0.1,0.03,1.0,8.0,-0.34236274671325284
v6_goalfocus,0,15,2.099779832935239,2.0808726660172447,-3.728778132318723,1.7962742639142557,-3.260399854536541,-2.9785537321283004,0,0,0,10.0,20.0,0.1,0.03,1.0,8.0,-0.02751778498701018
v6_goalfocus,0,16,2.116551259440595,2.099779832935239,-3.7284689671000906,1.7050547241320704,6.3898282395260635,1.2424248612848379,0,0,0,10.0,20.0,0.1,0.03,1.0,8.0,-0.1655737546599367
v6_goalfocus,0,17,2.1272703847794263,2.116551259440595,-3.741893925302126,0.6548818595807239,-2.311122802174115,-8.0,0,0,0,10.0,20.0,0.1,0.03,1.0,8.0,0.8740216166401531
v6_goalfocus,0,18,2.130812174542236,2.1272703847794263,-3.651275072111215,0.49076911968706144,-4.207506115535933,-2.426443811936932,0,0,0,10.0,20.0,0.1,0.03,1.0,8.0,0.08582092719205685
v6_goalfocus,0,19,2.1290377758448384,2.130812174542236,-3.6396192583379943,0.26202712731610234,-6.159020015762976,-6.3855764399010315,0,0,0,10.0,20.0,0.1,0.03,1.0,8.0,0.220105416497156
v6_goalfocus,0,20,2.1217986163113665,2.1290377758448384,-3.6143627507069525,0.5542295836313358,3.9647644050197535,-1.1866320708480547,0,0,0,10.0,20.0,0.1,0.03,1.0,8.0,-0.2255184154165507
v6_goalfocus,0,21,2.1093837161846842,2.1217986163113665,-3.6338610689596735,1.1125394417175547,-8.0,-6.408733757302516,0,0,0,10.0,20.0,0.1,0.03,1.0,8.0,-0.4247669648905483
v6_goalfocus,0,22,2.097567161826659,2.1093837161846842,-3.673009415860066,0.3358817529952039,-1.438266669953434,5.351073112856299,0,0,0,10.0,20.0,0.1,0.03,1.0,8.0,0.9046011067820321
v6_goalfocus,0,23,2.096863144084487,2.097567161826659,-3.5794533595741345,1.1748994631638805,-7.23076246355598,7.6325379623118454,0,0,0,10.0,20.0,0.1,0.03,1.0,8.0,-0.8630011898171057
v6_goalfocus,0,24,2.097123886633326,2.096863144084487,-3.6624080424259997,0.31528945082682147,-2.339160848106734,-8.0,0,0,0,10.0,20.0,0.1,0.03,1.0,8.0,0.8239313051016215
v6_goalfocus,0,25,2.0965152088989196,2.097123886633326,-3.5767978129362334,1.0208434421058568,2.462833029837876,6.898041207305775,0,0,0,10.0,20.0,0.1,0.03,1.0,8.0,-0.7290420003037829
v6_goalfocus,0,26,2.103270066903507,2.0965152088989196,-3.6465343613446413,1.514549423838284,-1.0646597241910178,3.1143192077965507,0,0,0,10.0,20.0,0.1,0.03,1.0,8.0,-0.6149001545826165
v6_goalfocus,0,27,2.1125303237151485,2.103270066903507,-3.7049905252889768,1.5799338883442404,-1.5258777341059588,-0.052695624874220706,0,0,0,10.0,20.0,0.1,0.03,1.0,8.0,-0.21995088897188828
v6_goalfocus,0,28,2.1238365587083163,2.1125303237151485,-3.7239783295621396,1.8613777659396347,7.993999218489088,4.299774884435536,0,0,0,10.0,20.0,0.1,0.03,1.0,8.0,-0.4659234301818376
v6_goalfocus,0,29,2.1439684828363808,2.1238365587083163,-3.767313197306692,3.481520837572195,-5.772485704001382,8.0,0,0,0,10.0,20.0,0.1,0.03,1.0,8.0,-1.923411543464807
v6_goalfocus,0,30,2.174170098035544,2.1439684828363808,-3.9563502216806636,4.553046296210327,-4.901741985287238,4.070913584632323,0,0,0,10.0,20.0,0.1,0.03,1.0,8.0,-1.5075810955189548
v6_goalfocus,0,31,2.205777625146855,2.174170098035544,-4.1039814580703595,4.450443952518005,2.3907965043281534,-0.40531986604472686,0,0,0,10.0,20.0,0.1,0.03,1.0,8.0,-0.35044995346005203
v6_goalfocus,0,32,2.2336402600007164,2.205777625146855,-4.136008077815993,4.315245903798431,0.9719679641191825,-0.7862677338780862,0,0,0,10.0,20.0,0.1,0.03,1.0,8.0,-0.26698461246460947
v6_goalfocus,0,33,2.2551102553171614,2.2336402600007164,-4.159701654879102,3.2997321318496646,4.017886606192838,-3.419710391606852,0,0,0,10.0,20.0,0.1,0.03,1.0,8.0,0.6982874082773834
v6_goalfocus,0,34,2.2740195433611157,2.2551102553171614,-4.086785920826543,4.302714378446778,-5.63591937124729,2.2812861602862435,0,0,0,10.0,20.0,0.1,0.03,1.0,8.0,-1.2860584458515294
v6_goalfocus,0,35,2.2914233261725334,2.2740195433611157,-4.21227624086887,3.485166116820386,8.0,-0.6558895805487569,0,0,0,10.0,20.0,0.1,0.03,1.0,8.0,0.5539015647192889
v6_goalfocus,0,36,2.3036069778402366,2.2914233261725334,-4.153684740049623,2.6559285487643005,8.0,-0.4234480601226903,0,0,0,10.0,20.0,0.1,0.03,1.0,8.0,0.635205386765528
v6_goalfocus,0,37,2.3148103643933378,2.3036069778402366,-4.0869636410347585,3.2229443890802565,7.474762334748682,4.624367447014334,0,0,0,10.0,20.0,0.1,0.03,1.0,8.0,-0.7483267597814233
v6_goalfocus,0,38,2.328266308223711,2.3148103643933378,-4.158554889368382,4.195597310218891,2.509085552482668,4.498321868409636,0,0,0,10.0,20.0,0.1,0.03,1.0,8.0,-1.1821981435537314
v6_goalfocus,0,39,2.341443461147104,2.328266308223711,-4.273691796192688,4.583035910886984,-4.01716465992668,0.47072682706376473,0,0,0,10.0,20.0,0.1,0.03,1.0,8.0,-0.5928396990481989
v6_goalfocus,0,40,2.349069472872292,2.341443461147104,-4.3299246436111,2.85852174827297,-7.538656253940834,-8.0,0,0,0,10.0,20.0,0.1,0.03,1.0,8.0,1.5895796083892388
v6_goalfocus,0,41,2.3519789501425614,2.349069472872292,-4.167589084840566,2.164449158232398,4.410414260681922,-0.7155253364249501,0,0,0,10.0,20.0,0.1,0.03,1.0,8.0,0.6248653400473089
v6_goalfocus,0,42,2.3536897057727435,2.3519789501425614,-4.102040164178154,1.834409617963977,4.827055010350675,0.6288858600879208,0,0,0,10.0,20.0,0.1,0.03,1.0,8.0,0.2766149774753859
v6_goalfocus,0,43,2.356151892722217,2.3536897057727435,-4.071304616563435,4.198672477054113,-3.710626109306889,8.0,0,0,0,10.0,20.0,0.1,0.03,1.0,8.0,-2.4293373756557686
v6_goalfocus,0,44,2.357875367776049,2.356151892722217,-4.310995326797377,3.6542134744190156,6.609976552748867,0.8229879591033583,0,0,0,10.0,20.0,0.1,0.03,1.0,8.0,0.49022473165262903
v6_goalfocus,0,45,2.357493697705359,2.357875367776049,-4.258834200197087,5.3128637920558175,0.10676270571990062,7.932891918088657,0,0,0,10.0,20.0,0.1,0.03,1.0,8.0,-1.6855577197032012
v6_goalfocus,0,46,2.352284323487548,2.357493697705359,-4.424193277878471,6.585732774689382,-1.5450009623956507,7.317910138400408,0,0,0,10.0,20.0,0.1,0.03,1.0,8.0,-1.2355498681549932
v6_goalfocus,0,47,2.342385418202594,2.352284323487548,-4.544573455829072,4.684707676511022,3.1421056699018397,-6.344764883533619,0,0,0,10.0,20.0,0.1,0.03,1.0,8.0,2.0007526345623474
v6_goalfocus,0,48,2.330091704037759,2.342385418202594,-4.341341539655749,5.100292871528234,3.5675778229746933,5.36342762765124,0,0,0,10.0,20.0,0.1,0.03,1.0,8.0,-0.28372910791219463
v6_goalfocus,0,49,2.3134715594147974,2.330091704037759,-4.366584781798719,5.335679578249811,2.623005324816105,4.627454680575212,0,0,0,10.0,20.0,0.1,0.03,1.0,8.0,-0.045531984058478095
v6_goalfocus,0,50,2.295072013000241,2.3134715594147974,-4.368049563036583,4.384360385424437,6.598937592326516,-2.3581577460725516,0,0,0,10.0,20.0,0.1,0.03,1.0,8.0,1.164385440777091
v6_goalfocus,0,51,2.2775953585570705,2.295072013000241,-4.2484575599423025,3.9374531945430284,8.0,0.7757481374727973,0,0,0,10.0,20.0,0.1,0.03,1.0,8.0,0.6474458070485757
v6_goalfocus,0,52,2.2629583194486886,2.2775953585570705,-4.18051109865878,2.713650700099344,4.002138305763635,-7.584525467979427,0,0,0,10.0,20.0,0.1,0.03,1.0,8.0,1.386446515459947
v6_goalfocus,0,53,2.2503894644563953,2.2629583194486886,-4.038636627932807,2.8425079363616437,4.8508093721722085,3.464965737406913,0,0,0,10.0,20.0,0.1,0.03,1.0,8.0,0.007555029123993473
v6_goalfocus,0,54,2.235491172449099,2.2503894644563953,-4.034770073960638,3.1617906760054564,-2.8014337868090933,3.2776578410660426,0,0,0,10.0,20.0,0.1,0.03,1.0,8.0,-0.15114165578730382
v6_goalfocus,0,55,2.21734810050603,2.235491172449099,-4.04682614243879,3.449909720407811,2.4257557480869925,4.806997338889704,0,0,0,10.0,20.0,0.1,0.03,1.0,8.0,-0.0767978604200189
v6_goalfocus,0,56,2.1988258753725836,2.21734810050603,-4.0514153299984,2.9765008996638787,3.4358212591910817,-2.660950117296011,0,0,0,10.0,20.0,0.1,0.03,1.0,8.0,0.6903650013395666
v6_goalfocus,0,57,2.184006443302784,2.1988258753725836,-3.979319812604281,2.1488173124591152,0.2634262638224102,-8.0,0,0,0,10.0,20.0,0.1,0.03,1.0,8.0,0.9939298507135055
v6_goalfocus,0,58,2.172542118945359,2.184006443302784,-3.8767266106785665,1.872795164655287,0.10302230302511407,-2.4754386810723945,0,0,0,10.0,20.0,0.1,0.03,1.0,8.0,0.39931207632891164
v6_goalfocus,0,59,2.1603903100980033,2.172542118945359,-3.833776220513617,2.2649701094508226,5.130428339544292,6.444355692517118,0,0,0,10.0,20.0,0.1,0.03,1.0,8.0,-0.2614976081583572
v6_goalfocus,0,60,2.14984350101787,2.1603903100980033,-3.8567139469068312,1.5015272852825177,3.078285801692774,-8.0,0,0,0,10.0,20.0,0.1,0.03,1.0,8.0,0.8725364216945978
v6_goalfocus,0,61,2.144569484997008,2.14984350101787,-3.766230692726506,1.0251874440181752,2.500615955255586,-5.3035976883826175,0,0,0,10.0,20.0,0.1,0.03,1.0,8.0,0.5160015317475182
v6_goalfocus,0,62,2.1415071432012494,2.144569484997008,-3.711523098212392,1.0345158392935823,2.1017389577437164,0.7596765551473202,0,0,0,10.0,20.0,0.1,0.03,1.0,8.0,0.0015983942679664506
v6_goalfocus,0,63,2.1399167090660542,2.1415071432012494,-3.7083476512383613,0.6436332532198235,-5.234696758136948,-6.334636505482656,0,0,0,10.0,20.0,0.1,0.03,1.0,8.0,0.3801117133155629
v6_goalfocus,0,64,2.137581863343704,2.1399167090660542,-3.6671254496886605,1.1373461430762357,4.025527046646766,8.0,0,0,0,10.0,20.0,0.1,0.03,1.0,8.0,-0.49488816301291383
v6_goalfocus,0,65,2.1324744872766317,2.137581863343704,-3.7133636257774416,1.2317444749212374,-0.23794769941969476,1.5633496794541146,0,0,0,10.0,20.0,0.1,0.03,1.0,8.0,-0.055925748552545895
v6_goalfocus,0,66,2.126854801388938,2.1324744872766317,-3.7159483860035465,1.1501622451115392,-2.631952175851693,-1.2975315138138488,0,0,0,10.0,20.0,0.1,0.03,1.0,8.0,0.12676424902439382
v6_goalfocus,0,67,2.120044379669163,2.126854801388938,-3.7002450524752155,1.259324839102804,-8.0,0.39759266106757823,0,0,0,10.0,20.0,0.1,0.03,1.0,8.0,-0.04969522921297331
v6_goalfocus,0,68,2.1126060439638263,2.120044379669163,-3.70201408139675,1.1227439787959739,0.9129251344644748,-1.4793943039126551,0,0,0,10.0,20.0,0.1,0.03,1.0,8.0,0.20643530529292145
v6_goalfocus,0,69,2.1064808358284886,2.1126060439638263,-3.678361106993059,0.9824579764932613,0.5140240555645684,-1.7135045565305,0,0,0,10.0,20.0,0.1,0.03,1.0,8.0,0.19252419657762032
v6_goalfocus,0,70,2.1020318027162905,2.1064808358284886,-3.656098686339688,0.8888139136259654,6.420128672643081,-0.3658464122953558,0,0,0,10.0,20.0,0.1,0.03,1.0,8.0,0.12217723914743137
v6_goalfocus,0,71,2.0970980676345348,2.1020318027162905,-3.6407517377506613,1.1608358266414083,1.264191348425364,4.612502899088039,0,0,0,10.0,20.0,0.1,0.03,1.0,8.0,-0.2363745849185575
v6_goalfocus,0,72,2.0900806534901224,2.0970980676345348,-3.6613177169838935,1.2612886899297597,0.912871138571862,1.9395558072502999,0,0,0,10.0,20.0,0.1,0.03,1.0,8.0,-0.03617289335672048
v6_goalfocus,0,73,2.0818380552361075,2.0900806534901224,-3.6619206462869247,1.234485218364341,-8.0,-1.1947343594901445,0,0,0,10.0,20.0,0.1,0.03,1.0,8.0,0.10572008149325823
v6_goalfocus,0,74,2.073297560337861,2.0818380552361075,-3.648144177543256,1.2727736985804659,8.0,1.8749204651847118,0,0,0,10.0,20.0,0.1,0.03,1.0,8.0,0.04463279552236192
v6_goalfocus,0,75,2.0649793446420324,2.073297560337861,-3.6404699125949236,1.3398445473916776,4.914916990595655,1.8868794716641761,0,0,0,10.0,20.0,0.1,0.03,1.0,8.0,0.014158990700198965
v6_goalfocus,0,76,2.058866997404508,2.0649793446420324,-3.635967398765013,1.090089041554611,8.0,-3.591643013693985,0,0,0,10.0,20.0,0.1,0.03,1.0,8.0,0.29975930021360575
v6_goalfocus,0,77,2.0534086376284826,2.058866997404508,-3.6027511565575967,1.255561847535338,-3.873744445187382,3.155402654492477,0,0,0,10.0,20.0,0.1,0.03,1.0,8.0,-0.12263633337318473
v6_goalfocus,0,78,2.04613591499275,2.0534086376284826,-3.611936782201357,1.3153957999247903,3.774053988299954,1.522940469595705,0,0,0,10.0,20.0,0.1,0.03,1.0,8.0,0.007774555344873431
v6_goalfocus,0,79,2.040080683320941,2.04613591499275,-3.6081075678194305,1.1318443097813975,1.421220873330052,-3.1951205669465295,0,0,0,10.0,20.0,0.1,0.03,1.0,8.0,0.23490308703542398
v6_goalfocus,0,80,2.0359052878844297,2.040080683320941,-3.581579044540238,1.1393864435428478,4.96983742799765,0.17473221308068837,0,0,0,10.0,20.0,0.1,0.03,1.0,8.0,0.018063019013239374
v6_goalfocus,0,81,2.033403009919365,2.0359052878844297,-3.576695461965767,1.0479653950194452,2.393007845854921,-2.2943542192739086,0,0,0,10.0,20.0,0.1,0.03,1.0,8.0,0.09487159907030834
v6_goalfocus,0,82,2.0338455474020827,2.033403009919365,-3.5641739565967554,1.0507857741788462,8.0,-2.159742844418398,0,0,0,10.0,20.0,0.1,0.03,1.0,8.0,-0.040943136907987746
v6_goalfocus,0,83,2.038320709464251,2.0338455474020827,-3.565053693758948,1.0121000590272764,0.8003547301077883,-5.292827112776167,0,0,0,10.0,20.0,0.1,0.03,1.0,8.0,-0.05264262595793465
v6_goalfocus,0,84,2.044821846060271,2.038320709464251,-3.5672284107718046,0.9536759022940756,-3.8975182932035883,-0.21937575780639704,0,0,0,10.0,20.0,0.1,0.03,1.0,8.0,-0.05981319874945983
v6_goalfocus,0,85,2.0504763811362445,2.044821846060271,-3.5701621094762226,0.8929415094429262,-3.9482580635327245,0.6046893168349148,0,0,0,10.0,20.0,0.1,0.03,1.0,8.0,-0.04606736248898732
v6_goalfocus,0,86,2.0549318235555134,2.0504763811362445,-3.5717189882535396,0.8346328205164253,-4.030600933224846,0.5847039972579755,0,0,0,10.0,20.0,0.1,0.03,1.0,8.0,-0.03231292894606441
v6_goalfocus,0,87,2.0563913961335896,2.0549318235555134,-3.571898444827373,0.9327907207025599,0.1341594180223405,5.912625838563922,0,0,0,10.0,20.0,0.1,0.03,1.0,8.0,-0.14893668643527108
v6_goalfocus,0,88,2.0574547656820386,2.0563913961335896,-3.5836828098988494,0.8074338187302876,-2.4231843640393507,-5.280678559082436,0,0,0,10.0,20.0,0.1,0.03,1.0,8.0,0.07996109505288916
v6_goalfocus,0,89,2.063583968812534,2.0574547656820386,-3.5725812085544777,0.8534776813229348,-3.8501445760198036,-8.0,0,0,0,10.0,20.0,0.1,0.03,1.0,8.0,-0.16114853744072108
v6_goalfocus,0,90,2.0699622237837483,2.063583968812534,-3.585449738507124,0.6217317830673005,-8.0,4.829234525610023,0,0,0,10.0,20.0,0.1,0.03,1.0,8.0,0.11305127918814242
v6_goalfocus,0,91,2.075139362151638,2.0699622237837483,-3.570871730881737,0.7814619250487279,8.0,-1.8380180507316057,0,0,0,10.0,20.0,0.1,0.03,1.0,8.0,-0.2615878258025178
v6_goalfocus,0,92,2.0829563475075554,2.075139362151638,-3.59381995624213,0.8489020919039552,0.4436086341603469,-2.1696672183617576,0,0,0,10.0,20.0,0.1,0.03,1.0,8.0,-0.20287001564740897
v6_goalfocus,0,93,2.0926566352077196,2.0829563475075554,-3.611091632042937,0.9620536759110907,4.568712541810793,-0.8313064208776727,0,0,0,10.0,20.0,0.1,0.03,1.0,8.0,-0.2743951307926357
v6_goalfocus,0,94,2.103536182084251,2.0926566352077196,-3.6354637569826536,0.9833474742375369,-0.5957591450145073,-0.7360956171903457,0,0,0,10.0,20.0,0.1,0.03,1.0,8.0,-0.197672350731919
v6_goalfocus,0,95,2.112281953718586,2.103536182084251,-3.6522281896629814,0.7205359160875386,-7.769956447018533,3.9719576505842102,0,0,0,10.0,20.0,0.1,0.03,1.0,8.0,0.11285506501468692
v6_goalfocus,0,96,2.114514041637418,2.112281953718586,-3.637704718565367,0.6546036331504105,-5.867172760318278,8.0,0,0,0,10.0,20.0,0.1,0.03,1.0,8.0,0.002858677997999111
v6_goalfocus,0,97,2.112931661135963,2.114514041637418,-3.634111276652444,0.7359650108557976,6.466047393770291,0.9096744779292314,0,0,0,10.0,20.0,0.1,0.03,1.0,8.0,-0.09142800793295783
v6_goalfocus,0,98,2.1107897136631975,2.112931661135963,-3.6401208359565076,0.666757336404195,-8.0,0.17589956079105812,0,0,0,10.0,20.0,0.1,0.03,1.0,8.0,0.06599582106648302
v6_goalfocus,0,99,2.107386490441474,2.1107897136631975,-3.630321157160311,0.7514700484923837,3.545957570647739,1.7986416070728835,0,0,0,10.0,20.0,0.1,0.03,1.0,8.0,-0.06945759827154899
v6_goalfocus,0,100,2.0996508683098356,2.107386490441474,-3.6342175140914548,1.1114094690068963,-3.1021197053085343,8.0,0,0,0,10.0,20.0,0.1,0.03,1.0,8.0,-0.28821581186608214
v6_goalfocus,0,101,2.088818564127043,2.0996508683098356,-3.6598090229447315,1.0482123585859406,3.5097056293080744,-1.10230586969971,0,0,0,10.0,20.0,0.1,0.03,1.0,8.0,0.17852368406103994
v6_goalfocus,0,102,2.0785912835410367,2.088818564127043,-3.638914363564144,1.1582451163424148,8.0,1.9063001068678256,0,0,0,10.0,20.0,0.1,0.03,1.0,8.0,-0.0044483070463659895
v6_goalfocus,0,103,2.067358381947797,2.0785912835410367,-3.636147838080976,1.2389851003944126,0.7654395926001369,1.860788580141703,0,0,0,10.0,20.0,0.1,0.03,1.0,8.0,0.04047156554350893
v6_goalfocus,0,104,2.0550619555759417,2.067358381947797,-3.6290880301769066,1.3266189637973864,5.830420903352646,1.502551685949174,0,0,0,10.0,20.0,0.1,0.03,1.0,8.0,0.047021643702012714
v6_goalfocus,0,105,2.042002413184177,2.0550619555759417,-3.621272579964583,1.376146299399846,1.0549355911703118,1.206452426326879,0,0,0,10.0,20.0,0.1,0.03,1.0,8.0,0.09661011937594621
v6_goalfocus,0,106,2.028808253953998,2.042002413184177,-3.608603541725243,1.4389397949373381,8.0,0.37785776355054485,0,0,0,10.0,20.0,0.1,0.03,1.0,8.0,0.08338459496223453
v6_goalfocus,0,107,2.01737845816156,2.028808253953998,-3.59706463605249,1.226161499506902,-6.4892182614072915,-3.6995556875506908,0,0,0,10.0,20.0,0.1,0.03,1.0,8.0,0.33551177622893613
v6_goalfocus,0,108,2.0047255817956895,2.01737845816156,-3.5603390938485666,1.4087459375845766,-2.355011522187112,5.181980199909306,0,0,0,10.0,20.0,0.1,0.03,1.0,8.0,-0.04245650672672549
v6_goalfocus,0,109,1.9905053595165056,2.0047255817956895,-3.5614834976522958,1.3828868769059364,5.6378439615329095,-1.605689788421044,0,0,0,10.0,20.0,0.1,0.03,1.0,8.0,0.1872935790428496
v6_goalfocus,0,110,1.9781389828911438,1.9905053595165056,-3.539646753734788,1.3222641031434037,0.0036048217784907456,-1.414347639577463,0,0,0,10.0,20.0,0.1,0.03,1.0,8.0,0.1981182045057211
v6_goalfocus,0,111,1.9689608517070318,1.9781389828911438,-3.516828682058465,1.064047814102832,-6.886422710427522,-5.285195284073686,0,0,0,10.0,20.0,0.1,0.03,1.0,8.0,0.35030906426297637
v6_goalfocus,0,112,1.9613842743968988,1.9689608517070318,-3.478562287797988,1.008101164905682,-6.2942750553193125,1.309669858525558,0,0,0,10.0,20.0,0.1,0.03,1.0,8.0,0.12744434415161485
v6_goalfocus,0,113,1.9535044238539063,1.9613842743968988,-3.462688687340294,1.0373054589708885,3.8347048432977533,-0.701450261342628,0,0,0,10.0,20.0,0.1,0.03,1.0,8.0,0.04728000833938391
v6_goalfocus,0,114,1.944452805170471,1.9535044238539063,-3.4549131959010295,1.1004461330466362,-2.3291994022945883,3.301324031718902,0,0,0,10.0,20.0,0.1,0.03,1.0,8.0,0.0292838975921091
v6_goalfocus,0,115,1.9377822340408954,1.944452805170471,-3.448933793922387,0.8347629783924014,-4.472157272963682,-8.0,0,0,0,10.0,20.0,0.1,0.03,1.0,8.0,0.32370292970345116
v6_goalfocus,0,116,1.9344983913882177,1.9377822340408954,-3.4133010003561854,0.846770313614551,-0.35320895576809797,1.552345350407382,0,0,0,10.0,20.0,0.1,0.03,1.0,8.0,0.0025519404609388313
v6_goalfocus,0,117,1.934048452863864,1.9344983913882177,-3.41003788589555,0.7441490395855411,-5.2060797304044595,-6.883178697207376,0,0,0,10.0,20.0,0.1,0.03,1.0,8.0,0.07641068940263523
v6_goalfocus,0,118,1.940753705356548,1.934048452863864,-3.399164062532983,0.8841154882107097,-3.3657513188220496,-6.726952861075125,0,0,0,10.0,20.0,0.1,0.03,1.0,8.0,-0.26287370596305115
v6_goalfocus,0,119,1.9517307200477125,1.940753705356548,-3.4222746200769905,0.9216094617493211,-1.4813682308163372,-1.3702108549084098,0,0,0,10.0,20.0,0.1,0.03,1.0,8.0,-0.2167333504522207
v6_goalfocus,0,120,1.961189494298272,1.9517307200477125,-3.440935230342143,0.7609035839141272,0.6721217520946375,4.285099290771225,0,0,0,10.0,20.0,0.1,0.03,1.0,8.0,0.001718294960890196
v6_goalfocus,0,121,1.9670291800219044,1.961189494298272,-3.4377046076473623,0.6785019028721676,-0.1412107346723652,2.670875589555165,0,0,0,10.0,20.0,0.1,0.03,1.0,8.0,-0.02705292074071416
v6_goalfocus,0,122,1.9757284652715843,1.9670291800219044,-3.4373875449811635,1.007935903302289,2.0991282915481215,-7.782238293484992,0,0,0,10.0,20.0,0.1,0.03,1.0,8.0,-0.47943625208176754
v6_goalfocus,0,123,1.9914423640045433,1.9757284652715843,-3.4821281402754622,1.2561867540762943,-1.1740623217535262,-5.238751775040221,0,0,0,10.0,20.0,0.1,0.03,1.0,8.0,-0.49207708562879715
v6_goalfocus,0,124,2.0095681061712187,1.9914423640045433,-3.5282457771430424,1.1724296665165377,-5.670163010993725,0.2749707357242887,0,0,0,10.0,20.0,0.1,0.03,1.0,8.0,-0.1925836553032785
v6_goalfocus,0,125,2.0259031479596703,2.0095681061712187,-3.5444034353062555,1.0805288889110418,5.025539613786299,2.9800003879019767,0,0,0,10.0,20.0,0.1,0.03,1.0,8.0,-0.16001523500337958
v6_goalfocus,0,126,2.0373116732844547,2.0259031479596703,-3.5572982823980883,0.7993402148578374,2.0616502377358508,6.786211280819521,0,0,0,10.0,20.0,0.1,0.03,1.0,8.0,0.09551117682561794
v6_goalfocus,0,127,2.0469982784986422,2.0373116732844547,-3.544589967636618,0.9407353727136545,-0.28069431214698515,-3.308649437959885,0,0,0,10.0,20.0,0.1,0.03,1.0,8.0,-0.30249779931898746
v6_goalfocus,0,128,2.0597898545114877,2.0469982784986422,-3.5718052914735163,1.041188385597846,-2.223256288352315,-2.64796993559852,0,0,0,10.0,20.0,0.1,0.03,1.0,8.0,-0.3033755968811953
v6_goalfocus,0,129,2.0704857755515564,2.0597898545114877,-3.5991054929950623,0.6314958542937369,-8.0,5.7994803288837184,0,0,0,10.0,20.0,0.1,0.03,1.0,8.0,0.23246760086574283
v6_goalfocus,0,130,2.0780347307073015,2.0704857755515564,-3.572553626745722,0.6456300072381954,-0.8366190667887616,-0.5782217139767146,0,0,0,10.0,20.0,0.1,0.03,1.0,8.0,-0.1458635141719874
v6_goalfocus,0,131,2.0856908783590304,2.0780347307073015,-3.584136746063504,0.6040311768518187,-2.280766437020558,0.11637370301054342,0,0,0,10.0,20.0,0.1,0.03,1.0,8.0,-0.09165667840976746
v6_goalfocus,0,132,2.0906971265851695,2.0856908783590304,-3.5902861156595463,0.36771114111066433,-2.7734970848192035,4.4304437443319715,0,0,0,10.0,20.0,0.1,0.03,1.0,8.0,0.13808180820976648
v6_goalfocus,0,133,2.091164122940428,2.0906971265851695,-3.5733925563452846,0.20140226110244133,-7.817033865570619,3.204710098321727,0,0,0,10.0,20.0,0.1,0.03,1.0,8.0,0.1277936294667579
v6_goalfocus,0,134,2.086680340965885,2.091164122940428,-3.557390142819641,0.4496390732685598,0.36927914349035174,5.476935499013267,0,0,0,10.0,20.0,0.1,0.03,1.0,8.0,-0.2188291681525051
v6_goalfocus,0,135,2.07611598137029,2.086680340965885,-3.5761788934175596,0.8169855863983443,6.649045750141276,6.537433276313399,0,0,0,10.0,20.0,0.1,0.03,1.0,8.0,-0.25780698410946074
v6_goalfocus,0,136,2.0646178912601556,2.07611598137029,-3.5986878798184128,0.578375973186844,-0.016680906096180913,-4.220068047573979,0,0,0,10.0,20.0,0.1,0.03,1.0,8.0,0.3629890979080178
v6_goalfocus,0,137,2.0583908707176994,2.0646178912601556,-3.5593333161133023,0.4427153348907761,6.954532566203735,-5.047180448041893,0,0,0,10.0,20.0,0.1,0.03,1.0,8.0,0.1873083011988649
v6_goalfocus,0,138,2.0565249384252944,2.0583908707176994,-3.537371737388136,0.44794150951668654,1.3379084063524693,-2.3866998573952833,0,0,0,10.0,20.0,0.1,0.03,1.0,8.0,-0.010296501876187126
v6_goalfocus,0,139,2.0517561447983006,2.0565249384252944,-3.5353779927785265,0.641960322088228,0.8570745475090562,8.0,0,0,0,10.0,20.0,0.1,0.03,1.0,8.0,-0.1617172718947958
v6_goalfocus,0,140,2.041896898750496,2.0517561447983006,-3.5483474244155686,0.7363135948508361,3.0409176689312805,1.7457111204010594,0,0,0,10.0,20.0,0.1,0.03,1.0,8.0,0.00831166482055573
v6_goalfocus,0,141,2.030195815881488,2.041896898750496,-3.5444778370348096,0.8169624198539537,-0.2517275759513254,1.8983222853974016,0,0,0,10.0,20.0,0.1,0.03,1.0,8.0,0.04724918687505317
v6_goalfocus,0,142,2.0160369687435225,2.030195815881488,-3.536741458990205,0.9734234507007589,4.015957844219115,2.860446178193957,0,0,0,10.0,20.0,0.1,0.03,1.0,8.0,0.004140098698945167
v6_goalfocus,0,143,2.002030514278843,2.0160369687435225,-3.533251480152358,0.7945585977716155,-4.255229223634285,-3.0507913001368343,0,0,0,10.0,20.0,0.1,0.03,1.0,8.0,0.3374816093712546
v6_goalfocus,0,144,1.9876145546896915,2.002030514278843,-3.4964176495174115,0.9708095226535693,0.20879424770102387,3.6931328020582876,0,0,0,10.0,20.0,0.1,0.03,1.0,8.0,-0.011484620288851118
v6_goalfocus,0,145,1.971640768917399,1.9876145546896915,-3.4945233527183857,0.9408721727139162,2.0979102560083973,-0.7624113389925036,0,0,0,10.0,20.0,0.1,0.03,1.0,8.0,0.2162853338813418
v6_goalfocus,0,146,1.9593241217533082,1.971640768917399,-3.4698792490224637,0.6024516090941695,-8.0,-5.823411851836573,0,0,0,10.0,20.0,0.1,0.03,1.0,8.0,0.4724539686850131
v6_goalfocus,0,147,1.951583742341716,1.9593241217533082,-3.4193278767614745,0.6106012757294376,6.888713762325178,-2.299638464405455,0,0,0,10.0,20.0,0.1,0.03,1.0,8.0,0.06528225857264328
v6_goalfocus,0,148,1.944534589201816,1.951583742341716,-3.4096348299218158,0.7325027965556039,6.093560541882806,1.3525947681243473,0,0,0,10.0,20.0,0.1,0.03,1.0,8.0,-0.05737492297772215
v6_goalfocus,0,149,1.9413662908615434,1.944534589201816,-3.4122505691174494,0.6487837657638886,-2.8360634338507054,-8.0,0,0,0,10.0,20.0,0.1,0.03,1.0,8.0,0.09451555277030824
v6_goalfocus,0,150,1.944575603039367,1.9413662908615434,-3.399573878666041,0.7034467237692095,-1.477615623953499,-3.1254397627874635,0,0,0,10.0,20.0,0.1,0.03,1.0,8.0,-0.12864151995636236
v6_goalfocus,0,151,1.9505696570166635,1.944575603039367,-3.409400681531543,0.674463116893942,-5.686065922640621,-1.7016769542716406,0,0,0,10.0,20.0,0.1,0.03,1.0,8.0,-0.08353331120091506
v6_goalfocus,0,152,1.953056860520534,1.9505696570166635,-3.414643928119968,0.5980879464954785,6.56309889633469,8.0,0,0,0,10.0,20.0,0.1,0.03,1.0,8.0,0.009255584616715683
v6_goalfocus,0,153,1.9518725942597257,1.953056860520534,-3.4103837625735367,0.4599943670692753,-8.0,-1.3699727854338757,0,0,0,10.0,20.0,0.1,0.03,1.0,8.0,0.12211526742248377
v6_goalfocus,0,154,1.9506144095310158,1.9518725942597257,-3.3949663707518107,0.422527277356995,-1.7253187602947686,1.5580589209770896,0,0,0,10.0,20.0,0.1,0.03,1.0,8.0,0.024383641812040543
v6_goalfocus,0,155,1.947541533409181,1.9506144095310158,-3.389511118219276,0.49806478147168853,3.6256048349355976,1.737993302495291,0,0,0,10.0,20.0,0.1,0.03,1.0,8.0,-0.06430865438461805
v6_goalfocus,0,156,1.9477256750960008,1.947541533409181,-3.3928914660604295,0.5992529428226405,0.2565162582543124,-7.336461272182603,0,0,0,10.0,20.0,0.1,0.03,1.0,8.0,-0.13537335741880027
v6_goalfocus,0,157,1.95328266305671,1.9477256750960008,-3.403260397225469,0.6088686035494226,-4.475713117797443,-2.0251167431545563,0,0,0,10.0,20.0,0.1,0.03,1.0,8.0,-0.11583434190651005
v6_goalfocus,0,158,1.9643028076804891,1.95328266305671,-3.411768415460694,0.9677591067620414,-3.019824280914021,-7.591418798766064,0,0,0,10.0,20.0,0.1,0.03,1.0,8.0,-0.5405476801310601
v6_goalfocus,0,159,1.9775855218898204,1.9643028076804891,-3.4626145929173444,0.7062180641619977,-6.01745773876883,3.429227616378897,0,0,0,10.0,20.0,0.1,0.03,1.0,8.0,0.049908414401781245
v6_goalfocus,0,160,1.9900028915709747,1.9775855218898204,-3.4544738471031575,0.7812883263543628,-5.444184856040953,-2.191486580945505,0,0,0,10.0,20.0,0.1,0.03,1.0,8.0,-0.27440130466444446
v6_goalfocus,0,161,2.002568083207029,1.9900028915709747,-3.4788063470627857,0.6562384048644525,-3.081773125569358,1.6032646201476337,0,0,0,10.0,20.0,0.1,0.03,1.0,8.0,-0.07544514075082256
v6_goalfocus,0,162,2.017108859370726,2.002568083207029,-3.483313149315869,0.9661675496886567,-2.662214906924209,-5.435820299621038,0,0,0,10.0,20.0,0.1,0.03,1.0,8.0,-0.5377652749410087
v6_goalfocus,0,163,2.031864437174265,2.017108859370726,-3.533975190777031,0.659381731559969,-2.6952356743309656,4.630245352330917,0,0,0,10.0,20.0,0.1,0.03,1.0,8.0,0.07648058215665095
v6_goalfocus,0,164,2.0421878100896755,2.031864437174265,-3.5232374342258566,0.5199606101414905,7.226598446603698,3.206464021741299,0,0,0,10.0,20.0,0.1,0.03,1.0,8.0,-0.031931326276615934
v6_goalfocus,0,165,2.052201194398329,2.0421878100896755,-3.5232352383015457,0.6823397544928778,1.4571414953085173,-2.469275445207821,0,0,0,10.0,20.0,0.1,0.03,1.0,8.0,-0.3277621138627218
v6_goalfocus,0,166,2.0594588784655237,2.052201194398329,-3.5529857603673127,0.2899353082820961,2.831006684625833,7.436775962336641,0,0,0,10.0,20.0,0.1,0.03,1.0,8.0,0.2625398689662556
v6_goalfocus,0,167,2.0664497397047974,2.0594588784655237,-3.5235338977345547,0.7568805848216171,8.0,-6.52443457255803,0,0,0,10.0,20.0,0.1,0.03,1.0,8.0,-0.5945205299694385
v6_goalfocus,0,168,2.072665891528898,2.0664497397047974,-3.5796529249612123,0.28288642081677673,-4.514895432264713,8.0,0,0,0,10.0,20.0,0.1,0.03,1.0,8.0,0.35759070227876255
v6_goalfocus,0,169,2.0711654868371165,2.072665891528898,-3.5406301538559477,0.2879204758622978,-1.4746166742849969,5.47175328100003,0,0,0,10.0,20.0,0.1,0.03,1.0,8.0,-0.015821732969580993
v6_goalfocus,0,170,2.063602761627189,2.0711654868371165,-3.539111969095705,0.5614117250148164,-2.8690465503780027,5.166499261397708,0,0,0,10.0,20.0,0.1,0.03,1.0,8.0,-0.20265645625990458
v6_goalfocus,0,171,2.05733592784784,2.063602761627189,-3.556268476775676,0.27327746032991795,6.453902008421215,-7.26490275937494,0,0,0,10.0,20.0,0.1,0.03,1.0,8.0,0.339680682662992
v6_goalfocus,0,172,2.054885514170028,2.05733592784784,-3.5190053095617597,0.1846564554738195,-8.0,0.463108051746842,0,0,0,10.0,20.0,0.1,0.03,1.0,8.0,0.08966293020265886
v6_goalfocus,0,173,2.0525081091007493,2.054885514170028,-3.5068383463256576,0.10241077622069895,-5.430095934788888,-1.1205349470989754,0,0,0,10.0,20.0,0.1,0.03,1.0,8.0,0.08335384006679077
v6_goalfocus,0,174,2.0480738834574317,2.0525081091007493,-3.495406895005139,0.37224850494223066,5.310019969863718,4.784950276934713,0,0,0,10.0,20.0,0.1,0.03,1.0,8.0,-0.2416082082261709
v6_goalfocus,0,175,2.0457045147809594,2.0480738834574317,-3.5164080531364026,0.29819485561237236,5.417629984014765,-7.993809000077703,0,0,0,10.0,20.0,0.1,0.03,1.0,8.0,0.07311370028763564
v6_goalfocus,0,176,2.051529957213605,2.0457045147809594,-3.505805271554597,0.6594086730346608,2.966075387654416,-6.216684089153457,0,0,0,10.0,20.0,0.1,0.03,1.0,8.0,-0.47130108763409206
v6_goalfocus,0,177,2.0588831531807,2.051529957213605,-3.549787115429664,0.4214716661685066,-3.3742173229944448,3.4288240008051596,0,0,0,10.0,20.0,0.1,0.03,1.0,8.0,0.10803591664043338
v6_goalfocus,0,178,2.0635806858128216,2.0588831531807,-3.5359112044638352,0.4231002066263558,4.232269078959076,1.2781850676528996,0,0,0,10.0,20.0,0.1,0.03,1.0,8.0,-0.0955744168811298
v6_goalfocus,0,179,2.068120356150993,2.0635806858128216,-3.5424075653437486,0.4963868173582407,2.440137905026735,-0.7204804796596844,0,0,0,10.0,20.0,0.1,0.03,1.0,8.0,-0.16467789054620877
v6_goalfocus,0,180,2.0746814292046345,2.068120356150993,-3.5558551251323784,0.5708506080268346,-5.7253899759542595,-3.029569998992212,0,0,0,10.0,20.0,0.1,0.03,1.0,8.0,-0.19417932134229546
v6_goalfocus,0,181,2.0856072110019612,2.0746814292046345,-3.572141937314247,0.8912457003390947,2.2951773920513148,-4.9426797240959095,0,0,0,10.0,20.0,0.1,0.03,1.0,8.0,-0.4984580221550303
v6_goalfocus,0,182,2.103243371192793,2.0856072110019612,-3.6188949335231375,1.286003277494716,-4.5731761921375655,-7.282497108389749,0,0,0,10.0,20.0,0.1,0.03,1.0,8.0,-0.6643616736134401
v6_goalfocus,0,183,2.125024145791912,2.103243371192793,-3.68210001118255,1.2937654801991947,-5.068766927726213,-1.0067240503262376,0,0,0,10.0,20.0,0.1,0.03,1.0,8.0,-0.3313039416625856
v6_goalfocus,0,184,2.1424374184050996,2.125024145791912,-3.71214694943793,0.7708340580130381,-0.8960828696279693,8.0,0,0,0,10.0,20.0,0.1,0.03,1.0,8.0,0.2571687675868961
v6_goalfocus,0,185,2.1590401175720384,2.1424374184050996,-3.6832275634151492,1.257753181330917,6.615472096615721,-6.407422516474569,0,0,0,10.0,20.0,0.1,0.03,1.0,8.0,-0.7422018408331734
v6_goalfocus,0,186,2.180547934651473,2.1590401175720384,-3.7541826864535737,1.4505735025993656,6.8237110333850985,-1.6350891952750752,0,0,0,10.0,20.0,0.1,0.03,1.0,8.0,-0.5124431112515389
v6_goalfocus,0,187,2.2051554758464014,2.180547934651473,-3.8022731333632787,1.7591366161438686,8.0,-3.0200524568965457,0,0,0,10.0,20.0,0.1,0.03,1.0,8.0,-0.6700109734721141
v6_goalfocus,0,188,2.2301794618360997,2.2051554758464014,-3.8660457284703575,1.6043216166911582,0.9779119459678346,2.6780462451242104,0,0,0,10.0,20.0,0.1,0.03,1.0,8.0,-0.20969835160739522
v6_goalfocus,0,189,2.2510105352850487,2.2301794618360997,-3.8839901628702687,1.3580497718040225,5.071747805407852,5.102893781632153,0,0,0,10.0,20.0,0.1,0.03,1.0,8.0,-0.0632391359823842
v6_goalfocus,0,190,2.2722711072873567,2.2510105352850487,-3.8871523197474187,1.7430034578225466,1.914209138787267,-5.3296372825854865,0,0,0,10.0,20.0,0.1,0.03,1.0,8.0,-0.6992477200233431
v6_goalfocus,0,191,2.2980734124217364,2.2722711072873567,-3.9539768754054063,1.9230734435056882,-2.6262705180429036,-3.193388482362965,0,0,0,10.0,20.0,0.1,0.03,1.0,8.0,-0.5539708195211214
v6_goalfocus,0,192,2.327666985367423,2.2980734124217364,-4.006320535398665,2.2232670914739945,-1.8958387764471358,-4.6131128136278425,0,0,0,10.0,20.0,0.1,0.03,1.0,8.0,-0.7242025003787103
v6_goalfocus,0,193,2.3638116862472267,2.327666985367423,-4.075663051016231,2.818018434778661,0.027138767561057136,-8.0,0,0,0,10.0,20.0,0.1,0.03,1.0,8.0,-1.1061972826298314
v6_goalfocus,0,194,2.404374267733619,2.3638116862472267,-4.183082776977612,2.908013795275933,-1.1476494760721416,-1.0792783091805016,0,0,0,10.0,20.0,0.1,0.03,1.0,8.0,-0.6570511097240264
v6_goalfocus,0,195,2.443823689140214,2.404374267733619,-4.245780131884425,2.813765272486182,0.07395849512474031,1.6689276407121534,0,0,0,10.0,20.0,0.1,0.03,1.0,8.0,-0.4570219484409228
v6_goalfocus,0,196,2.482048843724987,2.443823689140214,-4.288473605511864,2.9202869688534485,2.577761641983073,-0.23611232170351532,0,0,0,10.0,20.0,0.1,0.03,1.0,8.0,-0.6407682352347629
v6_goalfocus,0,197,2.5150293650849918,2.482048843724987,-4.349529489647493,2.2026934187996496,-3.8271164692121697,8.0,0,0,0,10.0,20.0,0.1,0.03,1.0,8.0,0.2510060035842615
v6_goalfocus,0,198,2.538514881396819,2.5150293650849918,-4.321183117975101,1.632992712337668,1.6446327049089309,7.317260284996019,0,0,0,10.0,20.0,0.1,0.03,1.0,8.0,0.22921439329590435
v6_goalfocus,0,199,2.5622991325642555,2.538514881396819,-4.295085906411722,2.3684015228917845,3.240983407271176,-7.389826145058471,0,0,0,10.0,20.0,0.1,0.03,1.0,8.0,-1.079751758238892
v6_goalfocus,0,200,2.5910620456277513,2.5622991325642555,-4.399857602535922,2.5066745414747866,-0.9318231635131822,-1.5095833923123518,0,0,0,10.0,20.0,0.1,0.03,1.0,8.0,-0.5455935368658691
v6_goalfocus,1,1,1.2261898951319892,1.2252173810774687,-2.3321127605408885,0.27584495356967487,-4.366393842962006,1.2732902476602819,0,0,0,10.0,20.0,0.1,0.03,1.0,8.0,-0.32060866186812476
v6_goalfocus,1,2,1.2302688636535206,1.2261898951319892,-2.361108980905055,1.053838267397638,-4.907337993735488,5.711671416600774,0,0,0,10.0,20.0,0.1,0.03,1.0,8.0,-0.8689577021631308
v6_goalfocus,1,3,1.236815093243022,1.2302688636535206,-2.444827547507131,1.336325792081968,2.942853834024079,3.392777183244613,0,0,0,10.0,20.0,0.1,0.03,1.0,8.0,-0.4080504810057869
v6_goalfocus,1,4,1.2448081137841378,1.236815093243022,-2.482569560214886,1.9379418637643637,1.3179666056311545,5.577873252650528,0,0,0,10.0,20.0,0.1,0.03,1.0,8.0,-0.7484508591519368
v6_goalfocus,1,5,1.2536755492010196,1.2448081137841378,-2.5543119907988414,1.825656812508558,-2.18019913619486,-1.67769869571026,0,0,0,10.0,20.0,0.1,0.03,1.0,8.0,-0.04629427225134852
v6_goalfocus,1,6,1.2611361133004664,1.2536755492010196,-2.5559177682077667,1.384817707972493,2.1703259505941133,-2.9930161006219898,0,0,0,10.0,20.0,0.1,0.03,1.0,8.0,0.3025400307940278
v6_goalfocus,1,7,1.2674827868189193,1.2611361133004664,-2.522621051190519,1.3052524413341664,-4.082039764038836,-1.8467211457152328,0,0,0,10.0,20.0,0.1,0.03,1.0,8.0,-0.04275089474861363
v6_goalfocus,1,8,1.272302651742512,1.2674827868189193,-2.5238334112040515,0.530675244489697,0.4018146071686854,-5.8684106643652685,0,0,0,10.0,20.0,0.1,0.03,1.0,8.0,0.6739117015525162
v6_goalfocus,1,9,1.2770028900340225,1.272302651742512,-2.4533341169903493,0.9999659534503614,-8.0,1.2013616344067697,0,0,0,10.0,20.0,0.1,0.03,1.0,8.0,-0.5691540425341518
v6_goalfocus,1,10,1.2837160988723801,1.2770028900340225,-2.5070450110257125,1.2636461435477062,-2.238884995634224,1.3255669637274594,0,0,0,10.0,20.0,0.1,0.03,1.0,8.0,-0.3906881645864503
v6_goalfocus,1,11,1.2935849866886449,1.2837160988723801,-2.5430926720662357,2.525907310621932,-6.894284411566232,7.054280014719855,0,0,0,10.0,20.0,0.1,0.03,1.0,8.0,-1.4374586610086264
v6_goalfocus,1,12,1.3044773946344046,1.2935849866886449,-2.683534494341868,2.078501476933229,5.815428844234894,-1.4870415267406356,0,0,0,10.0,20.0,0.1,0.03,1.0,8.0,0.25957151865405126
v6_goalfocus,1,13,1.3149377794120658,1.3044773946344046,-2.654464747147886,3.1308193584628197,3.932300387790419,8.0,0,0,0,10.0,20.0,0.1,0.03,1.0,8.0,-1.2351065427426045
v6_goalfocus,1,14,1.3253687118181243,1.3149377794120658,-2.7747270795898347,3.2777783567180276,8.0,3.0335813298703456,0,0,0,10.0,20.0,0.1,0.03,1.0,8.0,-0.3289481643523636
v6_goalfocus,1,15,1.3328433808954867,1.3253687118181243,-2.8043931378510556,2.316210457672388,4.436592448532435,-4.45218527068634,0,0,0,10.0,20.0,0.1,0.03,1.0,8.0,0.8231689384948061
v6_goalfocus,1,16,1.338227119037657,1.3328433808954867,-2.7189527899195784,2.706162607700366,3.8158252191364883,3.233995846311803,0,0,0,10.0,20.0,0.1,0.03,1.0,8.0,-0.4978644393026189
v6_goalfocus,1,17,1.3418630405955296,1.338227119037657,-2.765661048689725,1.6571667055202666,2.635047865661129,-4.7412963977759155,0,0,0,10.0,20.0,0.1,0.03,1.0,8.0,0.9660126777160297
v6_goalfocus,1,18,1.3428251657243482,1.3418630405955296,-2.665967832890666,0.29348933787736703,1.7493688928676732,-6.362039499194839,0,0,0,10.0,20.0,0.1,0.03,1.0,8.0,1.318543503872253
v6_goalfocus,1,19,1.3431972650703494,1.3428251657243482,-2.5309774330093386,1.233992617928213,0.7095646101293144,4.993454754354708,0,0,0,10.0,20.0,0.1,0.03,1.0,8.0,-0.9766246348357646
v6_goalfocus,1,20,1.3444454662050258,1.3431972650703494,-2.625560402516916,2.016925259773831,1.7144166800325769,4.400537346115306,0,0,0,10.0,20.0,0.1,0.03,1.0,8.0,-0.831495388517344
v6_goalfocus,1,21,1.3454138276758496,1.3444454662050258,-2.7056402415140024,0.9299510195305046,-5.070656825573335,-6.684618590982859,0,0,0,10.0,20.0,0.1,0.03,1.0,8.0,1.0409157483255584
v6_goalfocus,1,22,1.3472085493985377,1.3454138276758496,-2.598328680161604,3.063219458395896,-6.105939163433681,7.8927460905438,0,0,0,10.0,20.0,0.1,0.03,1.0,8.0,-2.1920612929455827
v6_goalfocus,1,23,1.3498958139036117,1.3472085493985377,-2.8142236284126705,3.8217320686156944,-8.0,0.6650515435789885,0,0,0,10.0,20.0,0.1,0.03,1.0,8.0,-0.8289694295968062
v6_goalfocus,1,24,1.3511819618433125,1.3498958139036117,-2.89391918920499,4.650070092331248,-0.23876370148054138,3.162213068544107,0,0,0,10.0,20.0,0.1,0.03,1.0,8.0,-0.8770473671785636
v6_goalfocus,1,25,1.3494879544098597,1.3511819618433125,-2.9785924990491086,4.287265408850578,1.6937475991937905,-0.8809251182122698,0,0,0,10.0,20.0,0.1,0.03,1.0,8.0,0.35691980097064835
v6_goalfocus,1,26,1.3465937895604638,1.3494879544098597,-2.9398891289208136,2.841794581559264,-8.0,-7.69583674291427,0,0,0,10.0,20.0,0.1,0.03,1.0,8.0,1.4530252174925444
v6_goalfocus,1,27,1.3431642781614983,1.3465937895604638,-2.7912015262241416,3.345761410086009,0.49837508671600894,2.167651995488436,0,0,0,10.0,20.0,0.1,0.03,1.0,8.0,-0.485039969709821
v6_goalfocus,1,28,1.336424987205984,1.3431642781614983,-2.8366900635298093,4.59571475372278,-8.0,2.144222537869501,0,0,0,10.0,20.0,0.1,0.03,1.0,8.0,-1.1855925546582646
v6_goalfocus,1,29,1.3283205736651784,1.336424987205984,-2.9520349512134736,2.851859435099781,2.794840315924875,-4.771085946481635,0,0,0,10.0,20.0,0.1,0.03,1.0,8.0,1.8290498325106064
v6_goalfocus,1,30,1.3199873047995097,1.3283205736651784,-2.7660344229827247,3.2835522741170733,4.702574295000977,3.4292035768073257,0,0,0,10.0,20.0,0.1,0.03,1.0,8.0,-0.3432096877774117
v6_goalfocus,1,31,1.3104476771199456,1.3199873047995097,-2.797249536628681,2.6140033604493653,-1.3734609157306024,-2.415654532281457,0,0,0,10.0,20.0,0.1,0.03,1.0,8.0,0.7762952671759042
v6_goalfocus,1,32,1.2979086846723558,1.3104476771199456,-2.716595879343258,3.891967251079215,2.6357308802841413,6.10005163055535,0,0,0,10.0,20.0,0.1,0.03,1.0,8.0,-1.129054767979676
v6_goalfocus,1,33,1.275639979150702,1.2979086846723558,-2.8263633633063234,5.570141804986078,-4.0833275818510275,6.2797079612352,0,0,0,10.0,20.0,0.1,0.03,1.0,8.0,-1.3890846581116476
v6_goalfocus,1,34,1.2404447268787007,1.275639979150702,-2.9620964906918035,6.799534183876356,0.5996354655223544,7.404201396056381,0,0,0,10.0,20.0,0.1,0.03,1.0,8.0,-0.7522664050572481
v6_goalfocus,1,35,1.1898466364110734,1.2404447268787007,-3.034150688194388,7.973663584189325,-6.065005303879213,7.073743223240689,0,0,0,10.0,20.0,0.1,0.03,1.0,8.0,-0.4713454091262639
v6_goalfocus,1,36,1.126705280186911,1.1898466364110734,-3.0780139099428756,7.656371608249276,3.782925618153056,3.8156366937283837,0,0,0,10.0,20.0,0.1,0.03,1.0,8.0,1.2111750723123056
v6_goalfocus,1,37,1.0567648425597482,1.126705280186911,-2.9538061851816106,7.208944655932911,6.333310666076691,3.591350225394637,0,0,0,10.0,20.0,0.1,0.03,1.0,8.0,1.4499054295307612
v6_goalfocus,1,38,0.9824076440191176,1.0567648425597482,-2.8056499902896768,6.8449064628474465,-6.244841757201203,-0.08781784670068385,0,0,0,10.0,20.0,0.1,0.03,1.0,8.0,1.4446501542867674
v6_goalfocus,1,39,0.907361926109476,0.9824076440191176,-2.6580630818592916,6.152526624788873,-0.974668062924078,-2.121277356912636,0,0,0,10.0,20.0,0.1,0.03,1.0,8.0,1.798759912520391
v6_goalfocus,1,40,0.8341157492276964,0.907361926109476,-2.475170059996447,5.564882940896211,2.8347242688266516,-1.3293631386225377,0,0,0,10.0,20.0,0.1,0.03,1.0,8.0,1.682360072499133
v6_goalfocus,1,41,0.7558867116890853,0.8341157492276964,-2.3039034187839253,6.084622900438038,-4.265504758480587,8.0,0,0,0,10.0,20.0,0.1,0.03,1.0,8.0,0.6688010377960049
v6_goalfocus,1,42,0.6729700128393848,0.7558867116890853,-2.2337664570954354,5.665143870244414,-6.3791468991582985,-2.911065411613524,0,0,0,10.0,20.0,0.1,0.03,1.0,8.0,1.7078091262882187
v6_goalfocus,1,43,0.590972179176723,0.6729700128393848,-2.0598318950385144,5.44158243923948,-0.6643455600178095,0.2535594872049072,0,0,0,10.0,20.0,0.1,0.03,1.0,8.0,1.52952742736859
v6_goalfocus,1,44,0.5058804862278236,0.590972179176723,-1.9038775721534158,5.618629538290875,-5.550475487472963,4.237347383224147,0,0,0,10.0,20.0,0.1,0.03,1.0,8.0,1.217289897351417
v6_goalfocus,1,45,0.4168515362112099,0.5058804862278236,-1.7789961983839517,5.577610004874029,-0.6288877695421508,2.3109568820917588,0,0,0,10.0,20.0,0.1,0.03,1.0,8.0,1.5572532879707826
v6_goalfocus,1,46,0.33206301126785165,0.4168515362112099,-1.6202529445195686,4.874525876057234,0.7600901050100678,-8.0,0,0,0,10.0,20.0,0.1,0.03,1.0,8.0,2.212864523507071
v6_goalfocus,1,47,0.2516609447255874,0.33206301126785165,-1.3957646867408373,5.000994603553254,1.788658005732279,4.3432331286487,0,0,0,10.0,20.0,0.1,0.03,1.0,8.0,1.3927713975952747
v6_goalfocus,1,48,0.17553960743489883,0.2516609447255874,-1.2534186001954621,4.883610763794426,-2.6111939419585863,-0.4595543544448359,0,0,0,10.0,20.0,0.1,0.03,1.0,8.0,1.6752147801695842
v6_goalfocus,1,49,0.12055661875283685,0.17553960743489883,-1.0828751549159812,4.842451683965981,1.0802922910977277,0.9364238091898938,0,0,0,10.0,20.0,0.1,0.03,1.0,8.0,1.2785433853043764
v6_goalfocus,1,50,0.12335754058991658,0.12055661875283685,-0.9520144291324666,4.925663206496669,-4.695948928804604,2.247980262838117,0,0,0,10.0,20.0,0.1,0.03,1.0,8.0,-0.18217057835038397
v6_goalfocus,1,51,0.18633663423304053,0.12335754058991658,-0.9671467827437423,5.069944389447691,1.0435258568464876,3.398068249447264,0,0,0,10.0,20.0,0.1,0.03,1.0,8.0,-1.6089104995192614
v6_goalfocus,1,52,0.26913018199284133,0.18633663423304053,-1.1249983457767878,4.558074036837121,-2.171723901405929,-8.0,0,0,0,10.0,20.0,0.1,0.03,1.0,8.0,-1.2193156292191412
v6_goalfocus,1,53,0.35694760073566867,0.26913018199284133,-1.2437151699965021,4.80096913536013,3.362776889395833,4.1673998686583715,0,0,0,10.0,20.0,0.1,0.03,1.0,8.0,-1.938698742835276
v6_goalfocus,1,54,0.44698860357587056,0.35694760073566867,-1.4344954333735511,4.451264175147657,-7.201285073793584,-4.966051360812457,0,0,0,10.0,20.0,0.1,0.03,1.0,8.0,-1.2943077637070752
v6_goalfocus,1,55,0.5371535482758549,0.44698860357587056,-1.5606870842041578,4.670828185283978,8.0,2.440520190619124,0,0,0,10.0,20.0,0.1,0.03,1.0,8.0,-1.7967549426362914
v6_goalfocus,1,56,0.6335331938330255,0.5371535482758549,-1.7371439655340344,4.979075674969722,-1.1311507223473916,4.729233167910927,0,0,0,10.0,20.0,0.1,0.03,1.0,8.0,-1.933186712609497
v6_goalfocus,1,57,0.7304265408480692,0.6335331938330255,-1.9273887457065055,4.747269059584376,2.052266687332303,-4.109106735770588,0,0,0,10.0,20.0,0.1,0.03,1.0,8.0,-1.3548058007053407
v6_goalfocus,1,58,0.8269148888380727,0.7304265408480692,-2.0598033990372837,5.049437247138234,1.5704927017845933,4.023927849593783,0,0,0,10.0,20.0,0.1,0.03,1.0,8.0,-1.8446212902985208
v6_goalfocus,1,59,0.9260597150212254,0.8269148888380727,-2.2412072204338074,5.223187486369967,5.199433878887727,1.3449668636379124,0,0,0,10.0,20.0,0.1,0.03,1.0,8.0,-1.7258134274254742
v6_goalfocus,1,60,1.0251343184338488,0.9260597150212254,-2.4106984286497135,5.368315338299956,6.290086726216585,1.0060729858655113,0,0,0,10.0,20.0,0.1,0.03,1.0,8.0,-1.6688339744653133
v6_goalfocus,1,61,1.119257419032287,1.0251343184338488,-2.5744550218028817,5.049654455337224,-4.528144955328998,-2.1276682367701056,0,0,0,10.0,20.0,0.1,0.03,1.0,8.0,-1.107956945769154
v6_goalfocus,1,62,1.2114584290825359,1.119257419032287,-2.6821724942896026,5.514679382553798,2.4761588234365894,7.838620919323817,0,0,0,10.0,20.0,0.1,0.03,1.0,8.0,-1.846277686604449
v6_goalfocus,1,63,1.3006137846504628,1.2114584290825359,-2.863589090011186,5.133368893849618,1.1106275683526934,-4.346545018010596,0,0,0,10.0,20.0,0.1,0.03,1.0,8.0,-0.9386903332003076
v6_goalfocus,1,64,1.383614455779243,1.3006137846504628,-2.9543952297462504,5.143462202476525,-3.063935367910177,2.1392752299199373,0,0,0,10.0,20.0,0.1,0.03,1.0,8.0,-1.2288050536588975
v6_goalfocus,1,65,1.4650861929017995,1.383614455779243,-3.07423209699199,5.303876561425353,-0.5099608466283212,3.9023767712955877,0,0,0,10.0,20.0,0.1,0.03,1.0,8.0,-1.3469760306836487
v6_goalfocus,1,66,1.5457460611203488,1.4650861929017995,-3.2058812981711977,5.455811861524397,2.050818462472447,3.3390112026966663,0,0,0,10.0,20.0,0.1,0.03,1.0,8.0,-1.3177429605443522
v6_goalfocus,1,67,1.621035158370542,1.5457460611203488,-3.3346076103125775,4.954276085421065,-4.160547099211841,-8.0,0,0,0,10.0,20.0,0.1,0.03,1.0,8.0,-0.5830804063436574
v6_goalfocus,1,68,1.6915243924865615,1.621035158370542,-3.3896615567214283,5.11638888638256,1.822966587534468,2.7732840000220036,0,0,0,10.0,20.0,0.1,0.03,1.0,8.0,-1.1712231677557938
v6_goalfocus,1,69,1.7609915241678533,1.6915243924865615,-3.50374945377412,5.269433945657817,8.0,2.8461285069812923,0,0,0,10.0,20.0,0.1,0.03,1.0,8.0,-1.1443433711442628
v6_goalfocus,1,70,1.8258630161478304,1.7609915241678533,-3.614958476990177,4.850244863446693,-4.096078285682789,-8.0,0,0,0,10.0,20.0,0.1,0.03,1.0,8.0,-0.5042644377091677
v6_goalfocus,1,71,1.8828071522899512,1.8258630161478304,-3.662132489956961,4.355358017590999,3.802409752637291,-8.0,0,0,0,10.0,20.0,0.1,0.03,1.0,8.0,-0.31609847694592585
v6_goalfocus,1,72,1.9351261806975188,1.8828071522899512,-3.690497155401782,4.461799345088317,-0.34967913490021957,0.6952837625730014,0,0,0,10.0,20.0,0.1,0.03,1.0,8.0,-0.8489898090158373
v6_goalfocus,1,73,1.9862478542471003,1.9351261806975188,-3.772394243506466,4.524634181632194,0.5607533810594646,-0.013438804400446216,0,0,0,10.0,20.0,0.1,0.03,1.0,8.0,-0.786610697926194
v6_goalfocus,1,74,2.0354205054062917,1.9862478542471003,-3.8480543300960983,4.50885609901859,-1.6822657909839887,-1.7597107981198188,0,0,0,10.0,20.0,0.1,0.03,1.0,8.0,-0.6795194706218203
v6_goalfocus,1,75,2.0842472032128363,2.0354205054062917,-3.912987756532391,4.844079846808277,-8.0,1.2388434216066635,0,0,0,10.0,20.0,0.1,0.03,1.0,8.0,-1.0256443947933536
v6_goalfocus,1,76,2.1314235576514267,2.0842472032128363,-4.012347399971029,4.680448790990738,6.454814832153779,-1.941404610875345,0,0,0,10.0,20.0,0.1,0.03,1.0,8.0,-0.5020259033709513
v6_goalfocus,1,77,2.177784431503166,2.1314235576514267,-4.059408010038185,5.370136721186078,-2.51058946285187,5.754679772817153,0,0,0,10.0,20.0,0.1,0.03,1.0,8.0,-1.3424510833322123
v6_goalfocus,1,78,2.2275420997988173,2.177784431503166,-4.190529932750348,6.288691186495963,-4.954662140361144,6.225648205019806,0,0,0,10.0,20.0,0.1,0.03,1.0,8.0,-1.6157438079368602
v6_goalfocus,1,79,2.276650970945362,2.2275420997988173,-4.348906478004978,6.347640039829032,-2.227104445245127,-2.84424527065339,0,0,0,10.0,20.0,0.1,0.03,1.0,8.0,-0.7440678249750229
v6_goalfocus,1,80,2.3222771898449013,2.276650970945362,-4.4202724801107,6.902190174621081,-2.6645350934124163,1.1310261118107916,0,0,0,10.0,20.0,0.1,0.03,1.0,8.0,-1.1915187348806495
v6_goalfocus,1,81,2.3651839227010814,2.3222771898449013,-4.53639816932586,7.590420773195461,-7.253316959708307,-0.18036780439381842,0,0,0,10.0,20.0,0.1,0.03,1.0,8.0,-1.2890778769411373
v6_goalfocus,1,82,2.402013321689152,2.3651839227010814,-4.6621414472091525,7.359304138376221,-7.706665853709304,-6.937721498590898,0,0,0,10.0,20.0,0.1,0.03,1.0,8.0,-0.2898130198202511
v6_goalfocus,1,83,2.429985657737271,2.402013321689152,-4.687786734571888,7.215877936046667,3.2811178849005507,-2.158811377877983,0,0,0,10.0,20.0,0.1,0.03,1.0,8.0,-0.2567605017089845
v6_goalfocus,1,84,2.4496295417268534,2.429985657737271,-4.710414577864224,7.321626844713741,-5.135806490896136,-2.8903259716789464,0,0,0,10.0,20.0,0.1,0.03,1.0,8.0,-0.39615422344758744
v6_goalfocus,1,85,2.460605353492252,2.4496295417268534,-4.746921467419813,7.309935317537388,8.0,1.3138498536338856,0,0,0,10.0,20.0,0.1,0.03,1.0,8.0,-0.16514494115817077
v6_goalfocus,1,86,2.462635513412783,2.460605353492252,-4.760230567156136,7.086911618224867,-4.1095375485319385,-2.6463272219115255,0,0,0,10.0,20.0,0.1,0.03,1.0,8.0,0.1655057124555098
v6_goalfocus,1,87,2.4586457427165787,2.462635513412783,-4.740605335452372,4.871023232014628,1.116638040271576,-7.359169736474001,0,0,0,10.0,20.0,0.1,0.03,1.0,8.0,2.2367719797380867
v6_goalfocus,1,88,2.4529296364323265,2.4586457427165787,-4.513754999166928,3.9122032868849357,3.62083200333754,-1.776946224499105,0,0,0,10.0,20.0,0.1,0.03,1.0,8.0,1.0037105397844783
v6_goalfocus,1,89,2.4424444944218053,2.4529296364323265,-4.410333107806352,5.727606619599135,-3.0041862153921004,6.045868427412626,0,0,0,10.0,20.0,0.1,0.03,1.0,8.0,-1.70846681662596
v6_goalfocus,1,90,2.420134598405811,2.4424444944218053,-4.578037359281891,7.430883734466273,1.294464675181748,8.0,0,0,0,10.0,20.0,0.1,0.03,1.0,8.0,-1.4406902851679106
v6_goalfocus,1,91,2.3872324539060967,2.420134598405811,-4.718901151427446,6.880104753250177,-1.7043017340062148,-0.5176624714371703,0,0,0,10.0,20.0,0.1,0.03,1.0,8.0,0.9558117203467634
v6_goalfocus,1,92,2.352633228855721,2.3872324539060967,-4.620310064958911,5.4261725715509534,5.690914084364964,-2.44850491928422,0,0,0,10.0,20.0,0.1,0.03,1.0,8.0,1.8811004043117918
v6_goalfocus,1,93,2.321144587734982,2.352633228855721,-4.429080081779434,4.300558336818834,5.211572037291953,-2.1955873715781484,0,0,0,10.0,20.0,0.1,0.03,1.0,8.0,1.5124941529217952
v6_goalfocus,1,94,2.2962624380606376,2.321144587734982,-4.27473072559036,2.9141762270274634,-1.9975518403655388,-6.908559201602075,0,0,0,10.0,20.0,0.1,0.03,1.0,8.0,1.6854669469790236
v6_goalfocus,1,95,2.278133085185903,2.2962624380606376,-4.103022410881217,2.3063981747423172,1.7548983098632374,-2.2208027164522077,0,0,0,10.0,20.0,0.1,0.03,1.0,8.0,0.8187590868453597
v6_goalfocus,1,96,2.2598237636766028,2.278133085185903,-4.018121465844233,2.706238201646003,-1.8907348404292714,2.451392913874675,0,0,0,10.0,20.0,0.1,0.03,1.0,8.0,-0.18627090004293614
v6_goalfocus,1,97,2.2424132672916692,2.2598237636766028,-4.03371860520648,1.942071039800977,2.0293676075287586,-3.5751200685088,0,0,0,10.0,20.0,0.1,0.03,1.0,8.0,0.9657646830972824
v6_goalfocus,1,98,2.2263728182617113,2.2424132672916692,-3.9340893249705307,2.284607770574484,-4.110851309338014,1.5042804859514922,0,0,0,10.0,20.0,0.1,0.03,1.0,8.0,-0.15907639253735367
v6_goalfocus,1,99,2.207326919599355,2.2263728182617113,-3.946937083104679,2.540083415765629,-5.4066231134536915,0.7555615121824967,0,0,0,10.0,20.0,0.1,0.03,1.0,8.0,-0.0319885919340992
v6_goalfocus,1,100,2.187643242538116,2.207326919599355,-3.9470428096521837,2.3235903942993534,0.9234966029826549,-0.5908112355025144,0,0,0,10.0,20.0,0.1,0.03,1.0,8.0,0.4496840193606434
v6_goalfocus,1,101,2.1659092309473666,2.187643242538116,-3.8990706517664577,2.8158467655064543,-5.884182887004185,2.7145853042054577,0,0,0,10.0,20.0,0.1,0.03,1.0,8.0,-0.23257316326160102
v6_goalfocus,1,102,2.140138325485168,2.1659092309473666,-3.9191967412750506,2.928460822801559,1.3781495354240938,2.2707463450669985,0,0,0,10.0,20.0,0.1,0.03,1.0,8.0,0.2026912305996303
v6_goalfocus,1,103,2.1125936892198376,2.140138325485168,-3.8959055695116325,2.8535668279722826,3.2989862310933424,1.3386119087588861,0,0,0,10.0,20.0,0.1,0.03,1.0,8.0,0.4143917243062749
v6_goalfocus,1,104,2.0899995171358534,2.1125936892198376,-3.85142678710602,1.8887886755630794,2.7414844631213717,-7.032191041430637,0,0,0,10.0,20.0,0.1,0.03,1.0,8.0,1.2368731666112704
v6_goalfocus,1,105,2.075749123115385,2.0899995171358534,-3.7245614471701907,1.3724334213391087,1.8679347482746744,-3.8251183209165327,0,0,0,10.0,20.0,0.1,0.03,1.0,8.0,0.6776632464725607
v6_goalfocus,1,106,2.065788135225762,2.075749123115385,-3.653738495302957,1.1390668373019328,1.382043108426123,-1.5444071716485637,0,0,0,10.0,20.0,0.1,0.03,1.0,8.0,0.3374526625576928
v6_goalfocus,1,107,2.058851494660139,2.065788135225762,-3.6169798064326084,0.888006459746789,-0.4852640434185037,-2.4403839076116247,0,0,0,10.0,20.0,0.1,0.03,1.0,8.0,0.31438466199253823
v6_goalfocus,1,108,2.051344167962069,2.058851494660139,-3.5825219934995784,1.2217634838417821,-0.7463410287806107,3.361267283441879,0,0,0,10.0,20.0,0.1,0.03,1.0,8.0,-0.26287003388012276
v6_goalfocus,1,109,2.045514321381285,2.051344167962069,-3.6057719495667095,0.6657843471492317,-0.2725297199293603,-5.716744448781563,0,0,0,10.0,20.0,0.1,0.03,1.0,8.0,0.6036205116593332
v6_goalfocus,1,110,2.0455327700020582,2.045514321381285,-3.542307537652211,0.5311253937151245,-5.996654245040055,-3.6175309807503475,0,0,0,10.0,20.0,0.1,0.03,1.0,8.0,0.1028772716252542
v6_goalfocus,1,111,2.046344352226643,2.0455327700020582,-3.5288665405130253,0.7156826984721268,-3.5292060513552954,1.2687037898110283,0,0,0,10.0,20.0,0.1,0.03,1.0,8.0,-0.22594963504404228
v6_goalfocus,1,112,2.049230292891436,2.046344352226643,-3.5484175511903695,0.5172306102977873,-6.7577495718635125,-5.59260743371548,0,0,0,10.0,20.0,0.1,0.03,1.0,8.0,0.12710458192556584
v6_goalfocus,1,113,2.0555031783823003,2.049230292891436,-3.532466641631614,0.5423881100998174,-2.737687339722456,-0.5900376130546034,0,0,0,10.0,20.0,0.1,0.03,1.0,8.0,-0.14002468930209
v6_goalfocus,1,114,2.061757742218925,2.0555031783823003,-3.543444600948214,0.4447795199003141,8.0,1.5851164139924792,0,0,0,10.0,20.0,0.1,0.03,1.0,8.0,-0.018811625078679298
v6_goalfocus,1,115,2.0639839806290774,2.061757742218925,-3.5421179115996884,0.8375460234620057,-1.93686939884499,5.489257874987128,0,0,0,10.0,20.0,0.1,0.03,1.0,8.0,-0.4538378152025181
v6_goalfocus,1,116,2.064703650839583,2.0639839806290774,-3.5843958074477955,0.5773233503760529,0.2911380596623177,-3.204835125951617,0,0,0,10.0,20.0,0.1,0.03,1.0,8.0,0.22019790356017385
v6_goalfocus,1,117,2.0685857792224485,2.064703650839583,-3.559343655436921,0.5199689765114568,-1.2148411514981519,-1.4167238637129491,0,0,0,10.0,20.0,0.1,0.03,1.0,8.0,-0.025078029680929256
v6_goalfocus,1,118,2.0774717401637446,2.0685857792224485,-3.5588405742002345,0.5794309473310204,-2.1536171584873,-6.383884756947986,0,0,0,10.0,20.0,0.1,0.03,1.0,8.0,-0.21059838135447273
v6_goalfocus,1,119,2.0893453706114418,2.0774717401637446,-3.576758562174884,0.557386907684765,-8.0,0.5218139509214479,0,0,0,10.0,20.0,0.1,0.03,1.0,8.0,-0.16983153550816363
v6_goalfocus,1,120,2.0983610601020515,2.0893453706114418,-3.590540864820077,0.6009582624018979,-1.5435193854554767,2.534197978158858,0,0,0,10.0,20.0,0.1,0.03,1.0,8.0,-0.1951561218679006
v6_goalfocus,1,121,2.104273311115497,2.0983610601020515,-3.607028962595974,0.6022131317301521,5.8585743428199155,2.9982358323495886,0,0,0,10.0,20.0,0.1,0.03,1.0,8.0,-0.11212370375173739
v6_goalfocus,1,122,2.1134962367333108,2.104273311115497,-3.615105981997908,0.6306911650696987,4.380983215854108,-6.245456298513468,0,0,0,10.0,20.0,0.1,0.03,1.0,8.0,-0.1842810313351361
v6_goalfocus,1,123,2.129495249976669,2.1134962367333108,-3.6303522140741897,0.8873660564406335,-0.20252641217650427,-3.291499616446812,0,0,0,10.0,20.0,0.1,0.03,1.0,8.0,-0.5019264305812738
v6_goalfocus,1,124,2.152267847914516,2.129495249976669,-3.677510872798965,1.6001263904674405,5.2460667090508535,-6.2533467935625415,0,0,0,10.0,20.0,0.1,0.03,1.0,8.0,-1.0503877480334225
v6_goalfocus,1,125,2.179489022861929,2.152267847914516,-3.7793414427209435,1.5446352630812812,-8.0,-1.3086262451319446,0,0,0,10.0,20.0,0.1,0.03,1.0,8.0,-0.34125715208890317
v6_goalfocus,1,126,2.2108307041191866,2.179489022861929,-3.8102618063590543,2.2638846560499855,0.9053947585627828,-6.474768570501602,0,0,0,10.0,20.0,0.1,0.03,1.0,8.0,-1.1697717777628902
v6_goalfocus,1,127,2.2470447436520975,2.2108307041191866,-3.9241054142362484,2.4720955341939304,1.2912807118887342,-1.2021058460799168,0,0,0,10.0,20.0,0.1,0.03,1.0,8.0,-0.7217320015996163
v6_goalfocus,1,128,2.2811181377564225,2.2470447436520975,-3.993268887945141,2.0626214468287083,-4.746339372828394,2.600883814633186,0,0,0,10.0,20.0,0.1,0.03,1.0,8.0,-0.07540027118882874
v6_goalfocus,1,129,2.314816036811754,2.2811181377564225,-3.9977173765200886,2.5493807357876337,-1.252221472081885,-4.102835249137457,0,0,0,10.0,20.0,0.1,0.03,1.0,8.0,-0.9654618819656287
v6_goalfocus,1,130,2.34988222657971,2.314816036811754,-4.091206060605099,2.565453764480179,5.6669166658121375,1.8513410672299226,0,0,0,10.0,20.0,0.1,0.03,1.0,8.0,-0.5126516706352675
v6_goalfocus,1,131,2.386108587034293,2.34988222657971,-4.139360160767862,3.0545735058631007,-5.244472164544434,-4.736040447615801,0,0,0,10.0,20.0,0.1,0.03,1.0,8.0,-1.000652201303832
v6_goalfocus,1,132,2.4244131199011214,2.386108587034293,-4.236269335375101,3.2714884528267243,0.7893480784833348,-0.7582264842743839,0,0,0,10.0,20.0,0.1,0.03,1.0,8.0,-0.7534907648335243
v6_goalfocus,1,133,2.4628737664793183,2.4244131199011214,-4.308614668177858,3.5811791708321667,1.7101358839608032,-0.9339437567944803,0,0,0,10.0,20.0,0.1,0.03,1.0,8.0,-0.8474345046536443
v6_goalfocus,1,134,2.5049755217075407,2.4628737664793183,-4.390346253594215,4.660026909250903,-7.69220374052578,-8.0,0,0,0,10.0,20.0,0.1,0.03,1.0,8.0,-1.667283114123052
v6_goalfocus,1,135,2.552738622498874,2.5049755217075407,-4.553689658761565,5.860955365696166,-4.8748433632887735,-6.809269870545093,0,0,0,10.0,20.0,0.1,0.03,1.0,8.0,-1.860928654766147
v6_goalfocus,1,136,2.60149782275907,2.552738622498874,-4.736563367194472,6.732272431259041,4.00672667867914,-1.5516617347894905,0,0,0,10.0,20.0,0.1,0.03,1.0,8.0,-1.5413532882649768
v6_goalfocus,1,137,2.644427987165519,2.60149782275907,-4.887641003793417,6.577379169922347,-7.678235039127126,-0.7318989395955684,0,0,0,10.0,20.0,0.1,0.03,1.0,8.0,-0.43880538535888824
v6_goalfocus,1,138,2.680185896706337,2.644427987165519,-4.928335633050012,7.620198994374202,4.933719156023165,-1.87170529093474,0,0,0,10.0,20.0,0.1,0.03,1.0,8.0,-1.540845089313868
v6_goalfocus,1,139,2.706738177189715,2.680185896706337,-5.079333126777003,7.730837311901441,7.456213192259027,1.7886695031892492,0,0,0,10.0,20.0,0.1,0.03,1.0,8.0,-0.4888927117242511
v6_goalfocus,1,140,2.7211983548780427,2.706738177189715,-5.125038665281428,7.137887082888586,3.4006020209245773,2.1190385971985037,0,0,0,10.0,20.0,0.1,0.03,1.0,8.0,0.37395917129006084
v6_goalfocus,1,141,2.7253056093536463,2.7211983548780427,-5.0845925780940435,6.9931251816907585,-5.98890736750661,-3.0834966556545917,0,0,0,10.0,20.0,0.1,0.03,1.0,8.0,0.05982688080811095
v6_goalfocus,1,142,2.7204506070344325,2.7253056093536463,-5.075468093253601,6.927921191255607,-8.0,-4.616220092570017,0,0,0,10.0,20.0,0.1,0.03,1.0,8.0,0.0957992003069078
v6_goalfocus,1,143,2.708950654734782,2.7204506070344325,-5.062621581073088,5.515553498362656,0.8072160663753551,4.22031356246246,0,0,0,10.0,20.0,0.1,0.03,1.0,8.0,1.5316886420825802
v6_goalfocus,1,144,2.691825209170962,2.708950654734782,-4.9063950211012575,5.978295573437305,1.3475237836863532,-4.468080300751089,0,0,0,10.0,20.0,0.1,0.03,1.0,8.0,-0.27006083712441387
v6_goalfocus,1,145,2.669792788367067,2.691825209170962,-4.930333043682694,4.960666380326211,4.5577504294091495,4.694004269815881,0,0,0,10.0,20.0,0.1,0.03,1.0,8.0,1.2738978926558058
v6_goalfocus,1,146,2.643674471092589,2.669792788367067,-4.799809483276295,5.350144735693037,2.7264600878758505,-4.253923121465588,0,0,0,10.0,20.0,0.1,0.03,1.0,8.0,-0.07897268966308346
v6_goalfocus,1,147,2.6150405567412944,2.643674471092589,-4.804626972722184,4.237289567179429,6.926030655339906,7.682748356744594,0,0,0,10.0,20.0,0.1,0.03,1.0,8.0,1.4541439855714247
v6_goalfocus,1,148,2.590964835968807,2.6150405567412944,-4.655878216280818,3.0355834856646955,0.2500773092339715,8.0,0,0,0,10.0,20.0,0.1,0.03,1.0,8.0,1.4850741033074504
v6_goalfocus,1,149,2.5664580406561734,2.590964835968807,-4.504170610516758,3.7037513578366803,-2.3246470742755494,-7.745928940433592,0,0,0,10.0,20.0,0.1,0.03,1.0,8.0,-0.3788381807847746
v6_goalfocus,1,150,2.536716511224294,2.5664580406561734,-4.538850042972829,3.756668710832931,-2.805257341850733,-2.9918261601796163,0,0,0,10.0,20.0,0.1,0.03,1.0,8.0,0.30706806750050486
v6_goalfocus,1,151,2.503769054764802,2.536716511224294,-4.505090672183632,3.836743257308315,-0.7316359800720241,-2.814382736050452,0,0,0,10.0,20.0,0.1,0.03,1.0,8.0,0.3229060559388901
v6_goalfocus,1,152,2.4672509993927756,2.503769054764802,-4.469773641460392,3.8938558696246792,7.432005765248985,-0.5809610370738635,0,0,0,10.0,20.0,0.1,0.03,1.0,8.0,0.3921484442635884
v6_goalfocus,1,153,2.429600624838893,2.4672509993927756,-4.427385133829592,3.5369811222540544,-3.7467637793015283,1.252856205245303,0,0,0,10.0,20.0,0.1,0.03,1.0,8.0,0.8232000021134053
v6_goalfocus,1,154,2.3942243258513116,2.429600624838893,-4.342016358969849,3.0960420832814304,-3.9242973457025383,2.7966602864453987,0,0,0,10.0,20.0,0.1,0.03,1.0,8.0,0.8778713304032308
v6_goalfocus,1,155,2.363033106579626,2.3942243258513116,-4.251156658996978,2.539813906111971,-1.3124707953363177,5.5027233009745125,0,0,0,10.0,20.0,0.1,0.03,1.0,8.0,0.938261291631213
v6_goalfocus,1,156,2.335409246180494,2.363033106579626,-4.154230521885995,2.3270622476807543,-5.500078873376211,0.7847962517911289,0,0,0,10.0,20.0,0.1,0.03,1.0,8.0,0.5481400970495752
v6_goalfocus,1,157,2.309975614696374,2.335409246180494,-4.096320053516131,2.060231788679316,1.16408925926794,3.087767698406901,0,0,0,10.0,20.0,0.1,0.03,1.0,8.0,0.5742683737572295
v6_goalfocus,1,158,2.2841099066146757,2.309975614696374,-4.035859186724274,2.2555840999035537,-3.650768628608738,-4.172331104489676,0,0,0,10.0,20.0,0.1,0.03,1.0,8.0,0.11767618304604599
v6_goalfocus,1,159,2.2590227933829423,2.2841099066146757,-4.020995516987091,1.8522284307327772,0.5565278563268964,5.389247193704678,0,0,0,10.0,20.0,0.1,0.03,1.0,8.0,0.7065356158151443
v6_goalfocus,1,160,2.235652722833287,2.2590227933829423,-3.9472502250662957,1.8804147497135342,6.085462698145774,-0.28059777814909365,0,0,0,10.0,20.0,0.1,0.03,1.0,8.0,0.25230127530497337
v6_goalfocus,1,161,2.213489937637542,2.235652722833287,-3.918904123812787,1.557474082704692,5.109359123770956,5.1735527881401335,0,0,0,10.0,20.0,0.1,0.03,1.0,8.0,0.5872135066039174
v6_goalfocus,1,162,2.1941170744715675,2.213489937637542,-3.857017550655185,1.4398228492357403,0.31767575578262947,1.5618529544685074,0,0,0,10.0,20.0,0.1,0.03,1.0,8.0,0.34655016715323184
v6_goalfocus,1,163,2.1746006493689634,2.1941170744715675,-3.819354595494433,1.5362530181512224,-2.7038597182891206,-2.2422540416188164,0,0,0,10.0,20.0,0.1,0.03,1.0,8.0,0.13437364692761028
v6_goalfocus,1,164,2.1540471762935667,2.1746006493689634,-3.8028786727999115,1.5245735793710153,0.43517005448422597,-0.18185641021089094,0,0,0,10.0,20.0,0.1,0.03,1.0,8.0,0.2570618676207672
v6_goalfocus,1,165,2.1360645362441892,2.1540471762935667,-3.7741717908980528,1.286124745014554,-7.467201940991542,4.090387178973741,0,0,0,10.0,20.0,0.1,0.03,1.0,8.0,0.44740096712663713
v6_goalfocus,1,166,2.1225332756701016,2.1360645362441892,-3.726205161772572,1.123789749201549,0.9545820879351388,3.395908882791724,0,0,0,10.0,20.0,0.1,0.03,1.0,8.0,0.31362376912993206
v6_goalfocus,1,167,2.106798046725089,2.1225332756701016,-3.6918038991592574,1.472572987498726,-1.4342525612048211,-7.961700256286258,0,0,0,10.0,20.0,0.1,0.03,1.0,8.0,-0.16937292699535733
v6_goalfocus,1,168,2.0838191395530066,2.106798046725089,-3.70553667388573,1.734477511394325,8.0,-5.240248781939536,0,0,0,10.0,20.0,0.1,0.03,1.0,8.0,0.01440018669914641
v6_goalfocus,1,169,2.056071121597278,2.0838191395530066,-3.7008108420680133,1.8524181527559285,2.5543326158655755,-2.4266990810486595,0,0,0,10.0,20.0,0.1,0.03,1.0,8.0,0.22558446486496794
v6_goalfocus,1,170,2.027638950595062,2.056071121597278,-3.6752136034454463,1.736836532869042,0.3409265841999483,1.6710545474588268,0,0,0,10.0,20.0,0.1,0.03,1.0,8.0,0.46930032111924824
v6_goalfocus,1,171,2.0025207184681477,2.027638950595062,-3.6252744817890328,1.4805189249446025,-1.7461877634435488,4.576614855424832,0,0,0,10.0,20.0,0.1,0.03,1.0,8.0,0.5652239747847256
v6_goalfocus,1,172,1.9793096088140818,2.0025207184681477,-3.565677101262935,1.5106840438269427,1.8410720467043769,-1.0052337805164204,0,0,0,10.0,20.0,0.1,0.03,1.0,8.0,0.25405951204350097
v6_goalfocus,1,173,1.9537611976115574,1.9793096088140818,-3.5372573999297265,1.6725760009795285,-1.9178897663442533,-3.3120294159954264,0,0,0,10.0,20.0,0.1,0.03,1.0,8.0,0.15422747338027754
v6_goalfocus,1,174,1.9241517763504379,1.9537611976115574,-3.518788878091673,1.8584456592904786,3.2003249337812063,-4.016542306018718,0,0,0,10.0,20.0,0.1,0.03,1.0,8.0,0.18572134614916555
v6_goalfocus,1,175,1.8897738670177218,1.9241517763504379,-3.4971343225649507,2.0606333719069765,3.028737792123483,-4.149720864366174,0,0,0,10.0,20.0,0.1,0.03,1.0,8.0,0.23524176613412753
v6_goalfocus,1,176,1.8519466948605543,1.8897738670177218,-3.470527666464458,2.1365057713662856,-0.582599988941753,-1.605296155784153,0,0,0,10.0,20.0,0.1,0.03,1.0,8.0,0.41058798742056335
v6_goalfocus,1,177,1.813701645346505,1.8519466948605543,-3.426459753977105,2.0503888633742564,1.1178969742480167,1.254999071996734,0,0,0,10.0,20.0,0.1,0.03,1.0,8.0,0.5797298733687107
v6_goalfocus,1,178,1.7752738920455022,1.813701645346505,-3.3654779394017473,2.1472413374527473,-6.805976659294595,-1.139660947629277,0,0,0,10.0,20.0,0.1,0.03,1.0,8.0,0.39937055321211357
v6_goalfocus,1,179,1.7377049472969193,1.7752738920455022,-3.3223920711262784,1.9615471308623305,3.2094640740452465,2.893394344376995,0,0,0,10.0,20.0,0.1,0.03,1.0,8.0,0.6725368822797176
v6_goalfocus,1,180,1.700603696592211,1.7377049472969193,-3.2520800316780734,2.057882301329085,0.6018257930709668,-2.0893217755968974,0,0,0,10.0,20.0,0.1,0.03,1.0,8.0,0.3860136407489301
v6_goalfocus,1,181,1.6582063381434375,1.700603696592211,-3.210463894291408,2.4349625579152545,-3.1999820217201687,-6.573531732191081,0,0,0,10.0,20.0,0.1,0.03,1.0,8.0,0.17880656599189088
v6_goalfocus,1,182,1.61288221133136,1.6582063381434375,-3.1894162026785517,2.3709237316170295,-5.519259685165877,2.5294133273057655,0,0,0,10.0,20.0,0.1,0.03,1.0,8.0,0.6633343361998477
v6_goalfocus,1,183,1.5677440441445287,1.61288221133136,-3.1199675810609024,2.4908620478919787,-3.5078841918540165,-1.3285956906680825,0,0,0,10.0,20.0,0.1,0.03,1.0,8.0,0.47997501465745107
v6_goalfocus,1,184,1.5214495505675967,1.5677440441445287,-3.0689261095388676,2.476642762372043,4.029652568678313,-0.9370354586374859,0,0,0,10.0,20.0,0.1,0.03,1.0,8.0,0.6328826392395185
v6_goalfocus,1,185,1.478201929104524,1.5214495505675967,-3.0025843576921813,2.2586196690755136,-2.1278082791962034,5.214486508307602,0,0,0,10.0,20.0,0.1,0.03,1.0,8.0,0.7960806268107323
v6_goalfocus,1,186,1.438668608475553,1.478201929104524,-2.919877174893551,2.242470428572517,-0.3068233489367126,0.4873255045277234,0,0,0,10.0,20.0,0.1,0.03,1.0,8.0,0.5451536198161279
v6_goalfocus,1,187,1.3975500356199682,1.438668608475553,-2.8623607765784542,2.459424171263984,-2.257649938974772,-3.450400861202531,0,0,0,10.0,20.0,0.1,0.03,1.0,8.0,0.3363498742623968
v6_goalfocus,1,188,1.3539462099421113,1.3975500356199682,-2.825672657122996,2.5525471073000765,-2.0757525664454173,-0.8562029478093208,0,0,0,10.0,20.0,0.1,0.03,1.0,8.0,0.4986403767040831
v6_goalfocus,1,189,1.3112889506069274,1.3539462099421113,-2.772792863726947,2.4674932063387884,1.9814269060504373,0.8168579723456515,0,0,0,10.0,20.0,0.1,0.03,1.0,8.0,0.6662498192098615
v6_goalfocus,1,190,1.2738152032064995,1.3112889506069274,-2.7031535277136767,2.1607713551736083,3.7104066163053915,4.4179504837133265,0,0,0,10.0,20.0,0.1,0.03,1.0,8.0,0.8152295181452567
v6_goalfocus,1,191,1.2412070775972448,1.2738152032064995,-2.6185265590124795,2.0662866319575772,3.406248008115625,-0.04818493452611928,0,0,0,10.0,20.0,0.1,0.03,1.0,8.0,0.5355981850143479
v6_goalfocus,1,192,1.2107970045127254,1.2412070775972448,-2.5619304753632925,2.027604319570979,-0.7365643218781612,1.2231120621398688,0,0,0,10.0,20.0,0.1,0.03,1.0,8.0,0.450044533446194
v6_goalfocus,1,193,1.1827890052948034,1.2107970045127254,-2.513919651612058,2.0179918035059674,-2.6947979608183843,1.931317837540722,0,0,0,10.0,20.0,0.1,0.03,1.0,8.0,0.38736080997789213
v6_goalfocus,1,194,1.1546089036252873,1.1827890052948034,-2.4721492208497713,2.273217415884189,-6.208150369016416,-1.6919433968890076,0,0,0,10.0,20.0,0.1,0.03,1.0,8.0,0.12561895646300988
v6_goalfocus,1,195,1.1226098068767596,1.1546089036252873,-2.4564579383176497,2.6326706500440333,-5.5619047559587695,-4.297346594649913,0,0,0,10.0,20.0,0.1,0.03,1.0,8.0,0.07893860450451479
v6_goalfocus,1,196,1.092917004828792,1.1226098068767596,-2.445409696703858,2.288811344673295,2.509478430584579,5.854213868332816,0,0,0,10.0,20.0,0.1,0.03,1.0,8.0,0.7505806889022946
v6_goalfocus,1,197,1.06636838539883,1.092917004828792,-2.367224848744848,2.6040408573410074,-7.519714410650019,-1.889344007267157,0,0,0,10.0,20.0,0.1,0.03,1.0,8.0,0.04613371875343199
v6_goalfocus,1,198,1.0363922718873737,1.06636838539883,-2.3594236152270187,2.9277826874748745,0.8871691769908505,-8.0,0,0,0,10.0,20.0,0.1,0.03,1.0,8.0,0.09017083192132964
v6_goalfocus,1,199,1.0037020908127912,1.0363922718873737,-2.3472040724437964,3.3425113582186206,-3.714826813939064,-5.788732936126304,0,0,0,10.0,20.0,0.1,0.03,1.0,8.0,0.042536686507341964
v6_goalfocus,1,200,0.9752058617486301,1.0037020908127912,-2.339802562020364,2.9814528778771026,8.0,1.4765499913578652,0,0,0,10.0,20.0,0.1,0.03,1.0,8.0,0.7571947980617345
v6_goalfocus,2,1,1.9770978476012058,1.9782916122103613,-3.3848091599894,0.645706848561453,-6.520934457245149,-5.549614019645337,0,0,0,10.0,20.0,0.1,0.03,1.0,8.0,-0.6618161481435187
v6_goalfocus,2,2,1.9738278965641007,1.9770978476012058,-3.4477616472976185,1.0071037988845075,1.5541746385039579,-1.6328888291160228,0,0,0,10.0,20.0,0.1,0.03,1.0,8.0,-0.3472236440971638
v6_goalfocus,2,3,1.9664528384485156,1.9738278965641007,-3.4794681311300373,2.344599553598215,-0.41224931978949747,-8.0,0,0,0,10.0,20.0,0.1,0.03,1.0,8.0,-1.269478852207075
v6_goalfocus,2,4,1.954865353989312,1.9664528384485156,-3.603215485258552,2.4498418831154942,6.592762709993524,0.7939323077721223,0,0,0,10.0,20.0,0.1,0.03,1.0,8.0,0.020631512888647827
v6_goalfocus,2,5,1.9419339754836837,1.954865353989312,-3.598014537567626,2.3937152513449393,4.09121955527473,0.9613579544341745,0,0,0,10.0,20.0,0.1,0.03,1.0,8.0,0.20120930785983582
v6_goalfocus,2,6,1.9271326571284533,1.9419339754836837,-3.5748384121361236,2.6916578270132545,3.7048692110842225,-1.5229282994429765,0,0,0,10.0,20.0,0.1,0.03,1.0,8.0,-0.12722205547882748
v6_goalfocus,2,7,1.90943634010914,1.9271326571284533,-3.5845104759137674,3.0227753286427292,-8.0,-5.593575210473743,0,0,0,10.0,20.0,0.1,0.03,1.0,8.0,-0.12324728390715946
v6_goalfocus,2,8,1.892715630843049,1.90943634010914,-3.5935374290431232,2.1229566170986707,-1.8005977841571585,5.259888184387626,0,0,0,10.0,20.0,0.1,0.03,1.0,8.0,1.0966952783950472
v6_goalfocus,2,9,1.875574098152111,1.892715630843049,-3.4807713119033292,2.7794337463608305,8.0,-3.386735567074245,0,0,0,10.0,20.0,0.1,0.03,1.0,8.0,-0.454980132897842
v6_goalfocus,2,10,1.8513609079045985,1.875574098152111,-3.5230334815124844,3.6816178573015446,1.6920642029257893,-8.0,0,0,0,10.0,20.0,0.1,0.03,1.0,8.0,-0.6034539784931394
v6_goalfocus,2,11,1.8182656978178198,1.8513609079045985,-3.5801699322328395,4.5363296235943205,4.406215891935098,-8.0,0,0,0,10.0,20.0,0.1,0.03,1.0,8.0,-0.4342022697142587
v6_goalfocus,2,12,1.7823357951703782,1.8182656978178198,-3.6203294881464956,3.7977783767509625,-2.129852206896448,4.420790781638537,0,0,0,10.0,20.0,0.1,0.03,1.0,8.0,1.2009911068506112
v6_goalfocus,2,13,1.7477904505670694,1.7823357951703782,-3.497155128519065,3.671435050132769,8.0,1.8962262072663734,0,0,0,10.0,20.0,0.1,0.03,1.0,8.0,0.5696967588835218
v6_goalfocus,2,14,1.7108633775161877,1.7477904505670694,-3.4369742161499968,3.8604680700242042,-2.085804672924676,-4.234385600562472,0,0,0,10.0,20.0,0.1,0.03,1.0,8.0,0.28994642700975914
v6_goalfocus,2,15,1.6724358655438807,1.7108633775161877,-3.404909946566059,3.6275607038952837,-2.076342304920441,0.46711067206568074,0,0,0,10.0,20.0,0.1,0.03,1.0,8.0,0.7347693670292194
v6_goalfocus,2,16,1.635211735756277,1.6724358655438807,-3.328418855520177,3.2910198771996955,5.1359228764531615,3.938731002835268,0,0,0,10.0,20.0,0.1,0.03,1.0,8.0,0.8222024390697142
v6_goalfocus,2,17,1.597185237733053,1.635211735756277,-3.2430677012828757,3.462845752606733,3.084304633409648,-2.726062234962539,0,0,0,10.0,20.0,0.1,0.03,1.0,8.0,0.3274699538030862
v6_goalfocus,2,18,1.55689823194346,1.597185237733053,-3.207267754807628,3.425578276399364,3.1590581679450933,-0.11619704125278747,0,0,0,10.0,20.0,0.1,0.03,1.0,8.0,0.5702318576793562
v6_goalfocus,2,19,1.5126088573673957,1.55689823194346,-3.147213340445127,3.8894537593527545,-0.7031053389216813,-8.0,0,0,0,10.0,20.0,0.1,0.03,1.0,8.0,0.12575918634525335
v6_goalfocus,2,20,1.4645238175404234,1.5126088573673957,-3.131435876944609,3.8151009775179743,-0.3009680406168653,-0.588104569178005,0,0,0,10.0,20.0,0.1,0.03,1.0,8.0,0.72225479207116
v6_goalfocus,2,21,1.4163646285529752,1.4645238175404234,-3.0562090338351626,3.659180119833367,0.6447799739264369,0.996638987083015,0,0,0,10.0,20.0,0.1,0.03,1.0,8.0,0.8081080680494735
v6_goalfocus,2,22,1.3683392181420841,1.4163646285529752,-2.9723938238099485,3.608515177281976,-6.1097851043275355,-1.6643472005000208,0,0,0,10.0,20.0,0.1,0.03,1.0,8.0,0.7031745183746541
v6_goalfocus,2,23,1.3221354090203377,1.3683392181420841,-2.8989510609549054,3.228269479356399,0.5381858723471713,4.949326288965566,0,0,0,10.0,20.0,0.1,0.03,1.0,8.0,1.0106977813426488
v6_goalfocus,2,24,1.2806408489253793,1.3221354090203377,-2.7948038282120535,2.774234859269027,-1.9461509297330797,6.134545233467949,0,0,0,10.0,20.0,0.1,0.03,1.0,8.0,1.0195602304901603
v6_goalfocus,2,25,1.2445890836085078,1.2806408489253793,-2.6897183671984664,2.3126611055271256,7.50028893867524,8.0,0,0,0,10.0,20.0,0.1,0.03,1.0,8.0,0.9487584925607607
v6_goalfocus,2,26,1.21160354121545,1.2445890836085078,-2.591466723148129,2.2269168092638654,3.545241558811434,1.4272031041877555,0,0,0,10.0,20.0,0.1,0.03,1.0,8.0,0.5339721731685876
v6_goalfocus,2,27,1.1758666967237479,1.21160354121545,-2.535023863186236,2.619476556503947,4.880382682709196,-6.498371090021573,0,0,0,10.0,20.0,0.1,0.03,1.0,8.0,0.09629240927469318
v6_goalfocus,2,28,1.135686778289475,1.1758666967237479,-2.5221882255026626,2.778793740146972,-1.068588537207979,-3.4535125011303793,0,0,0,10.0,20.0,0.1,0.03,1.0,8.0,0.3989517381816595
v6_goalfocus,2,29,1.0928339302956231,1.135686778289475,-2.4792522122155676,2.9131217547825226,4.284375951602649,-2.478539389166668,0,0,0,10.0,20.0,0.1,0.03,1.0,8.0,0.46642570620656343
v6_goalfocus,2,30,1.0470812259470457,1.0928339302956231,-2.4295330821111665,3.0971870671739143,0.7021986596765136,-3.7242708598125103,0,0,0,10.0,20.0,0.1,0.03,1.0,8.0,0.46418394649116423
v6_goalfocus,2,31,0.999918571000466,1.0470812259470457,-2.380069802223316,3.051895273922753,-2.9575694790280935,0.05283003918753931,0,0,0,10.0,20.0,0.1,0.03,1.0,8.0,0.7197507538347241
v6_goalfocus,2,32,0.9531321919968122,0.999918571000466,-2.305067383064105,3.00481055782165,-0.8795252698855732,0.3191397433309759,0,0,0,10.0,20.0,0.1,0.03,1.0,8.0,0.7216650676892717
v6_goalfocus,2,33,0.9056431815065258,0.9531321919968122,-2.22989814062369,3.110231698017463,-1.3563341756288114,-2.1511427629257676,0,0,0,10.0,20.0,0.1,0.03,1.0,8.0,0.5855871158504077
v6_goalfocus,2,34,0.8573805784054492,0.9056431815065258,-2.168319219483704,3.1072275342158386,-6.324623410906837,0.08324155967941371,0,0,0,10.0,20.0,0.1,0.03,1.0,8.0,0.7114238828418753
v6_goalfocus,2,35,0.808940836787347,0.8573805784054492,-2.0940518068543694,3.1800894911583546,-7.698257505020549,-0.5113835073337081,0,0,0,10.0,20.0,0.1,0.03,1.0,8.0,0.6450462281087228
v6_goalfocus,2,36,0.7620665613315889,0.808940836787347,-2.0263611694131685,2.888126853756509,2.722749358329948,4.259457240022525,0,0,0,10.0,20.0,0.1,0.03,1.0,8.0,0.9943782085422468
v6_goalfocus,2,37,0.7154071713593172,0.7620665613315889,-1.9238434849962942,3.1566367755656732,-5.72252597280129,-3.198947761839162,0,0,0,10.0,20.0,0.1,0.03,1.0,8.0,0.43820864329249887
v6_goalfocus,2,38,0.6676515641452622,0.7154071713593172,-1.8768883063848807,2.995886325790656,7.264776839309551,1.0803122873830158,0,0,0,10.0,20.0,0.1,0.03,1.0,8.0,0.8938005207768672
v6_goalfocus,2,39,0.6197546797504575,0.6676515641452622,-1.7843396791285588,3.105398739529265,2.9184252227053364,-2.2840034166371663,0,0,0,10.0,20.0,0.1,0.03,1.0,8.0,0.6375721358397025
v6_goalfocus,2,40,0.5721470837724485,0.6197546797504575,-1.717539547177752,2.948606128857621,2.210032975342553,1.8133709566148117,0,0,0,10.0,20.0,0.1,0.03,1.0,8.0,0.9110226330817134
v6_goalfocus,2,41,0.5281602378670703,0.5721470837724485,-1.623411744619648,2.658887411732948,4.020551444279046,3.394485889721166,0,0,0,10.0,20.0,0.1,0.03,1.0,8.0,0.9952990588050361
v6_goalfocus,2,42,0.4893261958887386,0.5281602378670703,-1.5207953157129832,2.370324458603479,5.992387796909255,3.238351235957181,0,0,0,10.0,20.0,0.1,0.03,1.0,8.0,0.9177314184042954
v6_goalfocus,2,43,0.4500309514947527,0.4893261958887386,-1.4258771875280662,2.8429850682267954,-3.714214053023604,-6.834193928494232,0,0,0,10.0,20.0,0.1,0.03,1.0,8.0,0.1751519899814834
v6_goalfocus,2,44,0.41266500424158814,0.4500309514947527,-1.4051729210527806,2.281028408549914,2.0147444825550607,8.0,0,0,0,10.0,20.0,0.1,0.03,1.0,8.0,1.1880231925300428
v6_goalfocus,2,45,0.38155497428486934,0.41266500424158814,-1.28315791681437,2.196178691336422,-6.058495559601161,2.1254961031510273,0,0,0,10.0,20.0,0.1,0.03,1.0,8.0,0.6115488785136132
v6_goalfocus,2,46,0.34923658908356936,0.38155497428486934,-1.2188742067688518,2.6417433750841837,-5.452140916840958,-5.743587341293836,0,0,0,10.0,20.0,0.1,0.03,1.0,8.0,0.11304870820724894
v6_goalfocus,2,47,0.3134784839174996,0.34923658908356936,-1.204373352710239,3.09070940881865,3.330673699881448,-7.805608301651319,0,0,0,10.0,20.0,0.1,0.03,1.0,8.0,0.18707369587109904
v6_goalfocus,2,48,0.27982961682090896,0.3134784839174996,-1.1824409177848356,3.0710602339478457,-1.339222433496688,0.10069014653148474,0,0,0,10.0,20.0,0.1,0.03,1.0,8.0,0.6351040040443681
v6_goalfocus,2,49,0.25247325655835723,0.27982961682090896,-1.1159248809577988,3.1969042068931754,-4.5058843018507595,-1.4572562055219798,0,0,0,10.0,20.0,0.1,0.03,1.0,8.0,0.382239509871673
v6_goalfocus,2,50,0.23394393083672171,0.25247325655835723,-1.0746308468800372,3.382073435828835,0.42988029012722934,-3.590061179048373,0,0,0,10.0,20.0,0.1,0.03,1.0,8.0,0.15761211223413632
v6_goalfocus,2,51,0.22908092436535468,0.23394393083672171,-1.0558287814805825,3.550524512290457,0.27368999822621515,-3.4201266028404214,0,0,0,10.0,20.0,0.1,0.03,1.0,8.0,-0.09965372738853058
v6_goalfocus,2,52,0.2412039442835942,0.22908092436535468,-1.0627573661813274,3.469301083141388,4.631360372714794,-0.1248942219821691,0,0,0,10.0,20.0,0.1,0.03,1.0,8.0,-0.1956894673305139
v6_goalfocus,2,53,0.26973257328400735,0.2412039442835942,-1.0792592344847893,3.9365681105576944,-2.108672706013401,-8.0,1,0,0,10.0,20.0,0.1,0.03,1.0,8.0,-21.06701892211213
v6_goalfocus,3,1,1.7970501587440422,1.8017785072621708,-3.1440819406415876,0.5178605312094436,-8.0,-8.0,0,0,0,10.0,20.0,0.1,0.03,1.0,8.0,-0.4869526602514045
v6_goalfocus,3,2,1.7828987563781633,1.7970501587440422,-3.189377206666728,1.0237757594186239,-8.0,-8.0,0,0,0,10.0,20.0,0.1,0.03,1.0,8.0,-0.34551445021500027
v6_goalfocus,3,3,1.7600971510497476,1.7828987563781633,-3.220528651688228,1.4167166399125122,-8.0,-6.8440542786024166,0,0,0,10.0,20.0,0.1,0.03,1.0,8.0,-0.11273072540982419
v6_goalfocus,3,4,1.7311988444809079,1.7600971510497476,-3.228455345857434,1.5656368920363475,-8.0,-3.9940821054405102,0,0,0,10.0,20.0,0.1,0.03,1.0,8.0,0.2169266284918686
v6_goalfocus,3,5,1.698920350514105,1.7311988444809079,-3.203512830846169,1.5966726256151953,-8.0,-2.500391420403462,0,0,0,10.0,20.0,0.1,0.03,1.0,8.0,0.3827929179826569
v6_goalfocus,3,6,1.664639149737753,1.698920350514105,-3.162014001681481,1.5753116386624857,-8.0,-1.7104039123010182,0,0,0,10.0,20.0,0.1,0.03,1.0,8.0,0.4642559010455254
v6_goalfocus,3,7,1.6290473780278092,1.664639149737753,-3.1123792694471057,1.5358047341174978,-8.0,-1.2918060549939892,0,0,0,10.0,20.0,0.1,0.03,1.0,8.0,0.5020479972560052
v6_goalfocus,3,8,1.592482428769112,1.6290473780278092,-3.0589692548374936,1.496640131339814,-8.0,-1.0767592279808902,0,0,0,10.0,20.0,0.1,0.03,1.0,8.0,0.5168320535875688
v6_goalfocus,3,9,1.5550938812090613,1.592482428769112,-3.004082426321127,1.4680976769770095,-8.0,-0.9795868930295377,0,0,0,10.0,20.0,0.1,0.03,1.0,8.0,0.5194174499292135
v6_goalfocus,3,10,1.5169290796750794,1.5550938812090613,-2.9489376826079527,1.4558101292788455,-8.0,-0.9557439715621889,0,0,0,10.0,20.0,0.1,0.03,1.0,8.0,0.5158798722024546
v6_goalfocus,3,11,1.4779780288454447,1.5169290796750794,-2.8941468408672724,1.46244082478863,-8.0,-0.9815732739529706,0,0,0,10.0,20.0,0.1,0.03,1.0,8.0,0.5100052164467719
v6_goalfocus,3,12,1.438197604191706,1.4779780288454447,-2.8399433083285572,1.488566698541596,-8.0,-1.0442208589740893,0,0,0,10.0,20.0,0.1,0.03,1.0,8.0,0.5043686019139938
v6_goalfocus,3,13,1.397525038946968,1.438197604191706,-2.7863030406459006,1.5332911016953548,-8.0,-1.136521215973664,0,0,0,10.0,20.0,0.1,0.03,1.0,8.0,0.5007522297548894
v6_goalfocus,3,14,1.355885750912235,1.397525038946968,-2.7330237811689293,1.5947757761201309,-8.0,-1.2543479910778395,0,0,0,10.0,20.0,0.1,0.03,1.0,8.0,0.500304626836848
v6_goalfocus,3,15,1.3131981456837467,1.355885750912235,-2.679788401644986,1.6707044096617152,-8.0,-1.3952118012646109,0,0,0,10.0,20.0,0.1,0.03,1.0,8.0,0.5036515283254015
v6_goalfocus,3,16,1.2693768077529448,1.3131981456837467,-2.6262171656375384,1.758639355629901,-8.0,-1.5575024331991845,0,0,0,10.0,20.0,0.1,0.03,1.0,8.0,0.5110260547119502
v6_goalfocus,3,17,1.224334861312211,1.2693768077529448,-2.5719069794981264,1.8562531823138535,-8.0,-1.7400713463511197,0,0,0,10.0,20.0,0.1,0.03,1.0,8.0,0.5224067669904138
v6_goalfocus,3,18,1.1779859555355248,1.224334861312211,-2.5164568407731776,1.9614498481373146,-8.0,-1.9419978536150082,0,0,0,10.0,20.0,0.1,0.03,1.0,8.0,0.5376350083365979
v6_goalfocus,3,19,1.1302733593278813,1.1779859555355248,-2.4594815544530695,2.064466743236789,-7.355070098685781,-2.1624566273066073,0,0,0,10.0,20.0,0.1,0.03,1.0,8.0,0.5643470340720348
v6_goalfocus,3,20,1.0812316674131428,1.1302733593278813,-2.3998631845620486,2.1511996899788466,-5.8271504645388905,-2.3559824746279117,0,0,0,10.0,20.0,0.1,0.03,1.0,8.0,0.6056518890431744
v6_goalfocus,3,21,1.0309946523854931,1.0812316674131428,-2.336174538357865,2.22030159143795,-4.402105986879292,-2.4709167147143023,0,0,0,10.0,20.0,0.1,0.03,1.0,8.0,0.64691021111641
v6_goalfocus,3,22,0.9797553488879049,1.0309946523854931,-2.2684038798508155,2.2717620378289256,-3.0762950392824457,-2.5301090820511165,0,0,0,10.0,20.0,0.1,0.03,1.0,8.0,0.6859683044368936
v6_goalfocus,3,23,0.9277398451580943,0.9797553488879049,-2.196757471147327,2.3062045121053267,-1.8474194600605056,-2.5463723884528817,0,0,0,10.0,20.0,0.1,0.03,1.0,8.0,0.7217371917877782
v6_goalfocus,3,24,0.8751916313119762,0.9277398451580943,-2.1215528239341674,2.3245754430182095,-0.7135975432057418,-2.527080885146454,0,0,0,10.0,20.0,0.1,0.03,1.0,8.0,0.7536532799204222
v6_goalfocus,3,25,0.8223620251971507,0.8751916313119762,-2.0431659479444573,2.3279915578127808,0.32709854401263705,-2.47682560404122,0,0,0,10.0,20.0,0.1,0.03,1.0,8.0,0.781434755838134
v6_goalfocus,3,26,0.7695040864580514,0.8223620251971507,-1.9620029671777366,2.3176546869780736,1.2768418045377654,-2.3989254983567503,0,0,0,10.0,20.0,0.1,0.03,1.0,8.0,0.8049651310853128
v6_goalfocus,3,27,0.7168685263899901,0.7695040864580514,-1.8784833754175163,2.2947979221044927,2.1381036716414688,-2.296254525028943,0,0,0,10.0,20.0,0.1,0.03,1.0,8.0,0.8242340529798216
v6_goalfocus,3,28,0.6647007708246422,0.7168685263899901,-1.7930292067690516,2.2606485782716064,2.9136321694293894,-2.1716583410470633,0,0,0,10.0,20.0,0.1,0.03,1.0,8.0,0.8393047969851583
v6_goalfocus,3,29,0.6132387240403088,0.6647007708246422,-1.7060574603443828,2.216401969878791,3.6063974085629855,-2.0281276203506793,0,0,0,10.0,20.0,0.1,0.03,1.0,8.0,0.8502943779435547
v6_goalfocus,3,30,0.562711020242957,0.6132387240403088,-1.6179745244127994,2.163203326284216,4.219529206691902,-1.8688317243438366,0,0,0,10.0,20.0,0.1,0.03,1.0,8.0,0.8573595157485113
v6_goalfocus,3,31,0.5133356990159388,0.562711020242957,-1.5291720198418857,2.1021363610795514,4.756260370936685,-1.6970775928622368,0,0,0,10.0,20.0,0.1,0.03,1.0,8.0,0.8606849777448679
v6_goalfocus,3,32,0.4653193431463375,0.5133356990159388,-1.4400238280515478,2.0342173624013897,5.219881999384306,-1.5162341031381144,0,0,0,10.0,20.0,0.1,0.03,1.0,8.0,0.8604721857967335
v6_goalfocus,3,33,0.41885680170470746,0.4653193431463375,-1.3508842778033026,1.9603937412948405,5.61371267119217,-1.3296462020526905,0,0,0,10.0,20.0,0.1,0.03,1.0,8.0,0.8569262435346086
v6_goalfocus,3,34,0.37413171668382356,0.41885680170470746,-1.2620876480467875,1.881545988403114,5.941080723081113,-1.1405527035365006,0,0,0,10.0,20.0,0.1,0.03,1.0,8.0,0.8502389147696667
v6_goalfocus,3,35,0.33131821382846083,0.37413171668382356,-1.1739493900053593,1.7984920297051816,6.205317363687017,-0.952014897938156,0,0,0,10.0,20.0,0.1,0.03,1.0,8.0,0.8405633078369477
v6_goalfocus,3,36,0.2905843649080617,0.33131821382846083,-1.0867698957968208,1.711993058935847,6.40975774550453,-0.7668588766687008,0,0,0,10.0,20.0,0.1,0.03,1.0,8.0,0.8279721980274605
v6_goalfocus,3,37,0.2520984840433237,0.2905843649080617,-1.0008424476600348,1.622760050426837,6.557747006825165,-0.5876319522337816,0,0,0,10.0,20.0,0.1,0.03,1.0,8.0,0.8123839303947094
v6_goalfocus,3,38,0.21604018419693397,0.2520984840433237,-0.9164685878795739,1.5314603059066494,6.652648509256974,-0.41657219835275106,0,0,0,10.0,20.0,0.1,0.03,1.0,8.0,0.7934229454309804
v6_goalfocus,3,39,0.182619763495072,0.21604018419693397,-0.8339874456346503,1.438723547195314,6.697851889702905,-0.2555895437599487,0,0,0,10.0,20.0,0.1,0.03,1.0,8.0,0.7701459511862867
v6_goalfocus,3,40,0.15211250081833494,0.182619763495072,-0.7538324550599239,1.3451472225604608,6.696779025385389,-0.10625673025912707,0,0,0,10.0,20.0,0.1,0.03,1.0,8.0,0.7404902393775872
v6_goalfocus,3,41,0.12491906788263117,0.15211250081833494,-0.6766432494352665,1.2513008414099502,6.652886516525605,0.030191422799700884,0,0,0,10.0,20.0,0.1,0.03,1.0,8.0,0.7001686249071346
v6_goalfocus,3,42,0.10166522100171049,0.12491906788263117,-0.6034880687866663,1.1577292881713324,6.569663786559582,0.15285176685682833,0,0,0,10.0,20.0,0.1,0.03,1.0,8.0,0.6406512861239729
v6_goalfocus,3,43,0.08332453531376284,0.10166522100171049,-0.5362879906557344,1.0649551939263573,6.450626362045812,0.2611406543327037,0,0,0,10.0,20.0,0.1,0.03,1.0,8.0,0.5467779420208001
v6_goalfocus,3,44,0.07118964097843218,0.08332453531376284,-0.4784799502820792,0.9734805701133834,6.299304310128797,0.3547767128058199,0,0,0,10.0,20.0,0.1,0.03,1.0,8.0,0.40003985561614464
v6_goalfocus,3,45,0.06622520538174537,0.07118964097843218,-0.4353515675288786,0.8837880445099253,6.119226171573424,0.4337592863389901,0,0,0,10.0,20.0,0.1,0.03,1.0,8.0,0.20287370640545654
v6_goalfocus,3,46,0.0678722355576639,0.06622520538174537,-0.4119465935256537,0.7963422073973987,5.913899025184417,0.49834319924664605,0,0,0,10.0,20.0,0.1,0.03,1.0,8.0,0.008070628734790572
v6_goalfocus,3,47,0.07400519575856142,0.0678722355576639,-0.4080294601908487,0.7115918148109467,5.686785549363112,0.5490104899583641,0,0,0,10.0,20.0,0.1,0.03,1.0,8.0,-0.12275879995064805
v6_goalfocus,3,48,0.08232937727911858,0.07400519575856142,-0.4172033372409056,0.629973980697428,5.441279104516648,0.5864397963717058,0,0,0,10.0,20.0,0.1,0.03,1.0,8.0,-0.18147998892598155
v6_goalfocus,3,49,0.09125413531159547,0.08232937727911858,-0.4322577379149787,0.5519221652778823,5.180677944017632,0.6114741272683544,0,0,0,10.0,20.0,0.1,0.03,1.0,8.0,-0.1935664964245196
v6_goalfocus,3,50,0.09986886242189658,0.09125413531159547,-0.4485293459181558,0.4778810174953603,4.908159672400057,0.6250878057653502,0,0,0,10.0,20.0,0.1,0.03,1.0,8.0,-0.18224471925488936
v6_goalfocus,3,51,0.10769169756785006,0.09986886242189658,-0.4636773154494738,0.4083335102351587,4.626757012130305,0.6283534026265609,0,0,0,10.0,20.0,0.1,0.03,1.0,8.0,-0.16079995536460023
v6_goalfocus,3,52,0.11448233140937955,0.10769169756785006,-0.4766891806470342,0.343850327391889,4.339335823180463,0.6224094770216388,0,0,0,10.0,20.0,0.1,0.03,1.0,8.0,-0.13590614915097146
v6_goalfocus,3,53,0.12013525469620977,0.11448233140937955,-0.48721974172168314,0.2851794671377081,4.048576154900941,0.6084299034636662,0,0,0,10.0,20.0,0.1,0.03,1.0,8.0,-0.11091168173031696
v6_goalfocus,3,54,0.12462206182619008,0.12013525469620977,-0.49525853128274777,0.23340431074070878,3.7569569121743744,0.5875954856103476,0,0,0,10.0,20.0,0.1,0.03,1.0,8.0,-0.08767649783240583
v6_goalfocus,3,55,0.1279598462097358,0.12462206182619008,-0.5009809935856926,0.19018920911660855,3.4667445037570754,0.5610684449782011,0,0,0,10.0,20.0,0.1,0.03,1.0,8.0,-0.06751069891316663
v6_goalfocus,3,56,0.13019323325521745,0.1279598462097358,-0.5046935224918396,0.1579904868065676,3.1799856261971327,0.529970233878382,0,0,0,10.0,20.0,0.1,0.03,1.0,8.0,-0.05154232477132359
v6_goalfocus,3,57,0.13138369736951708,0.13019323325521745,-0.5068152762907482,0.13958755232888226,2.898504136323546,0.49536296782844613,0,0,0,10.0,20.0,0.1,0.03,1.0,8.0,-0.04023088871256285
v6_goalfocus,3,58,0.13160291071210584,0.13138369736951708,-0.5078113441910727,0.13598942065934919,2.623901790844493,0.4582346148405,0,0,0,10.0,20.0,0.1,0.03,1.0,8.0,-0.031838347016075186
v6_goalfocus,3,59,0.1309284160233798,0.13160291071210584,-0.5079730075190232,0.14443436862543327,2.357562491364315,0.4194879281457624,0,0,0,10.0,20.0,0.1,0.03,1.0,8.0,-0.022570827437735495
v6_goalfocus,3,60,0.12944069685149456,0.1309284160233798,-0.5072121712908513,0.15999327782852935,2.1006595715814633,0.3799329741275286,0,0,0,10.0,20.0,0.1,0.03,1.0,8.0,-0.010207719368482127
v6_goalfocus,3,61,0.12722112450924403,0.12944069685149456,-0.5052187022286354,0.17846187620435386,1.8541656013338697,0.3402829950879014,0,0,0,10.0,20.0,0.1,0.03,1.0,8.0,0.00459580851393545
v6_goalfocus,3,62,0.1243504789186133,0.12722112450924403,-0.5017480159941359,0.19721927524331737,1.6188641571217,0.3011532608470348,0,0,0,10.0,20.0,0.1,0.03,1.0,8.0,0.020335036705345075
v6_goalfocus,3,63,0.12090786113037491,0.1243504789186133,-0.49670603915345846,0.21482750822938318,1.3953630159698684,0.26306250533590997,0,0,0,10.0,20.0,0.1,0.03,1.0,8.0,0.03591049367573615
v6_goalfocus,3,64,0.11696988416613475,0.12090786113037491,-0.4901086890364222,0.23054310164481795,1.1841082626775292,0.22643651331185843,0,0,0,10.0,20.0,0.1,0.03,1.0,8.0,0.05071350401077229
v6_goalfocus,3,65,0.11261006926798853,0.11696988416613475,-0.482032796804494,0.24400949396406504,0.9853988526476187,0.19161341539136822,0,0,0,10.0,20.0,0.1,0.03,1.0,8.0,0.06444390907000917
v6_goalfocus,3,66,0.10789839901958313,0.11261006926798853,-0.47258525675186885,0.2550882342941215,0.7994012366683281,0.15885026290187781,0,0,0,10.0,20.0,0.1,0.03,1.0,8.0,0.07697041279688904
v6_goalfocus,3,67,0.10290099386299166,0.10789839901958313,-0.4618861396104824,0.2637675434860463,0.6261637239319082,0.1283304831625217,0,0,0,10.0,20.0,0.1,0.03,1.0,8.0,0.08825266904370505
v6_goalfocus,3,68,0.09767988805860703,0.10290099386299166,-0.4500595959882304,0.2701113177442904,0.46563032992904674,0.10017185616682256,0,0,0,10.0,20.0,0.1,0.03,1.0,8.0,0.09830048656052848
v6_goalfocus,3,69,0.09229288729722038,0.09767988805860703,-0.4372288384384122,0.2742294262942815,0.3176539225441455,0.07443470097935143,0,0,0,10.0,20.0,0.1,0.03,1.0,8.0,0.10715231352022492
v6_goalfocus,3,70,0.08679349425998577,0.09229288729722038,-0.42351327444720466,0.2762595896740916,0.1820085398150204,0.05113001071313643,0,0,0,10.0,20.0,0.1,0.03,1.0,8.0,0.11486353441972355
v6_goalfocus,3,71,0.08123089121026288,0.08679349425998577,-0.4090268093133993,0.2763558241099473,0.05840080466269337,0.030227325629021848,0,0,0,10.0,20.0,0.1,0.03,1.0,8.0,0.12149986909361041
v6_goalfocus,3,72,0.07564997067217126,0.08123089121026288,-0.3938768088904595,0.27468077933306767,-0.05351959533135231,0.011662182307714958,0,0,0,10.0,20.0,0.1,0.03,1.0,8.0,0.12713353433893748
v6_goalfocus,3,73,0.07009140670932883,0.07564997067217126,-0.3781634460804608,0.27140049145372774,-0.1541503613237467,-0.004656978703395875,0,0,0,10.0,20.0,0.1,0.03,1.0,8.0,0.13184098706048147
v6_goalfocus,3,74,0.06459176046475316,0.07009140670932883,-0.36197927304934596,0.2666807005658985,-0.24392794281780406,-0.018842524943215377,0,0,0,10.0,20.0,0.1,0.03,1.0,8.0,0.13570164461399511
v6_goalfocus,3,75,0.059183614601199024,0.06459176046475316,-0.3454089215383151,0.2606842242105931,-0.3233197589064436,-0.03102200811311919,0,0,0,10.0,20.0,0.1,0.03,1.0,8.0,0.1387972774014306
v6_goalfocus,3,76,0.05389573220581136,0.059183614601199024,-0.32852886411682364,0.2535690698362855,-0.3928172254119988,-0.04133322034563098,0,0,0,10.0,20.0,0.1,0.03,1.0,8.0,0.14121193586764788
v6_goalfocus,3,77,0.048753236713174025,0.05389573220581136,-0.31140718298690984,0.2454870810827225,-0.45292952627012983,-0.04991992419046983,0,0,0,10.0,20.0,0.1,0.03,1.0,8.0,0.14303238050831507
v6_goalfocus,3,78,0.04377781062003563,0.048753236713174025,-0.2941032960699702,0.23658297993065758,-0.5041780656690151,-0.056928232302866505,0,0,0,10.0,20.0,0.1,0.03,1.0,8.0,0.14434906798866512
v6_goalfocus,3,79,0.03898791249128598,0.04377781062003563,-0.2766675847825239,0.22699370863114698,-0.5470915386256923,-0.06250359984771142,0,0,0,10.0,20.0,0.1,0.03,1.0,8.0,0.14525783408752208
v6_goalfocus,3,80,0.034399014530169525,0.03898791249128598,-0.25914085382423535,0.2168480023360295,-0.5822015609257087,-0.06678838362457007,0,0,0,10.0,20.0,0.1,0.03,1.0,8.0,0.14586252632738395
v6_goalfocus,3,81,0.03002386794748945,0.034399014530169525,-0.24155352800604155,0.206266141387855,-0.610038803890828,-0.06991991625497096,0,0,0,10.0,20.0,0.1,0.03,1.0,8.0,0.1462789979430671
v6_goalfocus,3,82,0.025872813100196068,0.03002386794748945,-0.2239244499738069,0.1953598446856463,-0.6311295846499818,-0.07202904085502101,0,0,0,10.0,20.0,0.1,0.03,1.0,8.0,0.1466410979853856
v6_goalfocus,3,83,0.02195417217409615,0.025872813100196068,-0.20625907919797037,0.1842322744233628,-0.6459928679957563,-0.07323905089116348,0,0,0,10.0,20.0,0.1,0.03,1.0,8.0,0.14710955098624967
v6_goalfocus,3,84,0.018274810697564498,0.02195417217409615,-0.18854680325327017,0.17297812901026346,-0.655137641169087,-0.07366498088942919,0,0,0,10.0,20.0,0.1,0.03,1.0,8.0,0.14788463246327505
v6_goalfocus,3,85,0.014841078912274897,0.018274810697564498,-0.17075698178238552,0.16168380587776268,-0.6590606277956286,-0.07341319591193811,0,0,0,10.0,20.0,0.1,0.03,1.0,8.0,0.14922181158110945
v6_goalfocus,3,86,0.011660704501951797,0.014841078912274897,-0.15283342640424818,0.15042761963759893,-0.658244311559513,-0.07258123086449977,0,0,0,10.0,20.0,0.1,0.03,1.0,8.0,0.1514384747172747
v6_goalfocus,3,87,0.008747412780722913,0.011660704501951797,-0.1346882084524933,0.13928006400299991,-0.6531552439744431,-0.07125783445702394,0,0,0,10.0,20.0,0.1,0.03,1.0,8.0,0.1548383586374549
v6_goalfocus,3,88,0.006134881639800559,0.008747412780722913,-0.11620302355921124,0.1283041082454635,-0.6442426137850346,-0.06952317676065108,0,0,0,10.0,20.0,0.1,0.03,1.0,8.0,0.15910933712585482
v6_goalfocus,3,89,0.00393033582980502,0.006134881639800559,-0.09729077771532099,0.11755552090972296,-0.6319370581275945,-0.06744918359982219,0,0,0,10.0,20.0,0.1,0.03,1.0,8.0,0.15911237100774867
v6_goalfocus,3,90,0.002541586917408497,0.00393033582980502,-0.07837827844630299,0.10708321520178263,-0.6166496976491096,-0.06509996533346259,0,0,0,10.0,20.0,0.1,0.03,1.0,8.0,0.11713014523062895
v6_goalfocus,3,91,0.0027538165009405114,0.002541586917408497,-0.06366406237681792,0.09692961206146149,-0.5987713793928963,-0.06253231180418167,0,1,0,10.0,20.0,0.1,0.03,1.0,8.0,0.9573933335203861
v6_goalfocus,3,92,0.004015701987666499,0.0027538165009405114,-0.06492359640773306,0.08713101864357575,-0.5786721124809177,-0.05979622928355702,0,1,0,10.0,20.0,0.1,0.03,1.0,8.0,0.8582416820913964
v6_goalfocus,3,93,0.005456873768025095,0.004015701987666499,-0.07609837058295967,0.07771802209717298,-0.5567006825311236,-0.05693549905465569,0,1,0,10.0,20.0,0.1,0.03,1.0,8.0,0.8599806032603359
v6_goalfocus,3,94,0.006825956614446571,0.005456873768025095,-0.0870993316403605,0.06871590176595112,-0.5331844314134508,-0.053988240810141884,0,1,0,10.0,20.0,0.1,0.03,1.0,8.0,0.8778153964772644
v6_goalfocus,3,95,0.008060399982390937,0.006825956614446571,-0.09631689449148392,0.06014506848164289,-0.508429189435142,-0.050987467279293805,0,1,0,10.0,20.0,0.1,0.03,1.0,8.0,0.8946144136980216
v6_goalfocus,3,96,0.009144086748157467,0.008060399982390937,-0.10385463718429898,0.052021550218262595,-0.4827193474109053,-0.04796161941689997,0,1,0,10.0,20.0,0.1,0.03,1.0,8.0,0.908829417540692
v6_goalfocus,3,97,0.010075527872426524,0.009144086748157467,-0.10997096006058821,0.04435756547803579,-0.45631805636440304,-0.04493507408698844,0,1,0,10.0,20.0,0.1,0.03,1.0,8.0,0.92082089638869
v6_goalfocus,3,98,0.010858928137129187,0.010075527872426524,-0.11488821340506468,0.03716227595300375,-0.4294675428629047,-0.04192861845876737,0,1,0,10.0,20.0,0.1,0.03,1.0,8.0,0.9310629489949309
v6_goalfocus,3,99,0.01150105362624778,0.010858928137129187,-0.1187813366293859,0.030442934941636423,-0.4023895282370954,-0.03895988730864177,0,1,0,10.0,20.0,0.1,0.03,1.0,8.0,0.9399251338112785
v6_goalfocus,3,100,0.012009923946953532,0.01150105362624778,-0.12178831251324164,0.024206995368745248,-0.37528574020545735,-0.036043761106291025,0,1,1,10.0,20.0,0.1,0.03,1.0,8.0,50.947674462931744
